AccelerometerX,AccelerometerY,AccelerometerZ,Subject
-760,-1603,3961,1
-634,-1642,3943,1
-420,-1389,3805,1
-838,-1586,1691,1
-137,-1731,5919,1
1613,-388,4140,1
-788,-1288,3694,1
-497,-1303,3749,1
-526,-1196,3962,1
-238,-1132,4080,1
-458,-1206,4015,1
-427,-1038,4051,1
-418,-1002,4132,1
-226,-812,4301,1
-170,-1032,3805,1
-163,-1351,4109,1
70,-1262,4077,1
-78,-1177,4028,1
-171,-1585,3713,1
-46,-1377,3599,1
-193,-1583,3415,1
-279,-1688,3470,1
491,-1202,2662,1
-121,-1599,3823,1
347,-1414,4467,1
186,-2108,3962,1
287,-1697,3826,1
123,-1929,4074,1
325,-1721,3605,1
417,-1660,3718,1
691,-1394,3981,1
511,-1609,4369,1
505,-1512,4489,1
301,-1549,3860,1
606,-1193,3792,1
750,-1116,3609,1
620,-1422,3418,1
759,-1482,3498,1
565,-1413,3949,1
969,-1425,3745,1
978,-1303,3739,1
965,-884,3599,1
602,-1298,3732,1
757,-955,3623,1
1019,-183,3679,1
195,576,3767,1
1693,-444,3902,1
1700,-908,5038,1
-1324,-89,4732,1
201,-702,4214,1
-327,-1095,3242,1
254,-283,4286,1
-1380,-351,4443,1
-1236,-1666,3849,1
-1011,-1602,3125,1
-625,-1726,3458,1
-882,-1296,3847,1
-1266,-1010,3935,1
-1631,-1000,4055,1
-1196,-1216,4169,1
-1085,-1504,3576,1
-941,-1680,3525,1
-945,-975,3753,1
-1412,-346,3981,1
-468,-494,4082,1
34,-790,4378,1
-216,-1407,4421,1
-574,-1281,3989,1
-361,-979,4317,1
355,-726,4517,1
-15,-1029,4222,1
-158,-990,4139,1
-195,-974,4125,1
-724,-995,3821,1
-1082,-1017,3587,1
-1207,-1206,3420,1
-1176,-1267,3751,1
-1072,-1456,3845,1
-838,-2304,3543,1
-1256,-831,3834,1
-947,-1425,3470,1
-980,-1207,3415,1
-1023,-1210,3550,1
-1160,-1269,3550,1
-1207,-1252,4025,1
-1350,-1287,3853,1
-1400,-1217,3779,1
-1557,-1144,3954,1
-1554,-1128,4291,1
-1367,-1062,4228,1
-1325,-951,3835,1
-1172,-862,3634,1
-1190,-877,3551,1
-1257,-961,3577,1
-1316,-953,3884,1
-1350,-890,3929,1
-1394,-867,3899,1
-1313,-796,3840,1
-1148,-810,3886,1
-1003,-808,3984,1
-862,-807,3992,1
-879,-822,3951,1
-916,-861,4107,1
-992,-896,4191,1
-1051,-976,4236,1
-1113,-937,4161,1
-1159,-970,4107,1
-1243,-967,3970,1
-1269,-962,3950,1
-1280,-970,3935,1
-1319,-922,3876,1
-1358,-912,3790,1
-1355,-884,3752,1
-1372,-915,3754,1
-1358,-955,3738,1
-1309,-980,3763,1
-1286,-979,3782,1
-1252,-998,3857,1
-1215,-981,3965,1
-1177,-940,4018,1
-1132,-910,4021,1
-1109,-879,3938,1
-1137,-862,3882,1
-1152,-841,3924,1
-1184,-868,4037,1
-1172,-888,4149,1
-1206,-897,4097,1
-1196,-857,4074,1
-1145,-856,4097,1
-1103,-848,4031,1
-1128,-884,3948,1
-1137,-905,3928,1
-1151,-896,3912,1
-1217,-904,3885,1
-1223,-893,3887,1
-1210,-900,3894,1
-1228,-872,3912,1
-1221,-853,3941,1
-1216,-844,3914,1
-1184,-835,3875,1
-1102,-837,3906,1
-1114,-854,3996,1
-1118,-861,4064,1
-1099,-853,4008,1
-1179,-857,3941,1
-1216,-885,3891,1
-1231,-887,3898,1
-1227,-879,3879,1
-1226,-863,3862,1
-1210,-851,3885,1
-1143,-850,3922,1
-1113,-882,3965,1
-1115,-853,4004,1
-1117,-844,3972,1
-1105,-843,3886,1
-1122,-841,3908,1
-1086,-842,3888,1
-1122,-888,3921,1
-1147,-910,3887,1
-1136,-896,3922,1
-1118,-897,3970,1
-1087,-885,3987,1
-1061,-881,3979,1
-1059,-863,3967,1
-1033,-873,3967,1
-1057,-852,3975,1
-1050,-861,3959,1
-1064,-858,3909,1
-1079,-885,3922,1
-1104,-886,3940,1
-1129,-913,3983,1
-1092,-894,3971,1
-1057,-884,3996,1
-1075,-882,4048,1
-1087,-884,4030,1
-1084,-895,4019,1
-1074,-891,4026,1
-1033,-893,4001,1
-1000,-897,4006,1
-1067,-892,3916,1
-1062,-895,3912,1
-1058,-899,3923,1
-1080,-913,3914,1
-1108,-940,3951,1
-1064,-918,3950,1
-1057,-904,3912,1
-1045,-897,3899,1
-1033,-931,3889,1
-1028,-939,3963,1
-1036,-914,3967,1
-1029,-925,3962,1
-1022,-937,3978,1
-976,-916,3992,1
-976,-912,3931,1
-966,-912,3922,1
-990,-925,3965,1
-1025,-930,3969,1
-1034,-933,3983,1
-1054,-932,3958,1
-1031,-917,3930,1
-1000,-930,3933,1
-1008,-955,3936,1
-1001,-949,3982,1
-984,-925,3962,1
-1024,-920,3995,1
-1049,-936,3973,1
-1052,-941,3973,1
-1063,-954,3976,1
-1049,-950,4016,1
-1028,-957,3988,1
-1037,-967,4011,1
-1028,-952,3985,1
-1010,-976,3989,1
-1036,-978,3981,1
-1005,-976,3978,1
-981,-963,3919,1
-959,-948,3954,1
-1000,-949,3980,1
-981,-982,4106,1
-1003,-928,4283,1
-857,-789,4470,1
-936,-904,4793,1
-1133,-886,5591,1
-1168,-975,6185,1
-967,-1108,6478,1
-402,-1074,7099,1
-756,-1262,6861,1
-768,-1337,6372,1
-1096,-1632,6192,1
-1098,-1751,5853,1
-1005,-1688,5764,1
-938,-1586,5327,1
-999,-1487,4484,1
-1016,-1355,3487,1
-1145,-1137,2893,1
-790,-395,1527,1
-508,-98,1386,1
-462,-55,1484,1
-499,-84,1807,1
-514,-193,1914,1
-530,-160,1736,1
-271,-60,1680,1
-145,-26,1643,1
-319,-139,1823,1
-282,-304,2014,1
-305,-368,2189,1
-328,-378,2147,1
-266,-234,1926,1
-156,-108,1643,1
-24,-192,1544,1
-115,-530,1725,1
-444,-757,2300,1
-431,-653,2690,1
-1255,-1131,3301,1
-2069,-1602,4371,1
-1937,-1423,4944,1
-1811,-1581,4811,1
-2004,-1519,5032,1
-2705,-1906,6056,1
-2726,-1845,6323,1
-2678,-1672,6269,1
-2450,-1486,5799,1
-2269,-1361,5430,1
-2411,-1453,5448,1
-2348,-1293,5508,1
-2068,-1191,5202,1
-1877,-1107,4778,1
-1794,-1053,4565,1
-1708,-1055,4405,1
-1594,-1038,4191,1
-1490,-1023,4097,1
-1443,-1067,3807,1
-1527,-1136,3720,1
-1478,-1144,3760,1
-1421,-1163,3827,1
-1398,-1160,3805,1
-1342,-1146,3734,1
-1320,-1157,3747,1
-1319,-1137,3787,1
-1301,-1149,3766,1
-1280,-1136,3696,1
-1287,-1084,3723,1
-1347,-1095,3770,1
-1368,-1103,3823,1
-1381,-1112,3858,1
-1326,-1055,3914,1
-1346,-1064,3879,1
-1356,-1062,3844,1
-1412,-1074,3905,1
-1397,-1069,3990,1
-1314,-1003,3877,1
-1322,-1052,3905,1
-1321,-1045,3934,1
-1323,-1051,3931,1
-1353,-1036,3890,1
-1379,-1061,3910,1
-1343,-1031,3904,1
-1364,-1036,3896,1
-1326,-1023,3907,1
-1300,-1015,3876,1
-1266,-1012,3834,1
-1285,-1023,3870,1
-1260,-1023,3853,1
-1255,-1018,3862,1
-1244,-1043,3843,1
-1293,-1024,3849,1
-1332,-1036,3885,1
-1362,-1038,3973,1
-1443,-1076,4037,1
-1533,-1093,4053,1
-1589,-1095,4064,1
-1628,-1087,4010,1
-1688,-1108,3966,1
-1673,-1073,3946,1
-1673,-1079,3864,1
-1617,-1081,3905,1
-1571,-1086,3848,1
-1547,-999,3683,1
-1571,-1018,3452,1
-1585,-1022,3244,1
-1619,-1016,3299,1
-1400,-937,3388,1
-1167,-839,3600,1
-1048,-768,3712,1
-1004,-753,3816,1
-1087,-779,3887,1
-1001,-715,3977,1
-908,-761,3998,1
-659,-669,4147,1
-757,-813,4160,1
-802,-818,4096,1
-643,-761,4194,1
-756,-829,4213,1
-814,-847,4157,1
-712,-826,4191,1
-754,-814,4224,1
-799,-834,4177,1
-820,-810,4106,1
-840,-851,4101,1
-811,-774,4099,1
-801,-754,4112,1
-653,-707,4104,1
-693,-728,4069,1
-697,-710,4076,1
-769,-750,4005,1
-709,-697,4009,1
-729,-679,3982,1
-720,-634,3994,1
-758,-694,3976,1
-775,-712,4063,1
-831,-719,4053,1
-832,-720,4012,1
-867,-744,3988,1
-814,-728,3945,1
-813,-720,3999,1
-718,-718,4052,1
-731,-723,4055,1
-777,-730,4055,1
-768,-734,4042,1
-798,-757,4051,1
-835,-752,4002,1
-877,-771,3970,1
-904,-791,4039,1
-882,-785,4064,1
-860,-779,4083,1
-807,-783,4005,1
-825,-775,4000,1
-806,-757,3985,1
-824,-763,4002,1
-832,-782,3978,1
-851,-772,4051,1
-851,-790,4006,1
-884,-806,4041,1
-901,-813,4072,1
-940,-818,4053,1
-902,-819,3991,1
-937,-824,3951,1
-933,-795,3980,1
-926,-800,3982,1
-940,-796,3995,1
-912,-775,3979,1
-954,-812,4012,1
-1006,-827,4051,1
-978,-823,4061,1
-966,-802,4040,1
-966,-827,4052,1
-970,-819,4020,1
-946,-843,4006,1
-963,-848,4018,1
-931,-865,4041,1
-919,-845,3982,1
-920,-836,3969,1
-909,-838,3961,1
-887,-819,3953,1
-910,-842,4006,1
-925,-839,4010,1
-932,-827,4011,1
-931,-856,4006,1
-926,-828,4016,1
-910,-857,3960,1
-938,-851,3947,1
-905,-856,3952,1
-915,-857,3998,1
-926,-859,3975,1
-912,-831,3991,1
-905,-840,3949,1
-919,-850,3968,1
-935,-857,4016,1
-917,-832,4037,1
-927,-844,4024,1
-895,-811,4014,1
-918,-841,4022,1
-926,-826,4010,1
-934,-852,4022,1
-893,-834,4016,1
-909,-841,4025,1
-913,-834,4030,1
-899,-848,4055,1
-890,-826,4011,1
-908,-847,3987,1
-913,-863,3959,1
-899,-855,4031,1
-908,-872,4071,1
-891,-883,4075,1
-882,-860,4103,1
-854,-856,4177,1
-831,-839,4381,1
-858,-827,4796,1
-758,-726,5195,1
-829,-748,5695,1
-936,-585,6354,1
-1232,-649,7324,1
-1530,-755,8311,1
-1550,-800,8635,1
-1284,-640,7755,1
-1014,-519,6595,1
-883,-871,4411,1
-714,-996,3884,1
-525,-942,3504,1
-640,-779,3219,1
-679,-780,2352,1
-927,-887,1522,1
-1003,-677,795,1
-1080,-596,291,1
-664,-254,476,1
-764,-249,904,1
-709,-307,1350,1
-592,-318,1298,1
-402,-283,1092,1
-189,-219,1214,1
-161,-150,1497,1
-234,-45,1794,1
-152,-26,1951,1
-66,-46,1910,1
3,-143,1931,1
-371,-370,2891,1
-413,-132,2506,1
-491,-396,2459,1
-663,-648,2786,1
-1067,-871,3774,1
-1619,-1050,4363,1
-1539,-563,3881,1
-2021,-1166,3491,1
-2277,-1429,4444,1
-1796,-852,5826,1
-1701,-830,5130,1
-2013,-1100,5422,1
-2570,-1350,6478,1
-2626,-1063,6634,1
-2411,-809,5890,1
-2500,-772,5732,1
-2417,-770,5849,1
-2171,-638,5557,1
-1760,-605,4676,1
-1681,-667,4327,1
-1664,-817,4148,1
-1604,-916,4181,1
-1353,-844,4101,1
-1286,-897,3948,1
-1308,-972,3905,1
-1336,-993,3874,1
-1353,-1074,3915,1
-1342,-1075,3986,1
-1225,-995,3840,1
-1238,-1023,3865,1
-1184,-1008,3833,1
-1238,-1032,3793,1
-1230,-1010,3781,1
-1259,-1021,3842,1
-1230,-995,3802,1
-1228,-987,3871,1
-1312,-993,3992,1
-1323,-970,3964,1
-1369,-981,3922,1
-1373,-993,3906,1
-1354,-948,3900,1
-1321,-933,3896,1
-1276,-939,3875,1
-1247,-901,3876,1
-1291,-951,3876,1
-1288,-973,3953,1
-1275,-933,3965,1
-1243,-918,3916,1
-1214,-922,3929,1
-1229,-934,3917,1
-1290,-941,3921,1
-1266,-947,3915,1
-1248,-911,3905,1
-1237,-943,3926,1
-1220,-938,3906,1
-1221,-963,3948,1
-1229,-972,3974,1
-1241,-962,3971,1
-1232,-967,3936,1
-1219,-956,3919,1
-1230,-936,3925,1
-1212,-937,3896,1
-1164,-952,3891,1
-1153,-949,3908,1
-1192,-960,3954,1
-1217,-965,3965,1
-1224,-939,3944,1
-1215,-925,3917,1
-1180,-914,3905,1
-1225,-936,3930,1
-1211,-923,3936,1
-1210,-947,3914,1
-1201,-957,3920,1
-1234,-940,3932,1
-1179,-928,3924,1
-1165,-919,3901,1
-1189,-930,3910,1
-1213,-920,3920,1
-1195,-910,3924,1
-1181,-919,3928,1
-1195,-912,3923,1
-1185,-910,3946,1
-1205,-924,3926,1
-1256,-905,3910,1
-1231,-920,3948,1
-1263,-926,3954,1
-1253,-927,3936,1
-1273,-928,3950,1
-1297,-937,3949,1
-1352,-960,3910,1
-1416,-981,3878,1
-1504,-1028,3907,1
-1417,-979,3914,1
-1437,-958,3927,1
-1385,-951,3950,1
-1361,-936,3908,1
-1370,-932,3845,1
-1421,-942,3829,1
-1428,-855,3899,1
-1556,-892,4039,1
-1573,-898,4063,1
-1587,-879,4067,1
-1623,-842,4122,1
-1586,-811,4192,1
-1534,-820,4094,1
-1460,-741,4050,1
-1444,-755,4002,1
-1356,-699,3817,1
-1423,-767,3886,1
-1407,-800,3864,1
-998,-576,3794,1
-1042,-613,3622,1
-1133,-720,3762,1
-1022,-714,3938,1
-806,-582,4062,1
-783,-653,3953,1
-1013,-740,3792,1
-1139,-861,3924,1
-918,-754,4221,1
-666,-683,4132,1
-623,-653,4023,1
-678,-676,3857,1
-713,-723,3864,1
-714,-734,3955,1
-577,-708,3966,1
-569,-692,3853,1
-592,-712,3919,1
-666,-752,4022,1
-762,-782,4053,1
-911,-809,4026,1
-983,-835,4044,1
-1106,-858,4044,1
-1149,-839,4061,1
-1193,-857,4049,1
-1148,-826,4034,1
-1149,-803,4024,1
-1125,-796,3994,1
-1139,-802,3951,1
-1161,-806,3990,1
-1161,-815,3974,1
-1190,-830,3988,1
-1198,-835,3962,1
-1145,-834,3930,1
-1144,-845,3926,1
-1147,-819,3906,1
-1155,-853,3949,1
-1187,-858,3966,1
-1149,-853,3968,1
-1115,-862,3940,1
-1111,-835,3943,1
-1120,-856,3953,1
-1156,-861,3950,1
-1131,-868,3944,1
-1069,-863,3930,1
-1087,-846,3927,1
-1107,-863,3958,1
-1123,-860,3931,1
-1132,-856,3905,1
-1145,-852,3943,1
-1142,-881,3972,1
-1113,-882,3930,1
-1122,-857,3965,1
-1123,-847,3974,1
-1131,-863,3981,1
-1135,-894,3996,1
-1140,-878,3950,1
-1106,-850,3938,1
-1108,-855,3974,1
-1099,-858,4018,1
-1114,-878,4015,1
-1072,-874,4052,1
-1098,-901,4004,1
-1104,-915,3994,1
-1103,-902,4044,1
-1008,-885,4134,1
-904,-825,4246,1
-940,-797,4394,1
-1056,-827,4718,1
-1027,-822,5425,1
-1162,-784,6137,1
-1312,-714,6750,1
-1676,-884,7304,1
-2154,-1068,7473,1
-1527,-1151,5995,1
-1307,-1094,5009,1
-945,-932,4062,1
-763,-758,3144,1
-780,-658,2526,1
-764,-569,2409,1
-618,-269,2511,1
-779,-150,2139,1
-808,-33,1526,1
-797,-18,1339,1
-491,184,1535,1
-444,58,1945,1
-396,-17,2156,1
-425,-86,1863,1
-583,-186,1620,1
-716,-167,1706,1
-775,-131,1759,1
-636,-47,1822,1
-146,26,1213,1
-2,-88,1158,1
-227,-131,1388,1
-207,-73,1699,1
-138,-157,1623,1
-482,-520,1419,1
-1412,-1013,1894,1
-2377,-1343,2887,1
-2361,-1022,3565,1
-1880,-870,3311,1
-1805,-1002,3245,1
-2846,-1951,5007,1
-3698,-2293,7616,1
-2889,-1551,7744,1
-2319,-1324,6704,1
-2621,-1478,6462,1
-2739,-1276,6912,1
-2448,-1075,6961,1
-2074,-907,6370,1
-1755,-872,5077,1
-1599,-901,4672,1
-1505,-959,4385,1
-1380,-954,4107,1
-1452,-1081,3957,1
-1548,-1279,3994,1
-1428,-1265,3880,1
-1343,-1222,3787,1
-1385,-1264,3724,1
-1425,-1277,3689,1
-1432,-1273,3670,1
-1429,-1283,3669,1
-1401,-1248,3682,1
-1392,-1252,3677,1
-1338,-1206,3690,1
-1378,-1246,3783,1
-1388,-1221,3760,1
-1356,-1207,3759,1
-1371,-1210,3815,1
-1416,-1194,3840,1
-1421,-1193,3875,1
-1411,-1174,3852,1
-1350,-1175,3875,1
-1293,-1122,3913,1
-1290,-1140,3848,1
-1357,-1187,3819,1
-1392,-1178,3882,1
-1397,-1143,3875,1
-1330,-1156,3902,1
-1376,-1164,3894,1
-1368,-1161,3904,1
-1391,-1171,3880,1
-1415,-1185,3882,1
-1381,-1153,3824,1
-1354,-1179,3873,1
-1329,-1144,3842,1
-1330,-1165,3847,1
-1324,-1153,3823,1
-1315,-1155,3852,1
-1316,-1133,3835,1
-1343,-1169,3854,1
-1372,-1168,3852,1
-1340,-1176,3823,1
-1323,-1160,3867,1
-1313,-1151,3833,1
-1307,-1147,3829,1
-1302,-1150,3826,1
-1287,-1115,3833,1
-1334,-1137,3864,1
-1342,-1142,3868,1
-1313,-1135,3848,1
-1304,-1112,3856,1
-1301,-1114,3883,1
-1302,-1113,3840,1
-1324,-1126,3877,1
-1305,-1108,3886,1
-1324,-1125,3896,1
-1325,-1083,3889,1
-1309,-1088,3877,1
-1331,-1083,3858,1
-1356,-1117,3891,1
-1345,-1098,3903,1
-1317,-1113,3905,1
-1300,-1092,3828,1
-1321,-1127,3849,1
-1327,-1106,3885,1
-1342,-1090,3852,1
-1337,-1099,3846,1
-1350,-1065,3873,1
-1414,-1098,3934,1
-1461,-1103,3924,1
-1513,-1118,3912,1
-1607,-1118,3936,1
-1762,-1184,4018,1
-1741,-1086,3902,1
-1702,-1045,3885,1
-1614,-997,3916,1
-1522,-948,3894,1
-1414,-893,3909,1
-1401,-870,3915,1
-1368,-872,3907,1
-1339,-863,3956,1
-1303,-842,3937,1
-1339,-834,3940,1
-1327,-805,3903,1
-1313,-758,3908,1
-1343,-811,3929,1
-1376,-873,3965,1
-1444,-848,3950,1
-1379,-791,3899,1
-1307,-738,3873,1
-1246,-717,3971,1
-1189,-702,3946,1
-1169,-670,3833,1
-1116,-612,3855,1
-1169,-715,3962,1
-1187,-728,4036,1
-1108,-701,3935,1
-1067,-620,3914,1
-1129,-669,3904,1
-1221,-701,3977,1
-1190,-676,4057,1
-1103,-605,3986,1
-1168,-648,3948,1
-1231,-661,3864,1
-1182,-672,3903,1
-1231,-711,4011,1
-1180,-696,3874,1
-1177,-725,3860,1
-1186,-708,3880,1
-1037,-691,4011,1
-997,-664,3944,1
-969,-642,3903,1
-940,-661,3940,1
-957,-651,3971,1
-933,-628,4002,1
-959,-654,3966,1
-991,-674,3966,1
-1017,-673,3996,1
-1060,-698,3990,1
-1078,-674,3951,1
-1068,-705,3994,1
-1108,-711,3982,1
-1126,-702,3999,1
-1175,-715,3969,1
-1173,-707,3963,1
-1202,-699,4014,1
-1188,-713,3982,1
-1194,-711,3980,1
-1234,-710,3953,1
-1207,-693,3916,1
-1202,-710,3944,1
-1185,-706,3962,1
-1202,-734,3947,1
-1210,-724,3888,1
-1213,-736,3908,1
-1202,-750,4005,1
-1201,-746,3974,1
-1187,-750,3991,1
-1167,-747,4001,1
-1156,-744,3988,1
-1154,-732,4004,1
-1163,-742,3986,1
-1143,-745,3984,1
-1160,-732,3987,1
-1153,-738,4011,1
-1125,-713,3958,1
-1133,-728,3953,1
-1156,-760,3977,1
-1161,-767,3984,1
-1146,-733,3969,1
-1149,-741,3999,1
-1141,-742,4019,1
-1110,-757,3934,1
-1102,-771,3897,1
-1101,-753,3931,1
-1117,-763,3955,1
-1109,-767,3960,1
-1114,-776,3880,1
-1101,-790,3907,1
-1102,-796,3884,1
-1078,-785,3859,1
-1066,-808,3908,1
-1099,-810,3898,1
-1112,-783,3888,1
-1110,-805,3934,1
-1132,-827,4029,1
-1144,-837,4051,1
-1110,-816,4046,1
-1088,-785,4017,1
-1077,-806,4025,1
-1089,-803,4044,1
-1113,-824,4069,1
-1115,-796,4162,1
-1073,-773,4250,1
-1009,-769,4440,1
-977,-674,4797,1
-1246,-715,5335,1
-1453,-689,6398,1
-1727,-558,7809,1
-2174,-588,8608,1
-2453,-648,8878,1
-2006,-542,8089,1
-1450,-460,6827,1
-880,-1069,5145,1
-724,-1153,5108,1
-758,-1201,3919,1
-906,-1011,2656,1
-763,-664,1987,1
-487,-454,2207,1
-604,-619,2483,1
-549,-690,2526,1
-467,-572,2023,1
-382,-352,1471,1
-224,-200,1061,1
-287,-153,460,1
-429,-152,216,1
-223,-2,263,1
62,240,436,1
155,131,425,1
31,-90,453,1
88,-112,623,1
304,52,770,1
8,-113,1378,1
120,-357,1952,1
-23,-675,2593,1
-366,-643,3311,1
-1014,-670,3627,1
-1263,-685,3598,1
-1160,-689,3692,1
-2165,-933,4619,1
-2821,-1389,5663,1
-3068,-1297,6430,1
-2849,-993,6841,1
-2847,-1122,7801,1
-2611,-772,7731,1
-2422,-408,6944,1
-2152,-387,6488,1
-2069,-295,5982,1
-1975,-416,5590,1
-1506,-393,4378,1
-1421,-379,4162,1
-1356,-479,3888,1
-1325,-631,3797,1
-1190,-620,3826,1
-1115,-709,4022,1
-1099,-747,4026,1
-1139,-802,3991,1
-1102,-801,3995,1
-1100,-793,3972,1
-1090,-790,3956,1
-1130,-825,3984,1
-1140,-784,4045,1
-1188,-832,4085,1
-1228,-805,4017,1
-1229,-793,4021,1
-1189,-788,3931,1
-1190,-768,3974,1
-1161,-802,3986,1
-1162,-808,4053,1
-1157,-816,4018,1
-1141,-803,4025,1
-1116,-807,3987,1
-1112,-810,3951,1
-1140,-831,3929,1
-1114,-796,3960,1
-1089,-814,3967,1
-1071,-826,3965,1
-1106,-830,3935,1
-1127,-846,3919,1
-1150,-849,3946,1
-1117,-810,3947,1
-1131,-818,3927,1
-1132,-808,3953,1
-1095,-818,3992,1
-1077,-784,3953,1
-1113,-800,3915,1
-1093,-833,4016,1
-1087,-810,3993,1
-1118,-811,3979,1
-1156,-819,3976,1
-1132,-808,3983,1
-1097,-807,3985,1
-1069,-796,3981,1
-1068,-791,3960,1
-1084,-808,3982,1
-1086,-804,3970,1
-1078,-810,3978,1
-1072,-802,3991,1
-1088,-835,4017,1
-1107,-836,4041,1
-1095,-810,3976,1
-1113,-796,3963,1
-1138,-813,3962,1
-1114,-804,3996,1
-1142,-798,3950,1
-1139,-802,3978,1
-1120,-798,4001,1
-1105,-821,3978,1
-1111,-801,3961,1
-1093,-812,3917,1
-1074,-789,3959,1
-1065,-771,3949,1
-1080,-785,3955,1
-1085,-797,3966,1
-1045,-770,3969,1
-1037,-765,3967,1
-1054,-783,3996,1
-1116,-784,4020,1
-1179,-803,4025,1
-1237,-783,4082,1
-1274,-764,4079,1
-1369,-757,4146,1
-1430,-742,4148,1
-1561,-757,4010,1
-1480,-731,3981,1
-1408,-679,3910,1
-1331,-694,3923,1
-1323,-710,3991,1
-1334,-617,3952,1
-1426,-653,3971,1
-1430,-633,3901,1
-1278,-574,3924,1
-1206,-533,3955,1
-1303,-593,3944,1
-1417,-604,3885,1
-1421,-556,3849,1
-1346,-582,3904,1
-1149,-481,3966,1
-1020,-424,3960,1
-993,-384,3906,1
-1056,-435,3855,1
-1182,-543,4033,1
-938,-406,3962,1
-930,-418,3951,1
-1051,-470,3878,1
-1022,-466,3854,1
-1029,-497,3938,1
-1206,-605,4056,1
-1232,-593,3892,1
-1132,-569,3876,1
-999,-521,3956,1
-884,-474,3967,1
-937,-561,4103,1
-906,-567,4026,1
-908,-532,3992,1
-893,-484,3993,1
-858,-448,4013,1
-780,-452,4099,1
-735,-443,4110,1
-808,-458,4056,1
-1148,-568,4037,1
-1134,-577,4058,1
-1104,-549,4104,1
-1082,-536,4124,1
-1165,-562,4123,1
-1230,-571,4052,1
-1279,-585,3942,1
-1338,-641,3932,1
-1399,-668,3900,1
-1350,-645,3907,1
-1344,-653,3914,1
-1326,-632,3872,1
-1342,-680,3874,1
-1339,-666,3897,1
-1304,-668,3937,1
-1290,-623,3917,1
-1215,-628,3951,1
-1246,-587,3967,1
-1237,-584,3930,1
-1240,-604,3946,1
-1297,-620,3998,1
-1256,-613,4012,1
-1276,-593,3978,1
-1287,-606,3968,1
-1307,-605,3976,1
-1300,-607,3968,1
-1336,-617,3976,1
-1337,-615,3997,1
-1334,-619,4047,1
-1320,-613,4016,1
-1313,-603,3983,1
-1307,-595,3966,1
-1279,-614,3956,1
-1275,-606,3972,1
-1264,-600,3990,1
-1269,-598,3935,1
-1290,-606,3950,1
-1286,-614,3985,1
-1234,-586,3942,1
-1227,-593,3914,1
-1221,-563,3961,1
-1237,-586,3964,1
-1256,-597,3930,1
-1261,-601,3953,1
-1253,-617,3951,1
-1216,-578,3947,1
-1232,-576,3927,1
-1229,-582,3963,1
-1251,-585,3981,1
-1223,-602,3959,1
-1213,-594,3993,1
-1221,-592,3916,1
-1246,-590,3981,1
-1231,-602,3973,1
-1234,-585,4010,1
-1208,-572,4010,1
-1226,-547,3988,1
-1237,-576,3986,1
-1247,-589,3979,1
-1263,-591,3992,1
-1231,-563,3946,1
-1239,-578,3989,1
-1217,-587,3978,1
-1246,-604,3975,1
-1221,-592,3955,1
-1198,-583,3976,1
-1260,-582,3993,1
-1245,-589,3971,1
-1240,-602,3964,1
-1250,-595,3997,1
-1203,-587,3995,1
-1208,-593,3970,1
-1213,-578,3952,1
-1210,-610,3967,1
-1209,-606,3983,1
-1198,-599,3950,1
-1209,-600,3973,1
-1184,-587,3973,1
-1216,-589,3974,1
-1221,-601,3957,1
-1232,-594,3959,1
-1223,-598,3981,1
-1252,-608,3956,1
-1237,-618,3972,1
-1205,-602,3991,1
-1233,-637,3959,1
-1233,-640,3932,1
-1201,-633,3973,1
-1197,-616,3966,1
-1210,-619,4009,1
-1205,-607,3981,1
-1187,-619,3967,1
-1209,-621,3969,1
-1205,-614,3978,1
-1210,-627,3990,1
-1229,-631,4013,1
-1243,-610,3974,1
-1229,-611,3968,1
-1236,-631,3978,1
-1220,-596,4002,1
-1193,-594,3982,1
-1186,-583,3989,1
-1209,-613,3991,1
-1257,-634,3980,1
-1244,-627,3975,1
-1226,-620,3982,1
-1228,-598,3997,1
-1165,-591,3990,1
-1165,-584,3978,1
-1194,-605,3978,1
-1226,-621,3979,1
-1215,-606,3992,1
-1199,-599,3977,1
-1141,-588,3949,1
-1174,-579,3933,1
-1204,-592,3955,1
-1210,-599,3946,1
-1178,-591,3975,1
-1174,-568,3930,1
-1203,-597,3995,1
-1231,-609,3962,1
-1222,-600,3947,1
-1194,-599,3938,1
-1195,-587,3967,1
-1184,-575,3981,1
-1194,-604,4002,1
-1218,-620,3972,1
-1228,-637,3970,1
-1196,-616,3990,1
-1184,-608,3991,1
-1206,-605,3947,1
-1210,-619,3990,1
-1205,-609,3972,1
-1187,-621,3976,1
-1185,-607,3979,1
-1187,-606,4002,1
-1212,-621,4002,1
-1222,-607,3994,1
-1207,-607,3970,1
-1203,-597,3995,1
-1198,-610,4006,1
-1195,-611,4012,1
-1193,-641,3987,1
-1180,-624,3994,1
-1204,-608,3974,1
-1209,-638,3975,1
-1184,-620,3953,1
-1194,-633,3999,1
-1197,-658,3957,1
-1181,-635,3941,1
-1190,-643,3928,1
-1182,-649,3975,1
-1183,-636,3971,1
-1157,-634,3981,1
-1163,-644,3940,1
-1153,-643,3958,1
-1157,-632,4003,1
-1166,-629,4019,1
-1161,-617,4016,1
-1141,-620,4019,1
-1158,-620,4040,1
-1104,-594,4139,1
-1087,-569,4255,1
-1050,-492,4420,1
-1672,-574,5461,1
-1748,-368,6393,1
-1868,-27,7771,1
-2167,72,8590,1
-2244,145,8938,1
-2164,-251,8698,1
-1740,-679,7462,1
-1419,-1335,5972,1
-1265,-1614,4435,1
-720,-1480,3387,1
-475,-1598,2844,1
-707,-1576,2863,1
-832,-1307,2229,1
-714,-820,1641,1
-711,-718,1235,1
-473,-354,1160,1
-257,-125,1424,1
-384,-109,1423,1
-312,-72,1763,1
84,192,2286,1
220,258,2702,1
-15,198,2907,1
162,169,3111,1
245,219,3233,1
385,184,3495,1
285,78,3770,1
511,195,3999,1
705,62,3733,1
713,215,3541,1
452,436,3572,1
189,297,3540,1
-53,284,3564,1
55,442,3304,1
-25,533,3106,1
-144,672,2994,1
-407,613,2906,1
-664,592,2944,1
-1317,494,3297,1
-1466,542,3182,1
-1740,452,3295,1
-1892,482,3493,1
-1817,497,3421,1
-1662,516,3252,1
-1765,360,3342,1
-1951,208,3677,1
-2000,154,3803,1
-1859,223,3660,1
-1833,255,3388,1
-2120,-51,3548,1
-2211,-139,3869,1
-1982,-91,3936,1
-1825,-45,3654,1
-2354,-342,3808,1
-2721,-484,4029,1
-2809,-487,4297,1
-2631,-356,4081,1
-2710,-593,4018,1
-2632,-443,4138,1
-2664,-615,4099,1
-2741,-691,4139,1
-2596,-654,4247,1
-2466,-574,4344,1
-2472,-587,4375,1
-2540,-626,4273,1
-2314,-506,4374,1
-2090,-464,4581,1
-2075,-497,4524,1
-2283,-613,4202,1
-2329,-697,3999,1
-1959,-576,4162,1
-1610,-460,4319,1
-1643,-480,4157,1
-1933,-633,3867,1
-2139,-825,3752,1
-1279,-552,4021,1
-1388,-673,3920,1
-1267,-710,3825,1
-784,-573,4005,1
-663,-590,4357,1
-626,-573,4364,1
-689,-625,4240,1
-694,-604,4184,1
-757,-599,4216,1
-878,-605,4204,1
-1013,-656,4124,1
-1082,-672,3970,1
-1121,-663,3978,1
-1190,-632,4075,1
-1248,-654,4041,1
-1353,-644,4010,1
-1376,-624,3993,1
-1424,-608,3990,1
-1298,-563,3890,1
-1334,-606,3926,1
-1365,-618,3940,1
-1446,-647,3970,1
-1496,-672,3964,1
-1454,-651,3970,1
-1434,-645,3949,1
-1412,-658,3960,1
-1395,-623,3896,1
-1423,-623,3896,1
-1411,-621,3937,1
-1393,-626,3922,1
-1368,-610,3966,1
-1381,-633,3933,1
-1358,-615,3953,1
-1347,-693,4029,1
-1322,-637,4004,1
-1325,-628,4017,1
-1325,-638,3978,1
-1364,-623,3976,1
-1350,-625,3974,1
-1335,-619,3952,1
-1282,-623,3928,1
-1269,-604,3935,1
-1258,-620,3931,1
-1287,-619,3944,1
-1297,-638,3966,1
-1295,-654,3913,1
-1319,-670,3920,1
-1349,-669,3932,1
-1328,-651,3957,1
-1331,-647,3917,1
-1331,-649,3911,1
-1312,-648,3949,1
-1319,-621,3939,1
-1311,-634,3902,1
-1312,-641,3882,1
-1288,-607,3940,1
-1326,-614,3944,1
-1313,-616,3947,1
-1335,-625,3949,1
-1338,-649,3971,1
-1323,-634,3944,1
-1330,-627,3979,1
-1304,-609,4008,1
-1319,-610,3978,1
-1336,-633,3938,1
-1365,-623,3944,1
-1360,-620,3951,1
-1355,-617,3971,1
-1297,-613,3953,1
-1294,-618,3961,1
-1296,-618,3957,1
-1316,-620,3956,1
-1337,-644,3998,1
-1340,-618,3958,1
-1316,-626,3945,1
-1274,-625,3930,1
-1315,-632,3916,1
-1316,-622,3918,1
-1312,-620,3942,1
-1311,-622,3968,1
-1311,-610,3975,1
-1338,-637,3998,1
-1324,-620,3996,1
-1318,-619,3986,1
-1286,-610,3920,1
-1286,-610,3887,1
-1319,-609,3932,1
-1335,-615,3965,1
-1349,-621,3966,1
-1355,-629,3945,1
-1342,-620,3942,1
-1323,-626,3960,1
-1320,-583,3927,1
-1330,-598,3924,1
-1333,-612,3918,1
-1338,-622,3950,1
-1302,-600,3940,1
-1272,-617,3952,1
-1272,-617,3960,1
-1271,-615,3989,1
-1283,-634,3983,1
-1299,-615,3985,1
-1274,-614,3958,1
-1278,-629,3973,1
-1279,-623,3987,1
-1296,-621,3968,1
-1289,-611,3942,1
-1259,-628,3948,1
-1250,-630,3944,1
-1290,-636,3949,1
-1288,-632,3947,1
-1290,-600,3997,1
-1313,-621,3943,1
-1296,-623,3941,1
-1306,-610,3997,1
-1294,-595,3951,1
-1289,-595,3960,1
-1293,-607,3976,1
-1296,-609,3973,1
-1292,-630,3988,1
-1272,-618,3973,1
-1287,-617,3976,1
-1285,-615,3975,1
-1257,-611,4014,1
-1241,-626,3976,1
-1269,-643,3986,1
-1257,-610,4024,1
-1301,-621,4105,1
-1336,-603,4263,1
-1575,-450,5434,1
-1887,-313,6350,1
-1899,-120,7001,1
-1700,54,7596,1
-1769,145,7725,1
-2303,-391,8194,1
-2303,-1008,8489,1
-1927,-1281,8150,1
-1365,-1467,6902,1
-1059,-1493,5206,1
-945,-1446,3213,1
-1087,-1125,971,1
-1043,-842,39,1
-509,-362,387,1
-592,-230,1042,1
-561,-349,1139,1
-271,-343,798,1
-379,-215,805,1
-319,-141,1412,1
116,-113,2694,1
300,101,2620,1
349,281,2692,1
198,389,3060,1
96,429,3580,1
181,395,3763,1
259,416,3786,1
55,376,3915,1
-231,293,4157,1
-309,257,4195,1
-333,318,4000,1
-326,413,3689,1
-372,637,3477,1
-539,713,3295,1
-587,685,3215,1
-556,628,3163,1
-591,595,3156,1
-1093,663,3041,1
-1154,515,2852,1
-1404,317,2889,1
-1831,76,3423,1
-1682,123,3820,1
-1430,182,3828,1
-1163,232,3602,1
-1454,34,3733,1
-1701,-59,4091,1
-1971,-91,4189,1
-1784,27,3859,1
-1839,-57,3503,1
-2186,-193,3584,1
-2460,-261,4068,1
-2490,-290,4125,1
-2456,-259,3733,1
-2579,-385,3544,1
-2693,-440,3941,1
-2328,-415,4109,1
-2469,-594,4116,1
-2452,-651,4273,1
-2191,-563,4497,1
-1921,-483,4427,1
-1784,-506,4448,1
-1804,-483,4369,1
-1811,-489,4308,1
-1746,-516,4354,1
-1712,-488,4468,1
-1766,-605,4474,1
-1748,-640,4538,1
-1692,-608,4538,1
-1783,-636,4400,1
-1887,-760,4214,1
-1689,-748,4174,1
-1353,-693,4317,1
-1171,-676,4369,1
-1182,-716,4275,1
-584,-579,4409,1
-700,-643,4272,1
-777,-669,4072,1
-779,-667,4138,1
-744,-628,4143,1
-829,-655,4147,1
-963,-692,4070,1
-1145,-711,3979,1
-1202,-704,3899,1
-1239,-726,3987,1
-1271,-689,3989,1
-1340,-673,3950,1
-1327,-649,3920,1
-1318,-656,3946,1
-1354,-660,3917,1
-1439,-678,3918,1
-1488,-679,3947,1
-1518,-683,3925,1
-1450,-673,3884,1
-1448,-678,3867,1
-1450,-689,3918,1
-1442,-685,3952,1
-1415,-674,3936,1
-1398,-711,3939,1
-1401,-700,3912,1
-1387,-678,3937,1
-1379,-664,3964,1
-1383,-683,3934,1
-1381,-689,3926,1
-1377,-659,3929,1
-1336,-677,3915,1
-1340,-684,3916,1
-1338,-677,3941,1
-1336,-679,3954,1
-1304,-666,3948,1
-1303,-666,3940,1
-1303,-698,3929,1
-1325,-681,3962,1
-1311,-686,3958,1
-1311,-678,3908,1
-1338,-709,3896,1
-1342,-698,3921,1
-1319,-678,3924,1
-1345,-707,3980,1
-1322,-666,3944,1
-1339,-683,3942,1
-1322,-674,3953,1
-1343,-702,3960,1
-1328,-683,3928,1
-1330,-671,3930,1
-1306,-665,3905,1
-1301,-671,3907,1
-1347,-692,3914,1
-1332,-687,3932,1
-1341,-683,3903,1
-1333,-694,3968,1
-1334,-670,3950,1
-1342,-680,3943,1
-1342,-681,3953,1
-1379,-703,3936,1
-1357,-704,3941,1
-1348,-685,3936,1
-1332,-671,3924,1
-1310,-691,3913,1
-1347,-678,3932,1
-1320,-686,3916,1
-1322,-695,3930,1
-1342,-678,3958,1
-1344,-690,3956,1
-1356,-691,3971,1
-1345,-682,3957,1
-1340,-641,3962,1
-1347,-668,3949,1
-1338,-669,3915,1
-1323,-679,3967,1
-1336,-683,3949,1
-1341,-656,3957,1
-1320,-668,3961,1
-1298,-655,3931,1
-1313,-670,3913,1
-1306,-682,3926,1
-1351,-704,3961,1
-1369,-671,3960,1
-1346,-666,3941,1
-1331,-669,3951,1
-1305,-663,3985,1
-1293,-644,3954,1
-1331,-674,3929,1
-1332,-666,3978,1
-1340,-683,3947,1
-1308,-652,3936,1
-1322,-662,3938,1
-1319,-679,3931,1
-1332,-680,3923,1
-1346,-656,3954,1
-1335,-688,3956,1
-1304,-666,3930,1
-1320,-666,3952,1
-1318,-672,3959,1
-1318,-683,3990,1
-1323,-674,3958,1
-1329,-670,3944,1
-1312,-672,3952,1
-1304,-679,3950,1
-1300,-675,3975,1
-1301,-662,3942,1
-1292,-674,3965,1
-1275,-661,3959,1
-1297,-684,3939,1
-1302,-703,3984,1
-1259,-675,4018,1
-1275,-685,4020,1
-1292,-692,4107,1
-1299,-660,4193,1
-1386,-665,4393,1
-1403,-600,4581,1
-1445,-523,4849,1
-1432,-417,5275,1
-1693,-297,5913,1
-2463,-359,7020,1
-3274,-427,8591,1
-2850,-431,9347,1
-2580,-678,9507,1
-2130,-938,9100,1
-1480,-945,7586,1
-767,-934,5502,1
-436,-789,3039,1
-502,-662,392,1
-293,-539,-625,1
-348,-166,1327,1
-765,-353,618,1
-686,-215,255,1
-584,-135,519,1
-543,-185,1333,1
-326,-361,2203,1
-11,-377,2806,1
425,-158,3173,1
1059,192,3411,1
1160,243,3357,1
948,176,3474,1
673,63,3746,1
408,47,3711,1
102,77,3550,1
-64,189,3324,1
-249,222,3082,1
-406,266,2736,1
-673,252,2433,1
-1343,115,2027,1
-1620,-19,1973,1
-1952,-75,2295,1
-2370,-359,2714,1
-2631,-526,3184,1
-2343,-409,3147,1
-2217,-404,3155,1
-2536,-567,3813,1
-2716,-723,4521,1
-2633,-635,4645,1
-2543,-570,4630,1
-2670,-576,4642,1
-2918,-774,5100,1
-2766,-823,5224,1
-2560,-649,4789,1
-2492,-616,4930,1
-2624,-689,4889,1
-2570,-701,4809,1
-2397,-671,4631,1
-1869,-617,4672,1
-2052,-715,4461,1
-2353,-787,4237,1
-2353,-840,4117,1
-1864,-702,4294,1
-1582,-688,4431,1
-1692,-784,4262,1
-1812,-956,4170,1
-1634,-916,4257,1
-1245,-782,4437,1
-1093,-722,4351,1
-1248,-860,4178,1
-1094,-925,4186,1
-687,-806,4230,1
-522,-623,4350,1
-429,-707,4305,1
-307,-692,4273,1
-788,-778,3865,1
-916,-810,3870,1
-946,-811,3940,1
-916,-769,3939,1
-1010,-790,3930,1
-1087,-790,3886,1
-1124,-782,3973,1
-1149,-759,3947,1
-1169,-735,3873,1
-1208,-749,3944,1
-1214,-736,3941,1
-1254,-749,3940,1
-1287,-748,3909,1
-1339,-758,3889,1
-1350,-755,3895,1
-1376,-713,3882,1
-1388,-740,3863,1
-1424,-718,3877,1
-1358,-698,4010,1
-1330,-718,4033,1
-1288,-694,4010,1
-1283,-730,3971,1
-1309,-709,3977,1
-1301,-720,3977,1
-1303,-734,3963,1
-1279,-743,3955,1
-1241,-733,3943,1
-1243,-729,3917,1
-1262,-758,3936,1
-1272,-780,3970,1
-1255,-763,3944,1
-1231,-737,3939,1
-1213,-707,3971,1
-1183,-710,3974,1
-1205,-723,3983,1
-1244,-711,3981,1
-1239,-704,3992,1
-1242,-722,3972,1
-1233,-705,3963,1
-1240,-705,3950,1
-1197,-707,3947,1
-1210,-696,3934,1
-1220,-717,3954,1
-1249,-729,3948,1
-1260,-722,3947,1
-1256,-721,3937,1
-1244,-705,3951,1
-1210,-702,3945,1
-1221,-704,3909,1
-1208,-719,3945,1
-1232,-687,3985,1
-1258,-701,4016,1
-1265,-726,4021,1
-1313,-708,4013,1
-1249,-705,3943,1
-1221,-691,3950,1
-1242,-693,3999,1
-1241,-679,3966,1
-1241,-697,3948,1
-1252,-691,3937,1
-1240,-696,3936,1
-1253,-702,3967,1
-1218,-728,3989,1
-1221,-712,3946,1
-1252,-711,3950,1
-1241,-707,3952,1
-1215,-678,3969,1
-1222,-682,3970,1
-1250,-691,3956,1
-1228,-699,3938,1
-1251,-703,3951,1
-1252,-686,3967,1
-1253,-684,3997,1
-1239,-722,3950,1
-1215,-713,3957,1
-1210,-706,3966,1
-1230,-720,3961,1
-1224,-721,3895,1
-1234,-731,3914,1
-1218,-745,3923,1
-1223,-740,3996,1
-1218,-727,3960,1
-1200,-736,3947,1
-1214,-742,3961,1
-1210,-734,3980,1
-1211,-734,3973,1
-1195,-725,3987,1
-1213,-735,3936,1
-1217,-742,3926,1
-1225,-730,3974,1
-1254,-723,4010,1
-1236,-738,3999,1
-1182,-722,3989,1
-1207,-740,3947,1
-1236,-752,3977,1
-1219,-741,3989,1
-1221,-736,4008,1
-1202,-704,3957,1
-1215,-738,3968,1
-1235,-743,3991,1
-1223,-754,3996,1
-1207,-738,3995,1
-1206,-753,3955,1
-1190,-732,3971,1
-1199,-725,3991,1
-1235,-747,3984,1
-1210,-728,3972,1
-1233,-742,4023,1
-1241,-754,4095,1
-1249,-735,4260,1
-1230,-684,4353,1
-1307,-511,5419,1
-1657,-435,6136,1
-2078,-271,7290,1
-2202,12,8568,1
-2910,-473,10193,1
-3973,-1802,10947,1
-3903,-2534,9779,1
-2338,-1973,8480,1
-704,-1955,6569,1
-301,-1837,2382,1
-687,-1446,-960,1
-424,-1011,-1113,1
-293,-582,-365,1
-567,-396,589,1
-623,-192,562,1
-572,-77,85,1
-437,55,60,1
-91,129,617,1
303,87,2180,1
412,140,2356,1
518,356,2579,1
627,401,3008,1
677,252,3467,1
685,254,3654,1
567,254,3734,1
436,325,3707,1
272,443,3558,1
157,506,3353,1
-154,404,3155,1
-433,276,3003,1
-776,240,2993,1
-939,312,2936,1
-1176,341,2956,1
-1351,177,3147,1
-1656,-39,3281,1
-1694,23,3469,1
-1604,40,3166,1
-2148,-283,3758,1
-2492,-407,4463,1
-2357,-226,4466,1
-2189,-98,4012,1
-2262,-272,3934,1
-2242,-349,3991,1
-2135,-252,4149,1
-1985,-171,4065,1
-2347,-494,4192,1
-2435,-596,4269,1
-2096,-514,4218,1
-2107,-547,4271,1
-2049,-568,4311,1
-1916,-570,4763,1
-1676,-531,4480,1
-1896,-642,4441,1
-2235,-823,4445,1
-2297,-827,4551,1
-1980,-767,4549,1
-2072,-770,4382,1
-2081,-828,4219,1
-1729,-744,4274,1
-1373,-686,4335,1
-1418,-751,4209,1
-1535,-879,4170,1
-1546,-866,4131,1
-1477,-889,4212,1
-1455,-885,4195,1
-1387,-867,4133,1
-1334,-896,4115,1
-1094,-824,4126,1
-774,-802,4228,1
-730,-740,4258,1
-814,-841,4266,1
-745,-803,4310,1
-678,-798,4312,1
-960,-866,4091,1
-978,-864,4058,1
-1031,-887,4109,1
-1089,-837,4064,1
-1179,-858,3987,1
-1311,-902,3918,1
-1318,-848,3916,1
-1276,-823,3979,1
-1270,-849,3945,1
-1337,-867,3866,1
-1394,-889,3806,1
-1440,-895,3812,1
-1442,-875,3902,1
-1444,-864,3894,1
-1438,-854,3873,1
-1430,-850,3877,1
-1437,-852,3907,1
-1446,-864,3877,1
-1412,-855,3907,1
-1351,-833,3878,1
-1363,-838,3894,1
-1403,-807,3888,1
-1408,-834,3913,1
-1403,-826,3899,1
-1427,-853,3942,1
-1362,-812,3877,1
-1391,-830,3864,1
-1390,-821,3873,1
-1411,-842,3946,1
-1420,-837,3921,1
-1367,-859,3933,1
-1343,-826,3881,1
-1390,-847,3889,1
-1393,-851,3880,1
-1399,-848,3893,1
-1404,-840,3879,1
-1358,-822,3893,1
-1368,-826,3856,1
-1365,-834,3878,1
-1409,-865,3899,1
-1383,-839,3923,1
-1324,-851,3941,1
-1334,-841,3926,1
-1326,-834,3914,1
-1325,-826,3915,1
-1359,-839,3914,1
-1365,-834,3928,1
-1338,-837,3942,1
-1338,-823,3939,1
-1339,-835,3939,1
-1335,-824,3926,1
-1331,-810,3925,1
-1334,-807,3902,1
-1348,-825,3907,1
-1365,-843,3899,1
-1359,-822,3934,1
-1351,-809,3935,1
-1347,-816,3912,1
-1376,-811,3915,1
-1359,-820,3914,1
-1351,-813,3922,1
-1345,-824,3942,1
-1328,-815,3900,1
-1347,-831,3896,1
-1358,-828,3924,1
-1357,-819,3951,1
-1347,-825,3964,1
-1320,-815,3901,1
-1322,-821,3890,1
-1317,-823,3897,1
-1329,-812,3882,1
-1336,-822,3898,1
-1329,-811,3955,1
-1331,-808,3920,1
-1349,-800,3906,1
-1351,-818,3933,1
-1341,-791,3927,1
-1355,-803,3941,1
-1323,-785,3922,1
-1337,-784,3929,1
-1337,-791,3917,1
-1339,-801,3936,1
-1304,-806,3928,1
-1323,-794,3948,1
-1330,-803,3922,1
-1325,-811,3948,1
-1305,-805,3926,1
-1319,-799,3914,1
-1328,-810,3956,1
-1333,-782,3917,1
-1303,-756,3937,1
-1319,-774,3925,1
-1354,-785,3898,1
-1331,-776,3922,1
-1324,-771,3931,1
-1322,-776,3944,1
-1338,-793,3926,1
-1332,-782,3931,1
-1336,-767,3911,1
-1310,-750,3936,1
-1290,-771,3910,1
-1319,-785,3894,1
-1299,-764,3918,1
-1307,-763,3950,1
-1311,-767,3934,1
-1299,-752,3933,1
-1294,-747,3913,1
-1313,-771,3902,1
-1311,-790,3920,1
-1309,-769,3904,1
-1318,-754,3951,1
-1303,-766,3912,1
-1304,-730,3925,1
-1310,-757,3926,1
-1326,-750,3941,1
-1314,-750,3930,1
-1297,-756,3948,1
-1297,-749,3920,1
-1281,-752,3952,1
-1306,-738,3942,1
-1327,-753,3977,1
-1332,-750,3956,1
-1317,-750,3955,1
-1312,-735,3933,1
-1308,-759,3939,1
-1317,-736,3944,1
-1302,-756,3914,1
-1328,-747,3950,1
-1327,-751,3948,1
-1302,-731,3942,1
-1348,-738,3922,1
-1312,-741,3908,1
-1326,-736,3916,1
-1323,-753,3923,1
-1328,-754,3941,1
-1347,-757,3964,1
-1316,-729,3935,1
-1275,-718,3931,1
-1282,-728,3919,1
-1311,-739,3916,1
-1338,-766,3914,1
-1329,-757,3967,1
-1286,-740,3973,1
-1287,-749,3963,1
-1284,-751,3959,1
-1295,-745,3980,1
-1291,-730,3988,1
-1320,-734,4105,1
-1408,-730,4219,1
-1423,-680,4497,1
-1385,-577,4644,1
-1405,-521,4786,1
-1521,-414,5101,1
-1581,-169,5396,1
-1613,37,5664,1
-1769,281,6541,1
-2118,268,7580,1
-2982,-391,8663,1
-3731,-1067,9565,1
-3480,-1708,8959,1
-2603,-1906,7745,1
-1486,-1841,5573,1
-808,-1789,3172,1
-438,-1621,655,1
-304,-1408,-578,1
-610,-726,1306,1
-645,-640,977,1
-661,-366,631,1
-208,16,457,1
23,50,1105,1
108,73,1871,1
202,38,2447,1
264,155,2919,1
477,210,3194,1
363,147,3385,1
346,72,3527,1
402,94,3651,1
573,214,3717,1
674,282,3582,1
571,367,3519,1
440,473,3415,1
216,432,3188,1
-81,399,2909,1
-804,446,2763,1
-1024,235,2757,1
-1208,194,2846,1
-1293,171,2942,1
-1496,173,2933,1
-1912,-1,3237,1
-2177,-181,3659,1
-1983,63,3552,1
-1897,51,3295,1
-2089,-164,3578,1
-2120,-339,3896,1
-2474,-487,4247,1
-2492,-528,4112,1
-2722,-571,4248,1
-2829,-582,4669,1
-2844,-638,4934,1
-2690,-594,4960,1
-2653,-449,5019,1
-2458,-506,4981,1
-1800,-381,4648,1
-1715,-330,4685,1
-1857,-472,4683,1
-1958,-547,4547,1
-2023,-587,4443,1
-1870,-515,4322,1
-1774,-481,4173,1
-1812,-563,4032,1
-1799,-651,4145,1
-1549,-692,4294,1
-1186,-547,4328,1
-1332,-579,4282,1
-1662,-730,4114,1
-1745,-790,3987,1
-1464,-672,4125,1
-1250,-563,4177,1
-1356,-612,4087,1
-1496,-733,3903,1
-916,-625,4055,1
-912,-686,4081,1
-960,-717,4018,1
-766,-586,4135,1
-392,-555,4122,1
-504,-615,4177,1
-611,-624,4085,1
-765,-657,4011,1
-792,-630,3982,1
-841,-626,4008,1
-928,-686,3990,1
-1025,-696,4015,1
-1078,-709,3999,1
-1117,-703,3951,1
-1105,-667,3966,1
-1108,-675,3983,1
-1128,-671,4036,1
-1122,-642,3990,1
-1210,-649,3990,1
-1316,-659,4005,1
-1325,-649,4014,1
-1331,-678,3967,1
-1360,-667,4005,1
-1305,-636,3950,1
-1287,-657,3942,1
-1271,-667,3928,1
-1255,-650,3944,1
-1229,-644,3964,1
-1232,-652,3954,1
-1248,-651,3977,1
-1225,-649,3985,1
-1255,-655,3956,1
-1266,-652,3970,1
-1225,-645,3970,1
-1254,-627,3999,1
-1225,-650,3992,1
-1230,-644,4018,1
-1210,-630,3973,1
-1219,-634,4004,1
-1224,-643,3981,1
-1271,-629,3956,1
-1232,-624,3962,1
-1190,-604,3972,1
-1182,-613,3952,1
-1220,-618,3962,1
-1243,-655,3979,1
-1255,-615,3997,1
-1250,-633,3978,1
-1179,-606,3945,1
-1184,-601,3926,1
-1176,-601,3943,1
-1180,-609,3989,1
-1187,-603,3979,1
-1226,-615,3967,1
-1218,-597,3975,1
-1203,-600,3989,1
-1190,-615,3980,1
-1190,-631,3980,1
-1183,-606,4013,1
-1175,-592,3964,1
-1192,-614,3966,1
-1218,-604,3977,1
-1210,-606,3972,1
-1148,-587,3996,1
-1151,-599,4008,1
-1182,-606,3999,1
-1203,-611,3984,1
-1213,-622,3981,1
-1185,-580,3960,1
-1192,-586,3964,1
-1204,-566,3977,1
-1225,-599,3988,1
-1214,-609,3982,1
-1194,-601,3962,1
-1184,-602,3978,1
-1191,-618,3990,1
-1188,-591,3975,1
-1213,-597,4003,1
-1220,-587,3968,1
-1206,-585,3979,1
-1199,-585,3982,1
-1174,-587,3959,1
-1174,-554,3989,1
-1214,-550,3945,1
-1322,-388,3913,1
-1187,-559,4022,1
-1303,-469,4040,1
-1245,-579,4037,1
-1311,-592,4012,1
-1303,-562,4001,1
-1277,-578,3943,1
-1554,-651,4205,1
-1273,-521,3914,1
-1260,-593,4017,1
-1270,-565,3962,1
-1215,-537,3964,1
-1193,-564,3950,1
-1222,-574,4000,1
-1258,-577,3978,1
-1283,-577,3955,1
-1289,-577,3980,1
-1244,-570,3953,1
-1250,-557,3989,1
-1290,-553,3912,1
-1254,-561,3961,1
-1298,-568,3933,1
-1274,-620,3949,1
-1245,-601,3932,1
-1268,-579,3919,1
-1273,-577,3994,1
-1293,-565,4033,1
-1266,-557,4022,1
-1269,-556,3966,1
-1276,-564,3940,1
-1269,-574,3947,1
-1257,-542,3949,1
-1265,-581,3940,1
-1290,-574,3966,1
-1255,-587,3965,1
-1269,-580,3964,1
-1286,-577,3960,1
-1264,-570,3955,1
-1270,-569,3952,1
-1277,-561,3944,1
-1264,-556,3962,1
-1263,-575,3978,1
-1283,-564,3927,1
-1278,-582,3943,1
-1273,-562,3970,1
-1305,-560,3982,1
-1316,-568,3994,1
-1318,-568,3965,1
-1294,-547,3949,1
-1308,-546,3978,1
-1297,-550,3982,1
-1309,-545,3963,1
-1315,-561,3994,1
-1324,-553,3983,1
-1289,-556,4003,1
-1207,-648,4029,1
-1282,-571,4019,1
-1363,-523,3963,1
-1343,-570,3962,1
-1329,-573,4028,1
-1409,-549,4122,1
-1490,-520,4211,1
-1661,-486,4542,1
-1762,-169,5698,1
-1828,83,6213,1
-2304,362,6923,1
-2813,461,7548,1
-2962,241,8129,1
-2764,18,8414,1
-2643,-284,8744,1
-2468,-713,7993,1
-2213,-1052,6577,1
-1557,-1163,4932,1
-949,-1003,3319,1
-392,-792,2245,1
-227,-775,1746,1
-47,-536,1183,1
195,-437,599,1
185,-302,146,1
-19,-288,-96,1
-25,-192,-145,1
-220,-233,-209,1
-348,-264,-134,1
-468,-151,170,1
-483,17,611,1
-487,290,909,1
-389,359,1104,1
-283,237,1354,1
-392,113,1664,1
-489,71,2018,1
-739,326,1982,1
-926,249,1876,1
-1281,-159,2154,1
-1970,-559,2881,1
-2125,-569,3694,1
-2633,-771,4638,1
-3161,-646,6054,1
-2774,-1807,4992,1
-1739,-916,6558,1
-1585,-1070,7741,1
-3402,-1617,12290,1
-3554,-1406,11777,1
-2925,-1147,10497,1
-2783,-1326,9337,1
-3148,-1936,8939,1
-2904,-2199,8387,1
-2386,-2218,7660,1
-1630,-2127,6262,1
-918,-1996,4495,1
-527,-1751,3004,1
-531,-1383,1975,1
-610,-1016,1283,1
-816,-589,856,1
-400,-200,560,1
-470,-42,134,1
-293,223,-311,1
-305,370,-696,1
-98,474,-854,1
-334,362,-507,1
-391,378,-217,1
-274,172,-312,1
-229,-54,-361,1
-186,-76,15,1
-94,-44,285,1
-433,-252,748,1
-1210,-530,1482,1
-1681,-582,2307,1
-1295,-134,2960,1
-1266,-49,3177,1
-2553,-725,4589,1
-2836,-1044,6365,1
-1743,-990,6488,1
-2052,-720,7235,1
-2697,-1151,8563,1
-2360,-717,9351,1
-2009,-298,8213,1
-1553,-427,5564,1
-1257,-515,5326,1
-1231,-460,5267,1
-1503,-597,5021,1
-1646,-654,4646,1
-1577,-697,4281,1
-1506,-769,4077,1
-1460,-761,3993,1
-1542,-863,4073,1
-1465,-884,4106,1
-1394,-856,4071,1
-1349,-868,4071,1
-1313,-893,4029,1
-1272,-891,3959,1
-1283,-940,3901,1
-1257,-881,3877,1
-1274,-909,3908,1
-1276,-877,3899,1
-1291,-891,3831,1
-1361,-887,3911,1
-1335,-857,3991,1
-1316,-847,3997,1
-1250,-814,3971,1
-1281,-819,3962,1
-1311,-821,3906,1
-1342,-822,3906,1
-1315,-793,3986,1
-1261,-800,3962,1
-1248,-808,3975,1
-1241,-801,3979,1
-1303,-862,3985,1
-1320,-849,4024,1
-1282,-861,4030,1
-1305,-866,4012,1
-1322,-871,3999,1
-1345,-870,4049,1
-1317,-884,3972,1
-1277,-877,3930,1
-1246,-877,3880,1
-1270,-879,3941,1
-1226,-842,3912,1
-1206,-837,3904,1
-1211,-830,3945,1
-1233,-805,3877,1
-1231,-795,3900,1
-1208,-782,3893,1
-1207,-791,3956,1
-1236,-793,3965,1
-1276,-783,3939,1
-1329,-749,3911,1
-1333,-747,3930,1
-1330,-767,3948,1
-1344,-767,3940,1
-1452,-783,3934,1
-1494,-775,3993,1
-1471,-738,4023,1
-1338,-701,4042,1
-1379,-687,4096,1
-1496,-843,4082,1
-1590,-742,4009,1
-1674,-765,4064,1
-1667,-731,4071,1
-1519,-673,4085,1
-1377,-736,4086,1
-1324,-635,4049,1
-1335,-601,3980,1
-1374,-639,3944,1
-1421,-623,3869,1
-1464,-655,3813,1
-1380,-635,3828,1
-1309,-554,3870,1
-1286,-544,3891,1
-1305,-572,3841,1
-1287,-536,3799,1
-1242,-514,3927,1
-1159,-474,3854,1
-1192,-476,3816,1
-1280,-501,3747,1
-1302,-546,3785,1
-1193,-529,3905,1
-1042,-481,3930,1
-1030,-476,3867,1
-1073,-522,3804,1
-1150,-574,3809,1
-1224,-649,3902,1
-1124,-623,3899,1
-1037,-624,3966,1
-997,-578,3945,1
-1012,-655,4120,1
-896,-587,4144,1
-846,-518,4122,1
-911,-583,4053,1
-865,-584,4049,1
-824,-576,4137,1
-890,-556,4079,1
-980,-573,4055,1
-1078,-565,4066,1
-1163,-572,4033,1
-1232,-611,4085,1
-1266,-707,4065,1
-1236,-709,4004,1
-1154,-699,4019,1
-1144,-684,3973,1
-1111,-676,3954,1
-1043,-643,3986,1
-1016,-660,3933,1
-1027,-658,3921,1
-1043,-657,3960,1
-1085,-686,3943,1
-1156,-667,3940,1
-1217,-685,4013,1
-1210,-672,4003,1
-1216,-660,3964,1
-1210,-656,3947,1
-1282,-675,3946,1
-1287,-676,3922,1
-1269,-675,3906,1
-1249,-671,3939,1
-1275,-690,3942,1
-1264,-719,3998,1
-1291,-717,3999,1
-1271,-704,4013,1
-1265,-698,3989,1
-1229,-691,3986,1
-1234,-705,3998,1
-1224,-709,4021,1
-1211,-710,3937,1
-1204,-707,3961,1
-1211,-690,3965,1
-1197,-697,3959,1
-1203,-681,3989,1
-1197,-704,4018,1
-1169,-689,4003,1
-1185,-680,3988,1
-1182,-679,3988,1
-1211,-717,3977,1
-1198,-702,3971,1
-1179,-718,3990,1
-1206,-681,4013,1
-1236,-713,4028,1
-1190,-701,4045,1
-1184,-657,4094,1
-1180,-665,4122,1
-1010,-604,4228,1
-916,-534,4345,1
-1117,-530,4595,1
-1413,-513,5333,1
-1596,-215,8103,1
-1888,-235,7943,1
-2148,-367,7239,1
-2318,-566,6592,1
-2530,-999,6446,1
-2637,-1455,6475,1
-2087,-1374,6411,1
-1564,-1270,5076,1
-1222,-1092,3784,1
-962,-853,2825,1
-719,-626,2170,1
-449,-357,1446,1
-459,-211,740,1
-561,-81,185,1
-206,130,176,1
-217,154,88,1
-101,241,249,1
-184,204,444,1
-13,207,751,1
-234,96,934,1
-433,107,1460,1
-603,70,1703,1
-538,146,1551,1
-298,290,1434,1
-322,309,1401,1
-1047,58,1981,1
-1624,-66,3018,1
-1675,21,3643,1
-1361,186,3449,1
-1757,109,3619,1
-2413,-208,4489,1
-2607,-262,4670,1
-2042,-557,4164,1
-1653,-148,5504,1
-1982,-486,6039,1
-1724,-466,5537,1
-1422,-604,5022,1
-2535,-1438,6758,1
-2545,-2087,7166,1
-2037,-1369,7551,1
-1634,-1343,8674,1
-1922,-1540,9352,1
-2477,-2044,9635,1
-2622,-2230,8686,1
-2447,-2314,7583,1
-2257,-2584,6811,1
-2042,-2742,6354,1
-2147,-2743,7214,1
-1323,-2329,6798,1
-1099,-2257,5058,1
-961,-2041,3652,1
-1005,-1636,2523,1
-949,-1265,1728,1
-652,-786,1106,1
-348,-459,503,1
207,-11,-348,1
298,43,-216,1
293,104,-1,1
-215,-111,235,1
-550,-18,679,1
-604,66,781,1
-426,165,950,1
-388,229,1215,1
-442,318,1267,1
-250,289,1087,1
306,331,938,1
653,347,724,1
165,23,968,1
-1542,-853,2574,1
-2611,-1093,4955,1
-1839,-496,5277,1
-1154,-448,4249,1
-2090,-1283,4700,1
-3441,-1984,6795,1
-2413,-1100,6418,1
-2340,-1192,6536,1
-2126,-1135,6414,1
-2012,-907,5893,1
-1742,-889,5218,1
-1540,-804,4649,1
-1682,-933,4435,1
-1919,-1017,4616,1
-1892,-1024,4603,1
-1730,-1010,4474,1
-1540,-932,4289,1
-1485,-996,4191,1
-1441,-1000,4130,1
-1351,-1024,4019,1
-1327,-1051,3941,1
-1360,-1136,3922,1
-1498,-1228,4013,1
-1485,-1172,3923,1
-1414,-1102,3861,1
-1419,-1113,3907,1
-1356,-1103,3794,1
-1394,-1111,3805,1
-1352,-1060,3730,1
-1394,-1076,3754,1
-1406,-1053,3763,1
-1380,-1015,3825,1
-1403,-997,3844,1
-1397,-1016,3836,1
-1378,-1030,3899,1
-1405,-1048,3981,1
-1433,-1030,4021,1
-1429,-1017,3956,1
-1388,-1012,3900,1
-1330,-983,3860,1
-1315,-975,3824,1
-1339,-978,3809,1
-1376,-1012,3899,1
-1346,-993,3906,1
-1354,-970,3867,1
-1344,-960,3877,1
-1347,-941,3871,1
-1346,-969,3869,1
-1328,-952,3830,1
-1317,-968,3873,1
-1331,-940,3875,1
-1359,-965,3872,1
-1364,-933,3920,1
-1343,-951,3941,1
-1348,-964,3920,1
-1345,-957,3877,1
-1360,-955,3896,1
-1342,-926,3879,1
-1311,-926,3860,1
-1322,-906,3841,1
-1333,-911,3876,1
-1422,-949,3855,1
-1400,-945,3868,1
-1425,-954,3872,1
-1501,-954,3912,1
-1588,-943,3927,1
-1635,-940,3994,1
-1599,-910,4003,1
-1560,-902,4012,1
-1593,-908,3978,1
-1688,-921,3986,1
-1717,-894,3966,1
-1784,-909,3884,1
-1795,-909,3813,1
-1819,-884,3782,1
-1591,-804,3895,1
-1429,-754,4021,1
-1500,-818,3992,1
-1628,-816,3852,1
-1469,-699,3851,1
-1466,-755,3848,1
-1379,-744,3880,1
-1374,-732,3845,1
-1189,-678,3948,1
-1055,-642,4029,1
-1027,-642,4044,1
-1086,-659,3922,1
-1237,-695,3892,1
-1194,-638,3857,1
-1100,-610,3861,1
-1028,-641,3887,1
-889,-687,4142,1
-835,-632,4124,1
-880,-657,4069,1
-920,-666,3899,1
-893,-656,3976,1
-744,-595,4068,1
-691,-608,4018,1
-742,-615,3953,1
-816,-620,3950,1
-903,-658,3989,1
-1018,-683,3967,1
-1032,-721,3997,1
-964,-689,4053,1
-959,-680,4057,1
-939,-708,3996,1
-962,-704,4009,1
-931,-697,4063,1
-982,-728,4031,1
-985,-723,4008,1
-982,-734,3982,1
-1007,-736,3983,1
-1077,-725,3967,1
-1135,-746,3972,1
-1165,-753,3961,1
-1164,-759,3969,1
-1250,-756,3928,1
-1215,-750,3939,1
-1222,-779,3963,1
-1239,-779,3976,1
-1246,-804,4000,1
-1215,-775,3985,1
-1204,-772,3946,1
-1152,-745,3969,1
-1177,-764,3982,1
-1205,-783,4019,1
-1182,-764,4021,1
-1200,-772,3970,1
-1154,-783,4001,1
-1144,-778,4002,1
-1134,-776,4027,1
-1136,-789,4036,1
-1136,-801,4016,1
-1177,-784,3996,1
-1160,-776,3999,1
-1125,-774,3993,1
-1127,-789,4008,1
-1135,-801,4031,1
-1134,-803,4033,1
-1112,-784,4028,1
-1111,-771,4035,1
-1100,-781,4065,1
-1055,-751,4101,1
-1058,-753,4174,1
-1066,-719,4237,1
-1125,-724,4370,1
-1099,-667,4591,1
-1101,-604,4836,1
-1261,-536,4984,1
-1337,-370,5037,1
-1193,-201,5283,1
-1062,-25,5827,1
-1342,-62,6749,1
-2577,-889,8285,1
-2494,-1066,7479,1
-2449,-1316,6587,1
-2242,-1606,5795,1
-2203,-1981,5002,1
-1455,-1670,4802,1
-926,-1485,3688,1
-628,-1307,2305,1
-396,-963,1238,1
-296,-556,500,1
-289,-295,-30,1
-170,-75,-253,1
-85,112,-398,1
176,297,-445,1
434,395,-252,1
479,296,-245,1
218,219,-213,1
-404,-195,72,1
-500,-401,258,1
-915,-648,690,1
-1585,-976,1318,1
-2369,-1257,2254,1
-2319,-1028,2866,1
-2565,-1314,3700,1
-2827,-1446,5210,1
-2826,-1264,6308,1
-1668,-666,5615,1
179,-1301,4941,1
-974,-1098,6217,1
-1976,-1925,7697,1
-1695,-1831,7652,1
-1450,-1784,7533,1
-1591,-1703,8382,1
-2013,-1657,8787,1
-2483,-1571,9041,1
-2746,-1706,9087,1
-2271,-1689,7625,1
-2092,-1955,7577,1
-1914,-2223,7937,1
-1675,-2700,7851,1
-1276,-2637,7109,1
-1032,-2579,5945,1
-904,-2294,4863,1
-905,-2249,4346,1
-743,-2040,3684,1
-565,-1611,2765,1
-516,-1243,1845,1
-325,-891,1137,1
-253,-655,813,1
-419,-439,363,1
-339,-129,136,1
-263,71,-96,1
-168,191,-288,1
-60,334,-292,1
-10,273,-141,1
-37,284,-19,1
-85,251,119,1
-188,167,236,1
-225,-112,415,1
-206,-268,869,1
-193,-416,1537,1
-408,-392,1960,1
-1065,-737,2517,1
-1927,-967,3525,1
-2711,-1302,5086,1
-2270,-1210,5911,1
-2377,-1371,6489,1
-3627,-1538,8645,1
-3329,-2195,8841,1
-2797,-975,9615,1
-2514,-619,7925,1
-2289,-354,6772,1
-2012,-236,5943,1
-1332,-374,4303,1
-1430,-444,3898,1
-1596,-532,3645,1
-1652,-623,3628,1
-1574,-629,3620,1
-1392,-615,3642,1
-1332,-594,3660,1
-1322,-646,3686,1
-1389,-704,3705,1
-1426,-740,3868,1
-1392,-927,3584,1
-1303,-765,3874,1
-1363,-776,3888,1
-1303,-716,3949,1
-1304,-682,3892,1
-1335,-667,3876,1
-1395,-695,3901,1
-1389,-693,3906,1
-1325,-658,3969,1
-1315,-675,3989,1
-1295,-671,3948,1
-1267,-677,3931,1
-1273,-699,3958,1
-1278,-691,3992,1
-1254,-699,4009,1
-1280,-704,4036,1
-1296,-719,3956,1
-1321,-723,3961,1
-1338,-730,3993,1
-1352,-727,3997,1
-1330,-730,4009,1
-1300,-708,3962,1
-1314,-735,3924,1
-1275,-730,3897,1
-1290,-737,3883,1
-1299,-726,3942,1
-1280,-742,3973,1
-1309,-750,3924,1
-1311,-728,3931,1
-1320,-728,3966,1
-1334,-722,3945,1
-1318,-727,3949,1
-1315,-739,3971,1
-1289,-732,3976,1
-1318,-719,3942,1
-1369,-740,3918,1
-1385,-738,3882,1
-1324,-734,3900,1
-1309,-771,3960,1
-1283,-766,3943,1
-1329,-756,3978,1
-1300,-741,3934,1
-1289,-741,3919,1
-1298,-749,3924,1
-1313,-755,3960,1
-1287,-756,3959,1
-1261,-717,3958,1
-1271,-727,3945,1
-1304,-749,3959,1
-1333,-766,3915,1
-1365,-748,3911,1
-1350,-748,3925,1
-1358,-742,3920,1
-1361,-751,3856,1
-1399,-778,3865,1
-1431,-780,3858,1
-1441,-758,3855,1
-1482,-778,3871,1
-1509,-773,3867,1
-1464,-803,3901,1
-1438,-788,3916,1
-1397,-753,3895,1
-1384,-748,3900,1
-1453,-719,3916,1
-1588,-734,3988,1
-1702,-716,3972,1
-1715,-719,3987,1
-1577,-673,4060,1
-1468,-606,4066,1
-1576,-673,4008,1
-1704,-699,3839,1
-1727,-692,3803,1
-1644,-683,3894,1
-1689,-713,3874,1
-1738,-736,3794,1
-1587,-699,3767,1
-1330,-596,3942,1
-1155,-535,4047,1
-1229,-593,4037,1
-1430,-661,3953,1
-1422,-643,3871,1
-1232,-592,3939,1
-1077,-582,4001,1
-1244,-693,3933,1
-1287,-670,3954,1
-1049,-622,4025,1
-992,-631,4033,1
-1047,-640,3909,1
-1041,-630,3787,1
-868,-626,3881,1
-738,-594,3985,1
-724,-405,3985,1
-592,-503,4032,1
-520,-497,3974,1
-549,-491,4019,1
-611,-509,4043,1
-712,-570,4094,1
-748,-584,4115,1
-846,-617,4133,1
-973,-653,4136,1
-1130,-640,4103,1
-1068,-621,4114,1
-1032,-624,4088,1
-1046,-589,4061,1
-1064,-589,4021,1
-1148,-620,3988,1
-1228,-635,4011,1
-1235,-644,3964,1
-1253,-632,3928,1
-1239,-624,3914,1
-1254,-638,3914,1
-1258,-660,3975,1
-1263,-630,3963,1
-1251,-651,3935,1
-1246,-642,3911,1
-1269,-646,3911,1
-1248,-644,3990,1
-1260,-659,4018,1
-1244,-649,3985,1
-1227,-642,3950,1
-1222,-645,3977,1
-1217,-621,4007,1
-1227,-635,4007,1
-1212,-606,3993,1
-1215,-609,3971,1
-1186,-600,3930,1
-1205,-616,3964,1
-1201,-646,3961,1
-1226,-669,3989,1
-1216,-652,3983,1
-1234,-657,3996,1
-1213,-668,3991,1
-1227,-684,3997,1
-1187,-671,4028,1
-1185,-660,3979,1
-1219,-646,3951,1
-1198,-679,3955,1
-1174,-670,3964,1
-1175,-670,3945,1
-1189,-666,3959,1
-1210,-669,3971,1
-1192,-676,3981,1
-1179,-684,3984,1
-1164,-694,3979,1
-1164,-697,3972,1
-1190,-684,3976,1
-1186,-704,3941,1
-1205,-698,3949,1
-1227,-703,3988,1
-1195,-706,3950,1
-1180,-701,3990,1
-1170,-680,3959,1
-1163,-700,3939,1
-1169,-692,3903,1
-1207,-701,4016,1
-1192,-722,3952,1
-1191,-717,3984,1
-1184,-710,3987,1
-1182,-715,3948,1
-1194,-720,3972,1
-1193,-723,3927,1
-1215,-722,3980,1
-1186,-723,3998,1
-1190,-731,4041,1
-1139,-713,4124,1
-1070,-673,4359,1
-1166,-659,4841,1
-1163,-580,5964,1
-1877,-612,7830,1
-3025,-567,9951,1
-3793,-545,11109,1
-3174,-260,10175,1
-1913,-80,8279,1
-1336,-914,4609,1
-1570,-1313,3887,1
-1405,-1360,3166,1
-1254,-1253,2260,1
-907,-1012,1503,1
-826,-716,678,1
-368,-411,228,1
-526,-341,-533,1
-379,-143,-946,1
-169,76,-1031,1
192,128,-909,1
381,148,-824,1
185,50,-539,1
-68,-116,-262,1
-186,-301,-86,1
-270,-469,203,1
-570,-593,669,1
-581,-479,911,1
-918,-679,1359,1
-2012,-773,2600,1
-2687,-851,4037,1
-2685,-680,4801,1
-3082,-910,5846,1
-3296,-1027,7489,1
-2355,-708,8180,1
-1615,-720,7758,1
-1312,-454,7945,1
-1048,-586,7488,1
-1425,-863,7393,1
-1851,-1140,7692,1
-2381,-1431,8281,1
-2328,-1504,8265,1
-1983,-1826,7768,1
-1901,-2409,9047,1
-1635,-2575,10429,1
-1783,-2900,9808,1
-1819,-2947,8328,1
-1025,-2095,4860,1
-668,-1773,3618,1
-258,-1524,2570,1
-80,-1116,1859,1
-111,-920,1328,1
-330,-833,883,1
-230,-654,600,1
-485,-513,286,1
-587,-294,-80,1
-592,-188,-296,1
-348,-60,-317,1
-505,-37,-119,1
-557,29,-3,1
-561,-14,-50,1
-322,-9,61,1
-105,62,284,1
-69,155,557,1
-280,-75,875,1
-394,-190,2319,1
-576,-272,2958,1
-765,-489,3631,1
-1365,-599,4294,1
-2151,-876,5501,1
-2453,-348,5632,1
-2741,-347,5610,1
-2911,-1173,5162,1
-3142,-1201,7824,1
-2685,-743,7508,1
-2322,-404,6845,1
-2088,-409,6381,1
-1776,-262,5789,1
-1940,-245,5733,1
-2224,-313,5703,1
-2316,-303,5519,1
-2163,-287,5026,1
-1931,-222,4564,1
-1742,-258,4172,1
-1646,-551,4028,1
-1610,-633,3997,1
-1542,-672,3905,1
-1508,-685,3797,1
-1436,-655,3721,1
-1388,-702,3750,1
-1368,-750,3794,1
-1297,-725,3798,1
-1266,-710,3759,1
-1245,-656,3752,1
-1319,-640,3775,1
-1344,-638,3816,1
-1365,-615,3822,1
-1380,-614,3846,1
-1384,-581,3852,1
-1414,-605,3928,1
-1408,-587,3902,1
-1418,-593,4011,1
-1408,-577,4029,1
-1438,-610,4048,1
-1443,-597,4019,1
-1463,-631,4002,1
-1426,-604,3964,1
-1437,-618,3943,1
-1413,-625,4001,1
-1396,-625,4024,1
-1381,-622,3960,1
-1432,-641,3903,1
-1450,-643,3916,1
-1465,-627,3887,1
-1442,-622,3853,1
-1439,-654,3841,1
-1409,-678,3861,1
-1377,-653,3892,1
-1336,-654,3893,1
-1334,-651,3866,1
-1347,-622,3977,1
-1375,-631,3974,1
-1372,-633,3928,1
-1350,-627,3923,1
-1363,-662,4000,1
-1344,-656,4025,1
-1309,-626,3981,1
-1332,-621,3983,1
-1314,-643,4026,1
-1293,-627,4018,1
-1276,-618,3982,1
-1261,-623,3944,1
-1312,-613,3922,1
-1343,-638,3971,1
-1318,-623,3997,1
-1304,-581,4059,1
-1337,-607,4044,1
-1373,-622,4020,1
-1400,-605,3973,1
-1331,-633,3881,1
-1301,-613,3845,1
-1342,-624,3891,1
-1360,-634,3971,1
-1379,-624,3968,1
-1383,-612,3909,1
-1388,-601,3898,1
-1336,-591,3924,1
-1319,-596,3901,1
-1299,-602,3917,1
-1318,-599,3935,1
-1340,-608,3977,1
-1365,-606,3920,1
-1377,-566,3919,1
-1374,-575,3889,1
-1340,-591,3954,1
-1308,-592,3971,1
-1353,-596,3974,1
-1321,-580,3988,1
-1318,-576,3958,1
-1353,-606,3958,1
-1353,-583,3954,1
-1340,-572,3947,1
-1336,-607,4021,1
-1349,-592,4013,1
-1325,-581,3949,1
-1322,-571,3927,1
-1329,-593,3969,1
-1352,-616,3998,1
-1348,-593,3921,1
-1332,-612,3915,1
-1289,-600,3920,1
-1338,-597,3920,1
-1408,-631,3884,1
-1499,-639,3872,1
-1517,-623,3950,1
-1472,-618,3942,1
-1564,-634,3975,1
-1595,-639,3945,1
-1612,-633,3983,1
-1603,-627,3972,1
-1539,-617,3948,1
-1615,-658,3975,1
-1850,-728,3965,1
850,-357,3518,1
825,-225,3899,1
514,-420,4214,1
1923,-565,3051,1
218,-244,3305,1
-3059,-1069,5541,1
-1978,-1601,4802,1
-1636,-1286,4623,1
-1476,-1281,4878,1
-1445,-1099,4252,1
-1087,-1352,3842,1
-1019,-1762,3750,1
-1788,-1462,4009,1
-1353,-1702,3999,1
-1270,-1604,4552,1
-1094,-1844,4287,1
-1929,-512,4251,1
828,-2649,1748,1
1186,-3647,1874,1
103,-2215,3341,1
-502,-2316,2942,1
-849,-2732,2798,1
-443,-2648,3306,1
-175,-2066,3832,1
-630,-2325,3450,1
-667,-2653,3871,1
-243,-2658,4177,1
-373,-2239,3682,1
-954,-2273,3212,1
-1215,-2224,3270,1
-976,-2491,3489,1
-938,-2382,3535,1
-659,-2137,3231,1
-841,-1770,3001,1
-733,-1952,3425,1
-716,-1866,3339,1
-791,-2208,3428,1
-857,-2264,3635,1
-796,-2387,3926,1
-905,-2740,3986,1
-1164,-2281,3668,1
-1137,-1988,3626,1
-1022,-2012,3619,1
-933,-2057,3575,1
-788,-2028,3513,1
-751,-1999,3378,1
-829,-1948,3322,1
-885,-1989,3561,1
-786,-1828,3551,1
-724,-1738,3488,1
-437,-1432,3702,1
-338,-2427,3423,1
1108,-640,4702,1
-301,-1186,3696,1
228,-1268,3742,1
184,-1099,4065,1
111,-1035,4003,1
90,-1217,4021,1
-176,-1286,3862,1
-219,-1324,3771,1
-248,-1258,3744,1
-397,-1206,3761,1
-187,-1284,4228,1
-262,-1198,4012,1
-375,-1123,3797,1
-333,-1137,3864,1
-159,-1315,4153,1
-230,-1467,3743,1
-365,-1620,3805,1
-421,-1511,3983,1
-73,-1153,4247,1
190,-1306,4393,1
-210,-1211,3617,1
-188,-1204,3478,1
-302,-1235,3298,1
-143,-1311,4112,1
-92,-1260,4180,1
-289,-1231,4005,1
-75,-1310,4026,1
-78,-1350,3842,1
134,-1350,3898,1
-73,-1423,3998,1
-224,-1377,3948,1
-211,-1293,4046,1
-188,-1207,4000,1
-175,-1114,3883,1
-148,-1085,3850,1
-130,-1060,3846,1
-152,-1105,3933,1
-203,-1178,4065,1
-178,-1151,3975,1
-198,-1131,3991,1
-209,-1158,4032,1
-221,-1111,3909,1
-236,-1108,3802,1
-249,-1145,3894,1
-251,-1127,3856,1
-269,-1177,3998,1
-221,-1163,4066,1
-194,-1124,4016,1
-208,-1109,3937,1
-213,-1088,3954,1
-234,-1118,3941,1
-275,-1179,4061,1
-215,-1175,4095,1
-199,-1153,4072,1
-175,-1147,4008,1
-294,-1201,4086,1
-310,-1191,4023,1
-288,-1129,3933,1
-268,-1103,3932,1
-228,-1079,3885,1
-261,-1052,3846,1
-293,-1119,4000,1
-243,-1121,4062,1
-256,-1155,4149,1
-267,-1160,4042,1
-278,-1139,4001,1
-236,-1140,4019,1
-203,-1099,3961,1
-225,-1125,3909,1
-210,-1118,3935,1
-210,-1127,3985,1
-256,-1162,4059,1
-230,-1137,4014,1
-214,-1127,3948,1
-225,-1142,3916,1
-255,-1164,4056,1
-254,-1161,4065,1
-235,-1150,4034,1
-244,-1110,3984,1
-213,-1119,3983,1
-202,-1140,4019,1
-243,-1134,3981,1
-249,-1128,3994,1
-242,-1093,3976,1
-279,-1091,3952,1
-233,-1110,3971,1
-212,-1106,4044,1
-221,-1106,3970,1
-231,-1116,3973,1
-257,-1101,3972,1
-274,-1135,4016,1
-254,-1117,4048,1
-255,-1081,3939,1
-259,-1125,4002,1
-238,-1099,4058,1
-249,-1091,4023,1
-269,-1093,3956,1
-279,-1109,4028,1
-238,-1129,4042,1
-233,-1095,4007,1
-251,-1088,3991,1
-235,-1092,3955,1
-237,-1085,3998,1
-249,-1098,4068,1
-279,-1091,4024,1
-249,-1103,3974,1
-228,-1062,3959,1
-220,-1056,3959,1
-229,-1063,3960,1
-257,-1069,3971,1
-298,-1102,4029,1
-316,-1083,3993,1
-282,-1097,4033,1
-242,-1054,3973,1
-239,-1053,3916,1
-241,-1075,4007,1
-296,-1093,4061,1
-283,-1081,4035,1
-268,-1071,4029,1
-289,-1069,3961,1
-223,-1070,3968,1
-211,-1071,3946,1
-235,-1061,3941,1
-217,-1071,3917,1
-242,-1083,3994,1
-279,-1117,4050,1
-272,-1134,4062,1
-243,-1088,4035,1
-269,-1078,3967,1
-261,-1083,4063,1
-255,-1078,4052,1
-238,-1087,4013,1
-260,-1064,3984,1
-269,-1083,3974,1
-265,-1093,3987,1
-278,-1102,4032,1
-292,-1130,4032,1
-290,-1109,4042,1
-254,-1084,4029,1
-228,-1062,3976,1
-265,-1091,3988,1
-291,-1106,3977,1
-298,-1105,3962,1
-277,-1096,3983,1
-253,-1095,4014,1
-271,-1107,4042,1
-278,-1099,4012,1
-289,-1089,4034,1
-303,-1122,4109,1
-318,-1093,4109,1
-340,-1134,4246,1
-339,-1123,4444,1
-304,-1092,4586,1
-282,-1054,4618,1
-348,-1015,4554,1
-390,-962,4422,1
-376,-907,4342,1
-402,-897,4314,1
-404,-929,4354,1
-334,-938,4617,1
-268,-781,4448,1
-231,-715,4661,1
-250,-691,4877,1
-355,-720,5004,1
-365,-730,5099,1
-451,-689,4893,1
-599,-760,4520,1
-444,-891,4789,1
-442,-1138,5352,1
-587,-1105,5139,1
-766,-1127,4631,1
-825,-1036,4201,1
-774,-912,3970,1
-527,-953,4149,1
-750,-1086,4418,1
-740,-1029,4339,1
-775,-920,3805,1
-638,-773,3511,1
-527,-586,3467,1
-520,-391,3245,1
-432,-356,3095,1
-606,-495,3044,1
-708,-394,3320,1
-556,-354,3470,1
-538,-258,3366,1
-436,-160,3234,1
-430,-120,3308,1
-494,-118,3747,1
-444,-30,3979,1
-478,-4,3627,1
-420,-5,3474,1
-425,23,3532,1
-575,41,3596,1
-693,57,3576,1
-695,92,3654,1
-575,133,3685,1
-491,137,3514,1
-434,118,3465,1
-562,161,3531,1
-629,141,3606,1
-630,123,3729,1
-657,150,3771,1
-661,167,3712,1
-724,197,3935,1
-651,209,4111,1
-644,238,4035,1
-637,260,3942,1
-585,231,3985,1
-606,240,4003,1
-616,277,3973,1
-636,257,3901,1
-618,238,3822,1
-592,251,3587,1
-548,232,3303,1
-488,186,3009,1
-550,155,2675,1
-611,112,2498,1
-766,68,2456,1
-814,-41,2586,1
-771,-159,2520,1
-830,-265,2349,1
-960,-219,2183,1
-867,-236,2660,1
-639,-532,3116,1
-511,-660,3457,1
-525,-505,3490,1
-551,-545,3634,1
-431,-535,3770,1
-616,-645,4133,1
-923,-904,4879,1
-823,-796,5861,1
-792,-518,5394,1
-700,-234,4927,1
-490,-373,5072,1
-113,-337,4685,1
100,-211,4423,1
-84,-582,5647,1
-615,-895,6156,1
-539,-688,5731,1
-1220,-984,6394,1
-1305,-1331,7225,1
-1615,-1573,7697,1
-2073,-1551,7222,1
-2436,-1549,6535,1
-2621,-1468,5697,1
-2371,-1374,5131,1
-2032,-1436,5177,1
-2040,-1667,5377,1
-2357,-1840,5267,1
-2645,-1858,4691,1
-2562,-1994,4355,1
-1679,-2204,5481,1
-1657,-2310,5599,1
-1706,-2188,5072,1
-1619,-1994,3797,1
-1712,-1728,2901,1
-1192,-1518,2917,1
-636,-1006,2569,1
-657,-930,2337,1
-484,-642,1980,1
-252,-270,1971,1
-134,-140,2058,1
-426,-301,2037,1
-462,-205,2072,1
-584,-240,2342,1
-370,-221,2882,1
-312,-179,3331,1
-258,-70,3273,1
-186,-18,3051,1
-240,38,3121,1
-235,65,3445,1
-236,38,3862,1
-232,22,4120,1
-261,2,3951,1
-334,30,3939,1
-432,-93,4197,1
-616,-217,4479,1
-448,-212,4450,1
-412,-204,4322,1
-399,-218,4164,1
-447,-190,4175,1
-473,-144,4135,1
-566,-163,4113,1
-517,-131,4254,1
-489,-105,4125,1
-484,-119,4034,1
-494,-120,4012,1
-479,-93,3972,1
-529,-113,3961,1
-651,-138,4194,1
-525,-160,4086,1
-562,-140,3974,1
-527,-119,4004,1
-562,-127,4022,1
-539,-169,4079,1
-546,-148,4037,1
-536,-165,4048,1
-560,-178,4110,1
-556,-184,4082,1
-543,-179,4062,1
-555,-179,4119,1
-545,-161,4193,1
-560,-189,4143,1
-530,-149,4101,1
-543,-153,4057,1
-531,-143,4083,1
-565,-127,4080,1
-599,-167,4066,1
-580,-159,4072,1
-580,-154,4072,1
-572,-135,4007,1
-593,-166,4030,1
-611,-199,4123,1
-561,-221,4146,1
-582,-206,4110,1
-613,-183,4095,1
-587,-145,4080,1
-563,-162,4058,1
-564,-178,4081,1
-572,-182,4160,1
-618,-223,4103,1
-639,-231,4154,1
-540,-212,4166,1
-478,-197,4062,1
-469,-152,3983,1
-513,-167,3968,1
-566,-188,3964,1
-602,-195,3987,1
-562,-241,4006,1
-581,-270,4122,1
-520,-248,4196,1
-569,-207,4083,1
-674,-187,4158,1
-772,-210,4291,1
-964,-276,4280,1
-1106,-326,4250,1
-1302,-263,4091,1
-1432,-253,4021,1
-1702,-229,3997,1
-1807,-326,3975,1
-1362,-297,4105,1
-853,-265,4266,1
-647,-187,4146,1
-544,-145,4007,1
-608,-168,3941,1
-657,-181,3967,1
-467,-126,4056,1
-362,-87,4098,1
-420,-74,4007,1
-529,-58,4006,1
-513,-61,4054,1
-356,-44,4087,1
-361,-18,4013,1
-589,-60,4014,1
-675,-88,4075,1
-511,-88,4189,1
-357,-50,4120,1
-511,-66,3993,1
-648,-70,4031,1
-558,-70,4070,1
-521,-48,4049,1
-568,-65,4003,1
-527,-46,4033,1
-590,-118,4201,1
-539,-149,4214,1
-486,-121,4115,1
-458,-88,4021,1
-392,-28,4003,1
-397,-30,4019,1
-413,-25,4006,1
-487,-58,4037,1
-518,-61,4097,1
-462,-32,4111,1
-544,-59,4085,1
-631,-89,4108,1
-691,-113,4205,1
-701,-109,4146,1
-701,-84,4114,1
-708,-93,4136,1
-722,-94,4180,1
-681,-102,4151,1
-693,-98,4103,1
-700,-84,4079,1
-701,-85,4114,1
-705,-83,4059,1
-687,-62,4071,1
-704,-74,4084,1
-735,-106,4063,1
-713,-64,4062,1
-735,-89,4057,1
-739,-113,4036,1
-729,-107,4053,1
-679,-86,4037,1
-677,-68,4000,1
-667,-46,3996,1
-672,-62,4018,1
-680,-42,4040,1
-696,-74,4106,1
-681,-107,4151,1
-687,-107,4100,1
-671,-84,4070,1
-670,-69,4011,1
-702,-41,4031,1
-657,-42,4015,1
-711,-69,4082,1
-686,-76,4176,1
-674,-62,4176,1
-664,-78,4136,1
-677,-40,4116,1
-631,-66,4157,1
-670,-40,4136,1
-729,-64,4075,1
-711,-36,4078,1
-732,-60,4077,1
-730,-87,4123,1
-712,-84,4098,1
-723,-61,4025,1
-704,-51,4013,1
-696,-30,3982,1
-713,-38,4051,1
-702,-74,4061,1
-702,-52,4087,1
-660,-17,4054,1
-676,8,3981,1
-698,-16,4036,1
-669,-34,4036,1
-659,-14,4028,1
-652,-36,4023,1
-652,-52,3968,1
-637,-31,3842,1
-707,-31,3681,1
-686,-48,3592,1
-728,-109,3448,1
-811,-283,3182,1
-891,-462,2994,1
-898,-406,2734,1
-898,-271,2624,1
-825,-230,2680,1
-805,-228,2636,1
-630,-290,2564,1
-591,-465,2503,1
-145,-383,2753,1
53,-223,2459,1
160,-428,2247,1
-14,-682,2822,1
-386,-647,3831,1
-492,-939,3573,1
-304,-1186,2813,1
-161,-1031,3629,1
32,-1077,4576,1
-165,-1272,5285,1
-244,-1186,5197,1
-178,-1179,5151,1
67,-1523,6069,1
-70,-1608,7011,1
-339,-1285,6249,1
-189,-1104,5914,1
113,-1066,6227,1
137,-1028,6625,1
-210,-1160,7214,1
-1734,-1400,6800,1
-1869,-1425,6469,1
-1872,-1399,5775,1
-1907,-1438,5136,1
-2004,-1592,4730,1
-2208,-1868,4576,1
-2172,-2521,5580,1
-1801,-2612,6136,1
-1540,-2483,5441,1
-1862,-2497,4673,1
-2047,-2460,4052,1
-1991,-2568,4003,1
-1443,-2643,4731,1
-1538,-2637,4870,1
-1455,-2466,4097,1
-1344,-2038,3111,1
-911,-1567,2485,1
-519,-813,2261,1
-509,-559,2153,1
-425,-417,1906,1
-215,-457,2084,1
-319,-538,2396,1
-605,-531,2703,1
-501,-521,2779,1
-233,-428,2762,1
-70,-377,2802,1
-187,-365,3067,1
-223,-368,3495,1
-243,-481,3656,1
-313,-404,3702,1
-312,-250,3655,1
-277,-169,3634,1
-295,-162,3675,1
-262,-133,3936,1
-369,-177,4149,1
-385,-238,4008,1
-400,-260,4078,1
-437,-302,4278,1
-392,-314,4357,1
-371,-331,4263,1
-452,-336,4180,1
-471,-310,4179,1
-522,-264,4153,1
-505,-247,4092,1
-477,-215,4075,1
-407,-222,4044,1
-397,-254,4036,1
-412,-241,4096,1
-459,-250,4097,1
-440,-252,4109,1
-459,-251,4042,1
-482,-222,4018,1
-464,-214,4007,1
-443,-251,4018,1
-496,-277,4072,1
-491,-262,4029,1
-486,-227,4070,1
-457,-226,4084,1
-482,-227,4113,1
-469,-246,4087,1
-505,-259,4121,1
-503,-245,4114,1
-486,-234,4088,1
-473,-218,4049,1
-499,-252,4079,1
-488,-247,4066,1
-513,-246,4109,1
-519,-287,4181,1
-514,-260,4109,1
-510,-250,4002,1
-492,-215,4022,1
-477,-223,3995,1
-498,-257,4122,1
-522,-242,4041,1
-544,-242,4024,1
-551,-255,4066,1
-511,-246,4138,1
-475,-266,4082,1
-498,-272,4100,1
-521,-287,4153,1
-555,-287,4090,1
-544,-277,4103,1
-534,-282,4152,1
-466,-278,4153,1
-460,-283,4102,1
-475,-260,4067,1
-483,-274,4071,1
-492,-291,4105,1
-491,-289,4128,1
-474,-262,4102,1
-469,-285,4057,1
-532,-289,4044,1
-562,-304,4054,1
-545,-335,4110,1
-549,-332,4082,1
-549,-297,3985,1
-572,-294,4064,1
-571,-296,4083,1
-573,-294,4052,1
-581,-266,4004,1
-565,-277,4000,1
-609,-302,4039,1
-558,-331,4085,1
