sequence,AccelerometerX,AccelerometerY,AccelerometerZ,GyroscopeX,GyroscopeY,GyroscopeZ
0,-566,110,925,226,2540,1804
1,-494,95,888,263,2267,1763
2,-450,93,848,187,2367,1651
3,-450,115,845,64,2439,1460
4,-484,133,864,-63,2206,1149
5,-497,148,864,-18,1755,805
6,-506,161,808,77,1218,448
7,-515,158,791,31,708,98
8,-535,166,788,-245,316,-181
9,-547,145,828,-458,-180,-427
10,-550,108,884,-610,-512,-560
11,-534,75,932,-657,-760,-620
12,-472,45,925,-487,-870,-644
13,-458,52,892,-303,-725,-636
14,-462,80,892,-243,-688,-673
15,-458,80,902,-163,-932,-855
16,-454,95,897,-98,-1268,-1030
17,-449,89,871,-8,-1548,-1214
18,-471,89,862,-3,-1893,-1456
19,-519,115,868,-61,-2329,-1718
20,-583,102,910,-42,-3089,-2017
21,-588,78,915,-32,-3796,-2101
22,-559,77,888,15,-3958,-1982
23,-453,44,880,-122,-3716,-1700
24,-406,43,908,-401,-2989,-1314
25,-391,51,937,-555,-2167,-956
26,-411,56,932,-624,-1585,-712
27,-398,97,897,-567,-1157,-519
28,-405,96,892,-622,-1221,-529
29,-363,82,920,-794,-1448,-587
30,-347,67,920,-876,-1442,-620
31,-359,57,917,-905,-1327,-632
32,-395,32,929,-925,-1391,-611
33,-375,-13,925,-960,-1352,-450
34,-366,-50,974,-1010,-1044,-161
35,-373,-92,1022,-1040,-710,132
36,-341,-115,1071,-993,-444,493
37,-284,-110,1078,-673,-321,778
38,-259,-83,1023,-255,-473,843
39,-276,-67,997,15,-987,667
40,-266,-56,977,15,-1538,429
41,-239,-67,948,-65,-1889,192
42,-206,-57,944,-173,-2061,-38
43,-177,-65,972,-417,-2270,-304
44,-138,-69,977,-639,-2706,-669
45,-149,-66,962,-712,-2911,-913
46,-148,-59,919,-698,-3155,-1126
47,-128,-47,941,-967,-3714,-1364
48,-156,-23,974,-1387,-4464,-1570
49,-59,-84,923,-2374,-5860,-1409
50,-31,-158,975,-2175,-5639,-1390
51,14,-147,1002,-1948,-5032,-1355
52,-20,-72,1036,-1967,-4428,-1154
53,104,-106,1088,-2089,-4731,-1296
54,265,-63,1004,-1632,-5577,-2056
55,105,-98,708,-823,-5161,-2607
56,-63,-22,732,-897,-3128,-2347
57,-110,-117,1025,-1407,-3167,-1902
58,-91,-127,984,-1551,-3016,-1570
59,16,-171,971,-1536,-2083,-882
60,92,-230,961,-1448,-1022,-329
61,51,-345,1045,-1829,-448,-93
62,6,-362,1071,-2784,-432,-202
63,117,-319,1062,-3505,-362,-142
64,138,-336,985,-3370,242,-161
65,50,-311,1107,-2811,759,-5
66,40,-349,1082,-1796,1517,448
67,101,-374,1086,-1184,1825,843
68,253,-404,1104,-491,2036,1136
69,258,-509,1075,234,2286,1559
70,301,-536,1093,835,2462,1794
71,165,-454,1141,1038,1997,1688
72,55,-372,1146,1415,1995,1985
73,-30,303,1209,1087,1712,2399
74,-20,-303,1031,-1313,220,3669
75,207,-522,1088,-2991,-1114,3770
76,-53,-573,1055,-2678,-928,4325
77,-516,-608,905,-1341,156,4038
78,-386,-363,889,1425,484,3300
79,198,64,1015,2591,743,1735
80,609,-376,984,-192,1236,-851
81,265,-420,927,-1755,1476,-404
82,8,-286,1102,-2604,638,723
83,12,-380,1072,-2805,-710,923
84,2,-498,970,-2942,-1760,751
85,-74,-554,894,-2829,-2282,491
86,-38,-600,792,-2214,-2217,286
87,-115,-441,603,-704,-1075,-187
88,3,-462,913,1408,1003,-857
89,-60,-390,1032,1404,1642,-1103
90,-127,-347,1030,1372,1833,-1704
91,-126,-448,961,822,2154,-2226
92,7,-490,853,-276,2271,-2255
93,-22,-468,835,-872,2009,-2122
94,-56,-459,828,-1276,1718,-1919
95,-17,-478,925,-1387,1318,-1519
96,-31,-453,837,-1499,909,-1314
97,-46,-458,841,-1575,611,-1599
98,64,-450,682,-1473,691,-1732
99,95,-470,622,-1175,677,-1724
100,79,-471,585,-534,609,-1706
101,77,-345,698,722,310,-1773
102,56,-250,727,972,367,-1896
103,78,-372,806,808,353,-2027
104,18,-259,757,1294,-14,-2142
105,17,-225,903,1017,-249,-3005
106,56,-544,981,-104,417,-3386
107,125,-445,896,-1387,1146,-2831
108,149,-203,912,-1762,919,-2732
109,115,-208,845,-1614,652,-2499
110,95,-300,846,-1700,611,-1972
111,37,-327,809,-1249,952,-1423
112,95,-325,748,-555,1351,-1140
113,131,-267,782,-116,1775,-1068
114,82,-245,788,64,2236,-1423
115,16,-476,853,-34,2615,-1782
116,-39,-406,916,183,2781,-1446
117,-40,-300,925,650,2962,-1226
118,-106,-420,993,527,2939,-1630
119,-154,-551,1041,890,3013,-1847
120,-146,-418,1097,1493,2947,-1685
121,-144,-347,1030,1501,2882,-1472
122,-135,-490,982,1361,2925,-1275
123,-282,-539,1160,1286,2626,-892
124,-198,-514,1072,1380,1900,-661
125,-209,-506,1095,1234,1724,-525
126,-185,-510,1160,1195,1572,-491
127,-208,-497,1150,1015,1275,-405
128,-239,-452,1153,681,947,-216
129,-229,-445,1133,288,734,95
130,-184,-432,1135,111,673,370
131,-172,-432,1122,77,529,581
132,-187,-437,1156,214,316,761
133,-176,-441,1133,458,46,913
134,-222,-451,1144,531,-339,973
135,-253,-450,1113,296,-667,968
136,-270,-415,1110,-91,-819,1034
137,-228,-403,1059,-542,-800,1138
138,-243,-387,1042,-805,-657,1296
139,-194,-310,1017,-780,-403,1606
140,-87,-284,912,-594,-315,1688
141,-194,-351,958,-438,-116,1807
142,-115,-339,963,-559,-135,1505
143,-101,-198,1000,-46,-192,688
144,-150,-341,881,1040,-26,-279
145,-90,-332,905,1355,-12,-234
146,-61,-338,903,1273,-79,-212
147,-72,-310,896,1310,-262,-216
148,-73,-327,880,1200,-255,-79
149,-94,-317,850,1056,-182,61
150,-127,-349,840,1140,-71,73
151,-140,-367,938,1226,-73,-71
152,-187,-356,963,1021,-30,-314
153,-181,-357,967,683,27,-550
154,-141,-338,973,441,-3,-775
155,-144,-323,949,408,-212,-984
156,-101,-271,930,656,-467,-1087
157,-88,-244,930,925,-737,-1214
158,-70,-205,906,1173,-991,-1079
159,-101,-165,900,1472,-1007,-989
160,-97,-179,918,1564,-817,-923
161,-110,-194,913,1628,-479,-958
162,-111,-251,912,1636,-130,-974
163,-108,-235,901,1564,120,-986
164,-124,-217,904,1423,324,-1058
165,-148,-261,941,1325,425,-1155
166,-147,-237,949,1284,458,-1132
167,-113,-244,998,1212,509,-1222
168,-116,-230,972,1146,462,-1224
169,-89,-182,972,1013,359,-1083
170,-107,-125,955,810,359,-751
171,-104,-123,907,730,583,-226
172,-98,-135,958,1179,882,298
173,-128,-159,1006,1931,1113,518
174,-138,-158,1092,2189,1206,518
175,-214,-209,1123,1808,1017,628
176,-239,-192,1139,1406,947,848
177,-240,-72,1131,855,857,1294
178,-225,-294,1121,620,642,1587
179,-203,-118,1082,615,337,1522
180,-224,-161,1071,439,242,1653
181,-223,-146,1070,382,259,1835
182,-235,-186,1074,296,251,2022
183,-243,-208,1097,-55,261,2147
184,-246,-208,1089,-594,255,2171
185,-261,-207,1075,-1157,306,2194
186,-255,-170,972,-1639,493,2290
187,-233,-245,965,-1217,947,2098
188,-247,-175,939,-1604,1132,2477
189,-186,-186,920,-1352,874,2102
190,-203,-188,961,-825,904,1940
191,-232,-206,984,-579,742,1764
192,-220,-199,978,-518,552,1489
193,-228,-208,974,-536,437,1134
194,-233,-203,958,-507,390,833
195,-210,-184,963,-321,390,595
196,-229,-189,967,-77,374,413
197,-232,-192,978,238,251,317
198,-254,-177,1000,546,72,134
199,-243,-179,1000,716,-81,-13
200,-240,-155,974,728,-159,-79
201,-246,-131,978,685,-186,-105
202,-243,-131,968,607,-182,-114
203,-256,-127,971,476,-94,-97
204,-242,-139,974,339,-3,-165
205,-245,-138,988,222,40,-265
206,-246,-129,972,177,21,-312
207,-245,-138,974,152,-10,-335
208,-254,-128,946,130,33,-374
209,-238,-106,967,93,142,-372
210,-233,-115,975,27,204,-277
211,-230,-131,984,-48,193,-202
212,-239,-139,981,-81,181,-195
213,-243,-129,958,-145,228,-177
214,-254,-135,960,-118,283,-152
215,-254,-131,965,-83,327,-173
216,-253,-141,971,-96,408,-204
217,-259,-168,955,-137,525,-257
218,-256,-166,910,-212,706,-310
219,-260,-172,911,-282,1005,-378
220,-266,-177,933,-350,1386,-378
221,-294,-163,955,-348,1765,-374
222,-287,-157,1015,-161,2177,-413
223,-328,-116,1092,81,2480,-433
224,-371,-65,1162,187,2630,-366
225,-366,-26,1251,296,2552,-224
226,-414,-22,1306,421,2267,-93
227,-429,-33,1303,345,1908,-42
228,-486,-142,1277,165,1941,-171
229,-562,-189,1291,-305,2355,-595
230,-637,-200,1335,-1178,3218,-1185
231,-680,-182,1473,-1934,4177,-1540
232,-708,-154,1647,-2296,4585,-1646
233,-767,-120,1815,-2005,4427,-1548
234,-821,-128,2003,-1319,3769,-1216
235,-884,-118,2048,-350,2773,-851
236,-948,-115,2048,597,1577,-542
237,-1001,-95,2048,1343,269,-251
238,-1048,-103,2048,1732,-1122,65
239,-1064,-148,2048,1841,-2589,413
240,-1063,-205,2048,1757,-4108,632
241,-1071,-274,2048,1585,-5573,682
242,-1063,-343,2048,1347,-6856,671
243,-1080,-373,1870,1009,-7926,665
244,-1022,-448,1607,742,-8735,610
245,-1034,-511,1414,531,-9362,595
246,-981,-541,1199,361,-9848,468
247,-950,-585,997,199,-10280,309
248,-883,-567,805,62,-10647,116
249,-826,-556,640,29,-11030,-11
250,-750,-534,444,156,-11339,-77
251,-678,-517,283,495,-11563,-155
252,-582,-482,154,1021,-11675,-257
253,-482,-449,31,1624,-11645,-388
254,-368,-395,-64,1972,-11366,-523
255,-266,-311,-165,1976,-10727,-677
256,-149,-254,-266,1669,-9827,-732
257,-35,-158,-353,1310,-8690,-730
258,80,-65,-388,976,-7442,-646
259,178,21,-422,743,-6202,-476
260,248,87,-427,652,-5030,-236
261,298,126,-399,699,-3977,28
262,320,174,-374,745,-3061,270
263,342,178,-360,792,-2344,434
264,349,160,-351,820,-1796,468
265,366,165,-326,818,-1372,350
266,371,155,-334,745,-1001,139
267,377,169,-327,718,-600,-42
268,388,179,-331,722,-192,-165
269,382,191,-321,765,206,-265
270,390,251,-298,845,646,-286
271,401,298,-246,892,1060,-163
272,408,317,-223,865,1435,83
273,411,317,-213,822,1814,391
274,410,284,-177,740,2187,714
275,366,229,-155,722,2579,944
276,306,188,-132,810,2972,1093
277,259,143,-118,872,3372,1200
278,227,91,-82,833,3771,1233
279,186,73,-51,771,4210,1192
280,141,77,3,736,4687,1157
281,111,77,47,738,5175,1194
282,80,98,82,765,5632,1360
283,50,88,193,865,6058,1575
284,-10,62,249,964,6339,1761
285,-90,48,339,952,6540,1837
286,-133,65,386,896,6831,1821
287,-159,46,457,738,7138,1827
288,-183,21,552,687,7480,1870
289,-269,23,643,870,7777,1905
290,-365,11,719,997,7988,2071
291,-476,-37,840,1017,8150,2329
292,-597,-86,995,1105,8286,2501
293,-677,-121,1246,1181,8357,2438
294,-749,-141,1593,1396,8374,2200
295,-799,-166,1903,1439,8029,1874
296,-835,-173,2048,1218,7404,1505
297,-862,-151,2048,1025,6740,1063
298,-891,-75,2048,882,5984,673
299,-867,46,2048,531,5074,589
300,-835,77,2048,-157,4054,696
301,-816,48,2048,-1057,2943,747
302,-792,-20,2048,-1971,1964,581
303,-738,-91,2048,-2829,1226,243
304,-671,-153,2048,-3538,585,-93
305,-609,-208,2048,-3903,-75,-411
306,-558,-246,2048,-3891,-727,-706
307,-509,-288,1815,-3594,-1272,-923
308,-441,-295,1579,-3171,-1757,-1023
309,-392,-297,1414,-2833,-2180,-917
310,-354,-310,1266,-2716,-2546,-665
311,-302,-352,1116,-2776,-2815,-384
312,-263,-364,981,-2815,-3008,-290
313,-221,-397,838,-2764,-3079,-329
314,-205,-388,705,-2550,-3016,-478
315,-128,-380,542,-2034,-2708,-638
316,-154,-380,553,-1178,-1882,-568
317,-104,-343,523,-651,-1333,-650
318,-61,-316,526,-161,-923,-732
319,-55,-254,559,243,-454,-743
320,6,-243,581,708,46,-595
321,-50,-166,658,1327,558,-450
322,-49,-161,751,1501,468,-400
323,-68,-153,815,1503,132,-493
324,-81,-128,835,1376,-175,-689
325,-95,-89,818,988,-370,-921
326,-95,-30,837,689,-231,-1052
327,-62,-23,852,552,-87,-1073
328,-57,-13,834,841,218,-1099
329,-56,33,854,1064,439,-980
330,-64,30,880,1161,478,-792
331,-65,59,920,1341,599,-544
332,-82,60,1006,1370,640,-337
333,-88,48,1052,1327,511,-224
334,-106,48,1095,1167,281,-173
335,-138,36,1086,861,19,-169
336,-158,33,1068,454,-212,-157
337,-152,5,1041,179,-247,-138
338,-141,-22,1053,-26,-229,-109
339,-110,-57,1001,-42,-42,-95
340,-161,-52,1054,177,376,-79
341,-185,-76,1032,367,433,-25
342,-195,-87,1025,394,452,-25
343,-230,-96,1049,572,542,-83
344,-291,-125,1040,654,706,-163
345,-281,-140,1130,745,544,-179
346,-300,-162,1030,777,570,-304
347,-294,-172,1024,605,103,-349
348,-283,-187,1042,169,-108,-454
349,-292,-187,982,-108,-34,-591
350,-253,-174,984,-622,-48,-593
351,-218,-168,969,-967,89,-577
352,-192,-158,980,-987,212,-612
353,-163,-148,994,-897,191,-632
354,-165,-136,996,-786,128,-603
355,-163,-119,999,-702,48,-497
356,-154,-137,984,-616,-63,-378
357,-141,-160,964,-467,-124,-286
358,-160,-159,969,-401,-141,-245
359,-147,-155,980,-430,-143,-214
360,-160,-163,965,-510,-112,-226
361,-161,-157,961,-559,-55,-265
362,-156,-161,991,-546,13,-275
363,-163,-164,991,-528,-7,-263
364,-175,-180,987,-479,-3,-257
365,-182,-184,979,-403,23,-245
366,-181,-196,975,-305,64,-245
367,-196,-205,992,-253,115,-284
368,-193,-211,1001,-196,138,-355
369,-190,-211,1008,-126,134,-433
370,-194,-188,1013,-124,132,-530
371,-195,-167,1013,-153,142,-577
372,-173,-154,1011,-141,179,-585
373,-187,-155,1011,-96,161,-550
374,-193,-155,1020,7,124,-466
375,-188,-147,1016,134,66,-370
376,-178,-156,1012,263,-3,-306
377,-182,-160,1011,335,-63,-284
378,-188,-177,1019,263,-63,-296
379,-204,-167,1010,138,-5,-329
380,-191,-185,1017,40,66,-392
381,-202,-172,997,-42,103,-448
382,-212,-184,998,-55,101,-486
383,-197,-174,1009,11,58,-486
384,-194,-172,1014,93,-22,-466
385,-194,-149,984,183,-87,-441
386,-205,-147,988,245,-94,-411
387,-148,-109,996,253,-75,-374
388,-207,-172,998,171,-104,-337
389,-201,-161,982,222,-36,-357
390,-201,-184,983,118,-5,-388
391,-175,-157,984,31,75,-425
392,-188,-185,1005,-48,79,-419
393,-184,-167,988,72,138,-427
394,-198,-164,978,128,144,-419
395,-200,-161,981,120,204,-362
396,-193,-181,1007,42,167,-382
397,-200,-163,1002,33,177,-409
398,-208,-167,1026,-38,179,-386
399,-181,-175,1017,-108,138,-390
400,-201,-182,999,-120,56,-364
401,-179,-175,990,-155,-50,-345
402,-185,-177,995,-149,-65,-337
403,-185,-177,980,-92,-20,-333
404,-174,-168,1008,-44,46,-329
405,-186,-149,996,13,113,-292
406,-196,-172,1002,1,95,-210
407,-188,-164,1003,64,62,-253
408,-193,-133,1039,144,-30,-304
409,-157,-117,1019,136,-141,-331
410,-168,-129,1021,93,-198,-312
411,-187,-125,1032,40,-221,-306
412,-168,-129,1011,33,-231,-255
413,-161,-141,1006,11,-247,-228
414,-174,-160,982,-18,-251,-245
415,-171,-165,995,-50,-210,-263
416,-181,-152,1000,-40,-110,-267
417,-170,-152,1007,-42,-63,-257
418,-168,-171,1014,-24,-30,-206
419,-159,-178,1020,-32,-36,-202
420,-171,-184,1007,-24,-22,-251
421,-175,-184,1002,-5,-18,-314
422,-170,-185,999,34,-22,-364
423,-165,-173,1007,101,-32,-413
424,-174,-160,1026,212,-55,-448
425,-174,-159,1010,284,-89,-452
426,-168,-167,1024,284,-112,-493
427,-167,-144,1013,228,-165,-546
428,-174,-153,1007,228,-153,-583
429,-166,-131,988,169,-102,-601
430,-170,-124,1011,171,-61,-581
431,-168,-126,1000,202,-38,-568
432,-158,-135,1011,210,-36,-571
433,-163,-127,1006,232,-51,-566
434,-157,-133,1018,206,-69,-568
435,-164,-142,1006,189,-118,-605
436,-160,-129,1014,64,-176,-661
437,-172,-129,1001,-36,-194,-685
438,-178,-109,996,-89,-196,-716
439,-163,-118,1001,-151,-151,-652
440,-169,-145,1003,3,34,-693
441,-128,-90,959,199,220,-609
442,-160,-119,1003,91,150,-509
443,-170,-138,973,142,120,-497
444,-180,-149,962,240,206,-493
445,-196,-134,965,333,370,-548
446,-181,-141,992,343,355,-431
447,-147,-155,1039,269,183,-382
448,-165,-157,1030,218,-108,-409
449,-176,-152,1003,134,-335,-446
450,-168,-142,971,36,-413,-448
451,-158,-136,961,-36,-335,-398
452,-160,-140,970,-153,-206,-341
453,-160,-147,957,-231,-89,-312
454,-150,-152,972,-243,27,-282
455,-152,-151,994,-143,158,-267
456,-141,-152,991,-53,226,-243
457,-151,-138,1003,3,202,-228
458,-161,-133,995,85,158,-222
459,-159,-126,980,150,163,-159
460,-157,-145,963,191,245,-75
461,-186,-153,970,238,380,-27
462,-173,-149,952,240,490,36
463,-167,-140,1001,163,507,89
464,-177,-144,1017,113,437,79
465,-187,-143,1024,105,337,22
466,-180,-136,1028,87,210,3
467,-181,-144,1033,79,83,-7
468,-181,-129,1016,89,-51,-27
469,-185,-131,994,107,-133,-29
470,-180,-131,991,126,-145,-9
471,-183,-128,1002,103,-110,18
472,-172,-128,1003,29,-57,11
473,-157,-118,1012,-26,9,-19
474,-153,-129,1006,-53,60,-73
475,-158,-118,991,-102,97,-103
476,-166,-129,996,-139,130,-89
477,-156,-129,996,-120,169,-73
478,-157,-112,998,-73,179,-46
479,-149,-107,1017,-26,161,-3
480,-156,-108,1012,23,134,52
481,-155,-121,1010,44,105,124
482,-157,-137,1007,52,70,180
483,-177,-136,992,31,17,192
484,-181,-122,1001,13,19,175
485,-189,-151,989,-30,54,126
486,-188,-146,988,-34,101,61
487,-182,-152,1000,-3,158,22
488,-168,-142,1022,-10,120,-34
489,-178,-136,1014,25,107,57
490,-183,-154,1017,68,134,91
491,-182,-149,1014,91,126,73
492,-181,-154,1026,89,81,61
493,-187,-148,1022,79,58,46
494,-181,-156,1014,79,58,36
495,-182,-156,1017,87,38,13
496,-189,-156,995,89,36,-17
497,-186,-148,1006,89,72,-27
498,-187,-142,980,74,115,-50
499,-179,-138,974,118,216,-36
500,-171,-139,985,132,251,16
501,-173,-132,993,228,245,59
502,-166,-136,985,277,228,96
503,-174,-134,987,327,216,120
504,-175,-141,985,361,234,126
505,-164,-150,964,327,277,122
506,-166,-147,979,238,333,95
507,-180,-159,969,189,388,61
508,-178,-144,981,165,437,28
509,-159,-142,961,130,484,11
510,-185,-131,975,103,529,-25
511,-175,-157,981,107,605,-1
512,-172,-149,983,132,693,-7
513,-167,-146,990,206,775,-7
514,-174,-124,1001,331,900,-21
515,-160,-87,1032,540,1075,-21
516,-176,-61,1063,775,1249,-42
517,-214,-39,1095,954,1484,-70
518,-260,-29,1131,1064,1857,-109
519,-320,-60,1189,845,2406,-228
520,-375,-46,1255,460,3169,-511
521,-430,-20,1344,56,3978,-741
522,-504,18,1469,-178,4626,-950
523,-557,58,1608,-182,4925,-1091
524,-613,89,1670,-38,4964,-1128
525,-663,132,1760,72,4874,-1105
526,-707,183,1797,238,4825,-991
527,-750,243,1862,324,4669,-759
528,-801,337,1922,497,4411,-366
529,-886,416,2014,870,4036,223
530,-977,388,2048,1286,3404,987
531,-1053,370,2048,1804,2324,1665
532,-1126,270,2048,2128,863,2317
533,-1183,169,2048,2124,-917,2768
534,-1250,78,2048,1816,-2788,3026
535,-1278,-5,2048,1511,-4510,3153
536,-1308,-76,2047,1339,-6075,3210
537,-1301,-147,1862,1218,-7397,3173
538,-1251,-227,1674,943,-8415,3022
539,-1194,-277,1434,292,-9216,2759
540,-1102,-326,1202,-503,-9782,2343
541,-970,-343,974,-1282,-10258,1798
542,-841,-296,744,-1975,-10721,1210
543,-728,-234,509,-2421,-11241,772
544,-612,-188,284,-2520,-11823,499
545,-520,-161,53,-2319,-12341,372
546,-455,-177,-166,-1870,-12591,382
547,-388,-183,-333,-1274,-12577,466
548,-335,-212,-471,-729,-12231,544
549,-273,-219,-594,-317,-11417,614
550,-221,-222,-675,-87,-10132,596
551,-159,-221,-689,56,-8546,561
552,-106,-200,-665,159,-6921,501
553,-69,-167,-599,245,-5481,425
554,-27,-132,-558,271,-4389,356
555,-11,-104,-507,314,-3581,268
556,17,-66,-479,388,-2936,175
557,65,-17,-505,521,-2376,116
558,99,23,-493,759,-1864,118
559,142,23,-522,995,-1305,116
560,180,39,-547,1202,-639,126
561,196,52,-517,1367,128,112
562,222,94,-483,1499,923,44
563,247,133,-406,1583,1634,-27
564,244,155,-344,1523,2214,-44
565,217,164,-264,1415,2714,14
566,199,146,-222,1230,3165,136
567,184,122,-209,1044,3572,227
568,158,107,-196,923,3972,278
569,124,108,-166,933,4488,345
570,87,88,-94,954,5122,458
571,67,88,-26,927,5769,534
572,68,91,108,943,6341,536
573,24,160,226,1152,6726,596
574,-12,220,372,1661,7031,874
575,-48,224,473,2101,7222,1231
576,-107,207,575,2099,7476,1581
577,-176,172,724,1781,8011,1749
578,-254,158,928,1376,8724,1723
579,-315,125,1169,1124,9484,1698
580,-371,65,1441,939,9900,1696
581,-468,22,1787,835,9906,1569
582,-572,10,2048,665,9396,1221
583,-658,21,2048,281,8558,829
584,-695,26,2048,-288,7617,595
585,-716,10,2048,-932,6617,507
586,-726,-17,2048,-1417,5609,497
587,-715,-43,2048,-1555,4691,561
588,-713,-106,2048,-1440,3775,636
589,-710,-158,2048,-1419,2783,657
590,-713,-180,2048,-1548,1878,559
591,-661,-192,2048,-1673,1152,438
592,-607,-183,2048,-1727,507,325
593,-569,-168,1980,-1747,-30,212
594,-522,-160,1828,-1774,-411,141
595,-478,-141,1679,-1772,-676,147
596,-430,-130,1546,-1663,-874,169
597,-387,-120,1418,-1507,-1032,208
598,-373,-125,1328,-1337,-1120,276
599,-352,-145,1219,-1173,-1178,319
600,-336,-141,1143,-1040,-1194,284
601,-322,-132,1066,-868,-1173,210
602,-310,-136,981,-714,-1108,159
603,-300,-104,936,-602,-969,130
604,-258,-86,919,-407,-839,118
605,-261,-52,890,-128,-776,128
606,-235,-25,905,193,-809,175
607,-223,-32,890,472,-934,233
608,-218,-35,900,552,-1069,245
609,-218,-33,870,507,-1094,231
610,-213,-26,844,327,-997,128
611,-199,-10,843,130,-815,5
612,-172,20,851,48,-647,-73
613,-165,27,847,56,-538,-99
614,-173,36,861,101,-462,-118
615,-177,34,845,132,-354,-134
616,-196,35,871,144,-175,-138
617,-189,31,913,148,-7,-140
618,-189,41,928,117,91,-148
619,-174,35,950,48,103,-148
620,-193,32,971,-89,81,-165
621,-197,14,964,-266,68,-218
622,-211,2,974,-444,70,-296
623,-220,-4,963,-604,101,-370
624,-227,-7,978,-710,144,-402
625,-218,9,975,-714,165,-372
626,-223,-10,991,-602,138,-259
627,-218,-13,991,-425,99,-138
628,-229,-17,996,-296,87,-38
629,-225,-33,1006,-200,72,61
630,-235,-41,1024,-135,-1,118
631,-252,-66,1029,-91,-61,108
632,-258,-72,1026,-96,-71,11
633,-262,-84,1030,-225,-59,-97
634,-256,-92,1004,-383,-44,-212
635,-246,-79,988,-499,-30,-316
636,-236,-52,994,-518,9,-362
637,-272,-34,981,-380,83,-323
638,-232,-29,980,-214,171,-241
639,-224,-30,981,-67,191,-154
640,-229,-40,993,1,128,-89
641,-230,-44,995,3,66,-34
642,-241,-52,985,11,-10,-9
643,-241,-38,1035,44,-104,22
644,-233,-50,1013,89,-249,20
645,-236,-45,997,117,-397,7
646,-232,-62,987,99,-458,-30
647,-254,-65,998,31,-460,-77
648,-245,-69,984,-77,-407,-154
649,-241,-69,965,-196,-303,-237
650,-233,-56,994,-309,-202,-265
651,-236,-54,999,-337,-147,-247
652,-217,-50,1001,-305,-135,-196
653,-208,-55,990,-216,-163,-142
654,-208,-82,1009,-147,-206,-112
655,-215,-83,991,-147,-223,-116
656,-213,-87,991,-196,-194,-144
657,-225,-93,982,-210,-143,-161
658,-218,-88,996,-194,-108,-152
659,-216,-82,987,-188,-71,-120
660,-209,-93,996,-149,-57,-71
661,-210,-89,1000,-118,-61,-32
662,-215,-106,991,-100,-61,-19
663,-221,-109,996,-96,-38,-34
664,-215,-108,1000,-114,-20,-50
665,-209,-111,978,-106,-30,-64
666,-210,-107,989,-63,-36,-66
667,-198,-110,987,-18,-38,-79
668,-205,-104,993,-1,-32,-109
669,-208,-91,1007,11,-5,-120
670,-214,-102,984,-7,31,-132
671,-218,-110,997,-10,64,-128
672,-219,-120,987,-5,89,-130
673,-218,-130,995,-32,126,-155
674,-224,-127,991,-53,140,-200
675,-215,-111,998,-32,140,-241
676,-204,-117,1003,11,115,-263
677,-210,-96,1004,44,93,-265
678,-212,-107,1004,85,70,-243
679,-205,-116,997,91,85,-228
680,-213,-126,993,72,111,-226
681,-223,-135,985,7,107,-255
682,-215,-132,984,-12,95,-286
683,-216,-128,995,29,87,-331
684,-215,-129,993,66,60,-361
685,-223,-132,987,56,44,-380
686,-229,-133,991,40,38,-392
687,-214,-138,977,9,36,-415
688,-228,-132,977,-34,46,-435
689,-213,-140,955,-24,60,-439
690,-221,-148,974,29,62,-445
691,-224,-138,980,99,81,-462
692,-219,-131,976,156,101,-489
693,-229,-119,994,158,105,-530
694,-221,-132,995,128,107,-570
695,-223,-119,998,75,91,-597
696,-216,-115,994,21,66,-626
697,-210,-103,1007,3,75,-636
698,-210,-89,1006,19,93,-607
699,-219,-92,1015,79,93,-570
700,-226,-91,1012,118,89,-548
701,-219,-77,1010,120,93,-552
702,-231,-89,1033,79,103,-564
703,-235,-71,1066,46,111,-579
704,-222,-53,1087,-1,105,-562
705,-214,-58,1068,-94,79,-534
706,-215,-53,1059,-124,52,-501
707,-213,-81,1054,-100,27,-443
708,-222,-88,1042,-53,25,-388
709,-226,-105,1028,-67,7,-335
710,-223,-113,1001,-50,-22,-331
711,-237,-106,1007,-42,-12,-366
712,-240,-100,1009,-71,34,-396
713,-221,-118,1016,-120,93,-405
714,-221,-112,1002,-141,99,-411
715,-217,-116,994,-151,48,-405
716,-225,-129,988,-175,-32,-407
717,-230,-131,998,-157,-91,-423
718,-221,-139,985,-122,-106,-443
719,-226,-136,1005,-114,-112,-468
720,-234,-135,994,-114,-102,-480
721,-238,-131,988,-116,-110,-501
722,-236,-135,981,-104,-98,-511
723,-233,-138,989,-114,-85,-530
724,-240,-148,983,-137,-65,-570
725,-227,-140,984,-147,-46,-612
726,-218,-150,979,-161,-30,-630
727,-221,-149,987,-149,-28,-650
728,-223,-143,961,-96,-38,-648
729,-216,-158,979,-46,-48,-648
730,-229,-156,962,-14,-46,-655
731,-228,-149,976,-20,-50,-695
732,-223,-153,975,-14,-28,-730
733,-231,-145,990,-20,25,-761
734,-226,-141,991,-67,93,-794
735,-221,-141,984,-132,128,-820
736,-224,-142,1009,-180,85,-831
737,-215,-148,990,-200,27,-849
738,-224,-123,983,-206,-34,-855
739,-221,-126,988,-196,-34,-835
740,-221,-118,946,-184,9,-784
741,-222,-98,942,-200,50,-642
742,-231,-134,918,-282,126,-507
743,-214,-160,988,-342,245,-429
744,-204,-154,964,-214,187,-517
745,-209,-115,983,-155,161,-568
746,-218,-118,969,-157,122,-568
747,-205,-108,990,-67,91,-560
748,-206,-120,990,-10,60,-529
749,-206,-122,970,-42,50,-532
750,-212,-122,982,-48,79,-568
751,-210,-110,979,-38,115,-591
752,-206,-110,1015,-16,148,-583
753,-207,-106,987,15,132,-571
754,-226,-111,996,46,89,-538
755,-229,-108,998,75,36,-507
756,-229,-120,1011,140,29,-511
757,-216,-114,992,169,19,-507
758,-218,-118,979,158,15,-489
759,-215,-106,983,148,1,-456
760,-229,-123,1005,234,93,-376
761,-202,-136,989,238,79,-364
762,-220,-130,984,320,206,-370
763,-222,-113,1021,288,140,-370
764,-210,-111,999,232,48,-394
765,-199,-119,983,271,33,-364
766,-207,-110,991,322,17,-314
767,-193,-108,976,355,42,-286
768,-213,-127,984,318,99,-263
769,-225,-114,980,304,146,-271
770,-220,-119,1000,292,197,-277
771,-221,-120,1011,273,197,-279
772,-219,-122,1014,275,173,-271
773,-217,-118,1013,253,144,-261
774,-230,-118,1014,234,105,-267
775,-216,-117,997,214,111,-277
776,-233,-118,1013,185,117,-279
777,-223,-122,1013,179,111,-277
778,-227,-119,1015,169,91,-265
779,-232,-125,1008,138,66,-251
780,-239,-112,989,113,42,-261
781,-232,-126,1009,81,19,-265
782,-223,-124,995,60,-1,-251
783,-227,-117,990,66,-5,-249
784,-228,-125,1007,60,13,-251
785,-233,-131,1000,64,25,-251
786,-230,-129,1007,9,19,-282
787,-232,-116,994,-100,11,-318
788,-236,-126,975,-143,-7,-327
789,-220,-108,969,-116,-24,-302
790,-205,-116,965,-63,-32,-263
791,-222,-114,961,-34,-16,-224
792,-215,-115,958,-26,40,-208
793,-219,-124,959,-38,134,-216
794,-215,-131,973,-63,195,-191
795,-227,-134,967,-94,216,-169
796,-227,-127,981,-77,185,-144
797,-225,-131,982,-83,165,-71
798,-214,-138,975,-75,167,-27
799,-223,-143,983,-50,163,-21
800,-228,-152,988,-38,152,-46
801,-232,-147,980,-48,163,-73
802,-232,-151,1004,-106,193,-109
803,-228,-142,997,-130,222,-157
804,-242,-147,984,-118,230,-159
805,-221,-136,977,-87,243,-128
806,-222,-146,995,-42,247,-128
807,-224,-156,988,-10,210,-126
808,-220,-133,991,5,177,-97
809,-210,-149,977,27,156,-122
810,-217,-144,974,70,122,-112
811,-214,-146,985,124,136,-56
812,-216,-156,977,154,187,-27
813,-237,-155,957,136,265,-25
814,-233,-156,970,140,372,-44
815,-226,-151,998,138,472,-77
816,-219,-146,1013,154,480,-150
817,-221,-131,1017,146,394,-183
818,-233,-147,1017,152,255,-173
819,-235,-147,1003,138,140,-161
820,-237,-134,975,181,77,-239
821,-259,-160,957,183,109,-212
822,-259,-151,957,212,202,-202
823,-248,-151,980,218,253,-206
824,-262,-147,991,187,308,-195
825,-254,-131,967,163,372,-181
826,-251,-142,978,146,437,-111
827,-256,-169,975,165,427,-105
828,-243,-95,959,245,413,-89
829,-251,-126,974,259,447,63
830,-235,-118,965,327,490,147
831,-249,-113,958,392,560,186
832,-240,-108,981,466,656,233
833,-265,-101,967,542,763,298
834,-258,-105,1016,695,872,350
835,-276,-100,1068,814,941,325
836,-304,-67,1108,833,1040,263
837,-326,-36,1134,769,1163,255
838,-339,-24,1203,718,1290,294
839,-359,-2,1282,747,1376,360
840,-380,24,1335,843,1421,417
841,-405,59,1423,984,1400,430
842,-426,90,1555,1038,1339,471
843,-461,102,1650,986,1253,503
844,-487,93,1696,804,1159,489
845,-518,85,1765,556,1042,427
846,-530,88,1811,327,876,339
847,-527,97,1849,210,620,290
848,-523,111,1886,261,263,325
849,-511,138,1952,454,-192,395
850,-516,178,1983,640,-635,471
851,-500,208,2042,658,-1022,604
852,-502,236,2048,527,-1469,770
853,-495,246,2048,333,-2030,948
854,-471,247,2015,173,-2669,1151
855,-461,209,1927,60,-3370,1440
856,-482,168,1824,17,-4124,1721
857,-514,97,1680,52,-4846,2007
858,-547,28,1535,64,-5481,2249
859,-597,-74,1404,-1,-6106,2442
860,-614,-178,1239,-141,-6630,2491
861,-590,-267,1057,-407,-6964,2323
862,-523,-338,897,-739,-7143,1970
863,-451,-333,749,-1083,-7253,1536
864,-399,-314,561,-1434,-7368,1114
865,-327,-273,424,-1637,-7399,807
866,-275,-239,273,-1577,-7350,639
867,-222,-212,137,-1333,-7163,595
868,-197,-184,12,-967,-6823,618
869,-142,-164,-69,-555,-6303,696
870,-123,-144,-128,-137,-5659,821
871,-101,-177,-140,199,-4893,987
872,-103,-156,-112,484,-4016,975
873,-96,-144,-87,695,-3178,917
874,-104,-126,-12,796,-2458,763
875,-107,-83,45,863,-1907,579
876,-104,-36,94,849,-1542,376
877,-108,35,118,743,-1288,249
878,-81,70,121,634,-1053,253
879,-41,91,132,605,-878,339
880,1,103,127,710,-758,419
881,22,108,93,898,-591,479
882,36,85,83,1011,-313,528
883,44,64,107,1029,11,530
884,77,50,93,909,380,448
885,105,36,115,714,798,304
886,128,34,143,495,1181,155
887,136,38,171,355,1509,38
888,125,44,155,329,1816,14
889,118,53,186,484,2093,63
890,111,82,225,728,2341,196
891,89,77,259,1007,2521,376
892,82,79,318,1243,2697,528
893,71,69,364,1374,2909,608
894,58,43,392,1359,3177,665
895,35,53,457,1284,3505,639
896,8,50,491,1224,3773,528
897,3,77,545,1130,4015,413
898,0,119,617,990,4277,378
899,-8,154,674,847,4509,397
900,12,164,726,663,4786,473
901,-7,150,801,466,5056,616
902,-10,162,866,462,5294,788
903,-34,166,967,515,5406,962
904,-85,150,1030,550,5382,1141
905,-116,100,1075,458,5290,1249
906,-184,59,1187,253,5220,1284
907,-206,31,1283,79,5177,1208
908,-246,27,1402,-182,5113,1130
909,-267,25,1519,-286,4988,1118
910,-278,-5,1608,-305,4759,1186
911,-329,-37,1701,-327,4462,1294
912,-370,-43,1821,-225,4154,1335
913,-410,-74,1888,-245,3816,1315
914,-462,-133,1960,-475,3499,1249
915,-494,-167,2011,-827,3195,1116
916,-519,-195,1986,-1163,2798,958
917,-536,-228,1928,-1333,2325,774
918,-552,-239,1893,-1389,1839,602
919,-567,-246,1816,-1356,1396,462
920,-568,-244,1741,-1292,984,376
921,-545,-247,1663,-1155,599,286
922,-523,-237,1573,-967,247,225
923,-493,-208,1497,-815,-91,151
924,-461,-174,1422,-698,-354,57
925,-423,-126,1339,-678,-528,-11
926,-398,-98,1274,-704,-635,-36
927,-378,-89,1205,-655,-680,-15
928,-333,-61,1155,-548,-698,-11
929,-313,-37,1126,-430,-694,1
930,-308,-13,1087,-350,-706,36
931,-295,-18,1071,-270,-733,96
932,-293,-27,1052,-173,-788,139
933,-288,-17,1033,-57,-841,139
934,-302,-25,1024,-126,-917,122
935,-280,-18,1011,-159,-926,73
936,-260,-25,993,-188,-928,26
937,-251,-28,962,-290,-917,-30
938,-247,-20,929,-366,-856,-64
939,-239,-14,910,-399,-753,-79
940,-230,-14,928,-413,-659,-79
941,-222,-19,923,-391,-596,-70
942,-213,-31,920,-346,-575,-71
943,-218,-33,919,-307,-571,-93
944,-221,-52,932,-305,-520,-140
945,-216,-55,925,-368,-440,-195
946,-227,-37,910,-438,-331,-263
947,-225,-24,948,-491,-202,-280
948,-210,-34,944,-475,-106,-216
949,-207,-42,935,-403,-75,-193
950,-220,-45,925,-354,-65,-200
951,-239,-38,957,-268,7,-191
952,-233,-42,971,-229,23,-101
953,-233,-48,981,-198,-16,-91
954,-245,-53,971,-221,-67,-89
955,-257,-62,964,-272,-59,-91
956,-265,-57,977,-313,-5,-66
957,-273,-63,993,-251,29,-5
958,-273,-68,1009,-139,7,36
959,-281,-87,1004,-104,-22,36
960,-285,-100,1003,-143,-18,-15
961,-300,-96,991,-216,34,-66
962,-297,-101,998,-274,58,-95
963,-301,-114,984,-290,54,-120
964,-279,-113,998,-274,13,-136
965,-300,-120,970,-253,-18,-173
966,-294,-108,968,-217,-48,-241
967,-292,-105,984,-217,-36,-294
968,-290,-88,987,-266,-8,-292
969,-277,-97,980,-294,-12,-271
970,-279,-116,998,-270,-22,-269
971,-271,-115,967,-282,-14,-292
972,-271,-119,968,-341,17,-331
973,-272,-120,973,-395,81,-388
974,-269,-122,963,-491,87,-431
975,-265,-103,946,-485,99,-448
976,-248,-104,994,-460,95,-437
977,-243,-109,988,-411,103,-415
978,-248,-111,989,-350,79,-368
979,-236,-113,948,-272,21,-318
980,-269,-127,974,-212,48,-282
981,-240,-132,961,-161,5,-259
982,-254,-141,965,-143,-55,-255
983,-262,-162,934,-126,-77,-273
984,-249,-167,955,-139,-32,-306
985,-242,-160,955,-188,38,-366
986,-253,-145,946,-237,138,-427
987,-255,-156,958,-284,265,-472
988,-241,-156,959,-305,324,-476
989,-241,-150,949,-268,298,-468
990,-246,-164,953,-182,269,-441
991,-243,-185,958,-106,245,-402
992,-268,-190,961,-24,230,-405
993,-260,-192,972,25,202,-427
994,-268,-194,963,19,171,-460
995,-272,-184,968,40,156,-491
996,-268,-181,975,87,200,-523
997,-266,-180,980,95,240,-554
998,-263,-180,991,62,290,-564
999,-258,-179,1022,21,314,-593
1000,-275,-182,1021,-34,304,-640
1001,-263,-201,1001,-92,259,-683
1002,-267,-210,987,-116,195,-724
1003,-276,-198,981,-104,138,-759
1004,-276,-191,965,-30,120,-784
1005,-276,-175,970,48,140,-790
1006,-275,-174,985,70,169,-771
1007,-271,-180,994,89,181,-741
1008,-291,-190,979,109,158,-769
1009,-292,-188,974,83,144,-827
1010,-281,-174,964,40,167,-882
1011,-286,-160,975,52,197,-921
1012,-282,-153,998,99,214,-941
1013,-280,-133,991,138,263,-937
1014,-292,-143,992,136,253,-919
1015,-282,-152,974,95,193,-919
1016,-286,-158,993,60,173,-921
1017,-293,-157,970,60,156,-911
1018,-293,-142,988,111,128,-909
1019,-295,-136,1006,183,118,-904
1020,-298,-126,1005,189,109,-900
1021,-299,-121,1028,163,97,-882
1022,-297,-142,1013,130,72,-900
1023,-298,-129,1013,42,48,-935
1024,-290,-141,981,-42,33,-962
1025,-274,-144,974,-85,44,-982
1026,-276,-123,982,-85,83,-978
1027,-288,-117,964,-65,122,-937
1028,-276,-125,987,-18,120,-882
1029,-286,-129,971,60,105,-833
1030,-274,-134,967,130,58,-812
1031,-276,-143,988,187,23,-779
1032,-276,-133,959,228,1,-755
1033,-269,-128,965,242,3,-747
1034,-281,-120,1006,218,9,-720
1035,-288,-123,987,193,27,-695
1036,-279,-117,997,163,23,-702
1037,-282,-125,1005,130,33,-712
1038,-293,-125,1017,101,42,-722
1039,-291,-133,982,91,50,-712
1040,-277,-142,991,117,40,-683
1041,-281,-140,987,156,19,-650
1042,-280,-148,986,206,1,-620
1043,-283,-155,965,259,-3,-611
1044,-279,-138,961,290,11,-612
1045,-274,-132,970,310,54,-583
1046,-279,-135,989,325,66,-558
1047,-273,-142,985,288,54,-552
1048,-269,-140,968,228,46,-560
1049,-287,-140,969,189,60,-568
1050,-279,-154,959,173,87,-577
1051,-294,-151,974,185,117,-585
1052,-284,-128,980,208,103,-591
1053,-278,-141,972,228,70,-591
1054,-291,-128,978,261,42,-564
1055,-280,-121,976,286,13,-542
1056,-283,-127,982,271,9,-536
1057,-285,-113,980,230,40,-530
1058,-276,-101,981,177,72,-538
1059,-274,-105,981,148,93,-530
1060,-269,-101,990,134,83,-517
1061,-278,-98,996,142,66,-476
1062,-269,-100,981,150,31,-437
1063,-274,-114,965,156,9,-400
1064,-277,-116,975,161,3,-378
1065,-265,-121,982,142,-1,-364
1066,-280,-120,987,115,-38,-388
1067,-287,-106,1002,93,-104,-386
1068,-276,-109,1001,66,-151,-364
1069,-273,-107,1007,33,-161,-339
1070,-263,-107,988,11,-137,-323
1071,-266,-103,988,5,-108,-302
1072,-261,-106,985,21,-79,-267
1073,-258,-120,971,40,-79,-216
1074,-258,-131,984,75,-77,-183
1075,-254,-135,972,113,-75,-173
1076,-262,-142,974,101,-81,-175
1077,-262,-150,957,72,-63,-177
1078,-261,-152,944,11,-14,-171
1079,-258,-141,977,-24,7,-183
1080,-250,-136,952,-26,31,-187
1081,-256,-139,977,3,34,-159
1082,-265,-143,964,66,17,-122
1083,-252,-136,969,138,13,-91
1084,-254,-131,985,165,40,-70
1085,-260,-135,970,156,56,-70
1086,-260,-137,985,122,60,-83
1087,-249,-145,987,95,62,-93
1088,-255,-145,972,91,31,-107
1089,-246,-153,991,97,-7,-118
1090,-259,-154,984,75,-40,-132
1091,-268,-145,1005,36,-63,-142
1092,-262,-152,991,-7,-71,-159
1093,-263,-159,977,-44,-73,-173
1094,-272,-151,980,-55,-61,-189
1095,-259,-150,981,-71,-57,-200
1096,-262,-154,995,-65,-83,-198
1097,-252,-149,1003,-87,-155,-196
1098,-259,-150,1013,-112,-219,-189
1099,-251,-145,977,-124,-239,-195
1100,-256,-157,977,-112,-216,-181
1101,-249,-138,965,-112,-194,-169
1102,-255,-173,966,-190,-225,-136
1103,-245,-188,919,-53,-106,-177
1104,-260,-127,991,306,195,-144
1105,-260,-153,988,3,19,-144
1106,-256,-153,980,-5,-3,-204
1107,-243,-136,970,-34,-61,-208
1108,-243,-139,979,-34,-83,-191
1109,-238,-151,967,13,-108,-171
1110,-248,-154,974,19,-139,-159
1111,-246,-152,981,-12,-143,-181
1112,-251,-146,964,-57,-133,-208
1113,-242,-149,962,-63,-108,-212
1114,-243,-149,966,-51,-81,-195
1115,-226,-152,977,-32,-65,-179
1116,-234,-152,993,13,-44,-157
1117,-235,-146,957,54,-34,-101
1118,-231,-160,971,77,-53,-25
1119,-229,-168,994,97,-65,18
1120,-236,-184,996,107,-73,36
1121,-246,-180,980,109,-63,32
1122,-254,-190,980,113,-16,20
1123,-245,-183,990,117,27,14
1124,-244,-185,998,107,48,5
1125,-244,-186,1015,111,33,-15
1126,-240,-189,985,97,-1,-19
1127,-234,-174,1001,89,-18,-23
1128,-239,-169,993,72,-20,-23
1129,-236,-171,974,83,11,-19
1130,-231,-154,996,83,44,-13
1131,-232,-159,993,68,66,-1
1132,-234,-158,994,64,58,9
1133,-230,-149,984,81,44,18
1134,-226,-158,990,89,34,34
1135,-238,-164,993,89,25,34
1136,-237,-164,996,87,25,14
1137,-232,-139,998,66,40,-7
1138,-236,-143,990,52,60,-15
1139,-241,-145,993,74,62,5
1140,-232,-134,971,107,48,28
1141,-242,-147,977,156,56,61
1142,-234,-145,981,161,83,75
1143,-236,-145,983,146,117,79
1144,-240,-146,991,118,126,85
1145,-237,-150,977,109,109,100
1146,-252,-149,974,97,83,112
1147,-255,-150,974,89,70,120
1148,-248,-151,985,58,64,98
1149,-258,-149,971,29,72,54
1150,-253,-154,978,-28,91,38
1151,-240,-142,988,-36,117,48
1152,-242,-143,995,-24,95,44
1153,-231,-146,977,3,79,83
1154,-243,-145,989,62,79,124
1155,-234,-154,982,118,64,130
1156,-251,-155,988,128,50,136
1157,-245,-159,990,89,46,116
1158,-250,-150,1000,40,74,89
1159,-252,-139,994,9,74,69
1160,-251,-148,1002,31,64,83
1161,-267,-141,994,54,31,102
1162,-265,-140,1002,74,23,112
1163,-265,-145,1006,64,19,114
1164,-251,-139,1011,38,1,96
1165,-255,-140,996,13,-12,93
1166,-258,-144,989,9,-36,79
1167,-243,-135,1001,-3,-40,73
1168,-247,-144,988,-16,-32,59
1169,-246,-141,975,-38,-46,52
1170,-243,-133,976,-53,-48,44
1171,-236,-122,974,-59,-38,50
1172,-240,-129,965,-48,-34,67
1173,-241,-128,968,-12,-48,89
1174,-249,-136,972,1,-59,102
1175,-240,-139,975,-10,-44,106
1176,-251,-154,964,-44,-24,91
1177,-249,-153,971,-73,-5,77
1178,-246,-148,955,-75,9,71
1179,-242,-161,944,-79,34,54
1180,-236,-155,964,-67,54,28
1181,-251,-143,956,-40,77,26
1182,-241,-144,975,-28,91,42
1183,-257,-144,975,-3,68,52
1184,-250,-151,973,23,40,48
1185,-248,-158,977,27,31,36
1186,-247,-162,964,1,34,14
1187,-249,-164,980,-24,60,-9
1188,-251,-162,986,-48,93,-25
1189,-248,-151,979,-51,111,-36
1190,-252,-151,993,-30,85,-27
1191,-254,-147,1000,5,46,5
1192,-261,-162,1009,44,-28,7
1193,-262,-163,1000,48,-48,1
1194,-261,-154,987,-5,-14,-7
1195,-267,-160,983,-51,29,-34
1196,-256,-155,999,-81,48,-52
1197,-252,-165,989,-87,42,-68
1198,-254,-140,987,-81,11,-62
1199,-253,-142,985,-53,-12,-54
1200,-249,-146,963,-55,-3,-46
1201,-249,-145,963,-71,36,-50
1202,-242,-140,953,-67,68,-54
1203,-241,-133,966,-46,93,-32
1204,-236,-135,970,-34,93,-15
1205,-239,-125,971,-46,70,11
1206,-233,-126,974,-69,72,28
1207,-235,-131,965,-75,99,61
1208,-281,-113,952,-75,132,134
1209,-222,-147,961,-188,46,204
1210,-256,-133,972,-118,163,255
1211,-280,-140,941,-153,191,325
1212,-276,-170,941,-329,138,448
1213,-269,-178,977,-237,187,559
1214,-281,-192,994,-135,183,634
1215,-294,-210,1035,-77,191,680
1216,-307,-199,1062,124,242,636
1217,-337,-163,1087,296,312,585
1218,-322,-175,1100,484,462,561
1219,-338,-148,1152,751,786,487
1220,-357,-176,1178,743,1156,323
1221,-387,-192,1240,642,1804,16
1222,-438,-153,1300,394,2628,-413
1223,-469,-95,1440,183,3423,-792
1224,-523,-6,1559,277,3968,-919
1225,-555,78,1697,425,4056,-806
1226,-594,115,1788,720,3892,-495
1227,-645,132,1852,1058,3558,-142
1228,-720,122,1946,1450,3109,184
1229,-798,110,2048,1784,2552,446
1230,-837,110,2048,2068,1876,677
1231,-872,133,2048,2314,1011,845
1232,-933,186,2048,2556,42,964
1233,-985,231,2048,2740,-952,1186
1234,-1041,238,2048,2736,-1975,1548
1235,-1062,182,2048,2538,-3202,1876
1236,-1072,101,2048,2066,-4659,2016
1237,-1065,28,2048,1437,-6184,1975
1238,-1019,-36,1982,812,-7487,1825
1239,-937,-67,1707,226,-8467,1638
1240,-833,-92,1408,-313,-9141,1430
1241,-742,-136,1140,-870,-9522,1190
1242,-637,-189,897,-1407,-9700,938
1243,-557,-231,655,-1911,-9798,682
1244,-464,-213,448,-2235,-9852,458
1245,-396,-200,273,-2214,-9909,346
1246,-319,-188,117,-1880,-10048,356
1247,-282,-180,-16,-1395,-10182,450
1248,-260,-193,-126,-827,-10184,612
1249,-233,-223,-211,-210,-10016,784
1250,-228,-252,-308,306,-9626,915
1251,-210,-294,-367,618,-8921,934
1252,-179,-272,-409,810,-7926,798
1253,-144,-238,-440,911,-6725,679
1254,-78,-188,-429,1048,-5475,499
1255,-22,-136,-354,1173,-4366,339
1256,12,-93,-324,1331,-3475,200
1257,36,-37,-261,1452,-2766,151
1258,72,23,-233,1540,-2202,159
1259,109,38,-194,1552,-1766,188
1260,153,55,-177,1493,-1395,177
1261,176,65,-203,1408,-1020,75
1262,176,90,-223,1277,-569,-70
1263,195,135,-225,1091,-7,-179
1264,241,165,-236,931,579,-214
1265,273,203,-212,855,1158,-206
1266,325,226,-193,917,1691,-169
1267,365,241,-142,1001,2070,-99
1268,358,254,-109,1087,2290,24
1269,328,251,-91,1177,2382,214
1270,283,223,-45,1292,2470,372
1271,235,188,-41,1390,2663,520
1272,199,170,-18,1380,2988,606
1273,188,139,-22,1306,3460,630
1274,158,124,8,1161,4029,657
1275,136,139,31,1095,4693,657
1276,124,183,95,1107,5343,737
1277,62,213,138,1144,5937,958
1278,10,204,188,1179,6447,1247
1279,5,202,288,1105,6868,1489
1280,-27,212,377,1056,7322,1704
1281,-60,226,495,1316,7712,1944
1282,-160,264,612,1995,7990,2227
1283,-240,253,766,2595,8058,2423
1284,-324,240,929,2749,7925,2411
1285,-405,245,1044,2365,7894,2198
1286,-467,248,1269,1509,8021,1874
1287,-525,283,1511,820,8337,1649
1288,-531,272,1718,392,8404,1614
1289,-558,254,1937,283,7872,1649
1290,-599,221,2048,361,6872,1624
1291,-643,196,2048,243,5882,1522
1292,-687,205,2048,31,5185,1393
1293,-738,169,2048,-311,4673,1311
1294,-788,83,2048,-862,4236,1270
1295,-808,16,2048,-1383,3784,1102
1296,-807,-33,2048,-1835,3306,862
1297,-777,-56,2048,-2141,2759,665
1298,-735,-80,2019,-2132,2034,569
1299,-679,-87,1911,-1835,1187,507
1300,-617,-83,1833,-1544,452,423
1301,-569,-51,1739,-1380,-42,333
1302,-515,-30,1668,-1354,-333,253
1303,-460,-4,1580,-1450,-466,188
1304,-444,9,1505,-1600,-524,192
1305,-407,12,1436,-1788,-592,196
1306,-392,-15,1371,-1925,-702,139
1307,-374,-40,1290,-2007,-825,30
1308,-339,-47,1215,-2014,-866,-79
1309,-307,-56,1169,-1954,-876,-169
1310,-286,-69,1117,-1801,-891,-257
1311,-280,-55,1086,-1489,-913,-339
1312,-284,-61,1095,-1110,-944,-386
1313,-276,-44,1081,-790,-1042,-431
1314,-275,-65,1052,-573,-1206,-501
1315,-273,-66,1016,-479,-1329,-570
1316,-272,-54,982,-450,-1333,-618
1317,-254,-49,970,-335,-1155,-695
1318,-245,-33,929,-313,-938,-689
1319,-221,-37,946,-526,-878,-714
1320,-196,-17,966,-436,-743,-704
1321,-194,-24,948,-356,-589,-736
1322,-197,-14,945,-387,-520,-777
1323,-221,8,930,-385,-483,-761
1324,-206,-1,939,-524,-557,-724
1325,-199,12,940,-585,-565,-714
1326,-180,15,938,-592,-550,-691
1327,-182,20,964,-583,-514,-644
1328,-181,12,961,-536,-550,-599
1329,-166,-1,958,-442,-710,-521
1330,-182,-3,930,-139,-592,-484
1331,-184,-12,954,103,-426,-427
1332,-190,-20,948,19,-358,-441
1333,-222,7,937,-10,-169,-454
1334,-218,0,951,-217,-120,-409
1335,-202,7,987,-284,-94,-327
1336,-212,-3,1000,-301,-202,-204
1337,-207,-20,998,-204,-358,-118
1338,-218,-12,1004,-100,-471,-101
1339,-222,-20,1001,-65,-491,-85
1340,-226,-27,1016,-89,-438,-46
1341,-220,-34,1002,-137,-378,-52
1342,-237,-47,1006,-300,-380,-71
1343,-219,-57,996,-448,-335,-124
1344,-224,-65,991,-518,-241,-159
1345,-220,-53,989,-526,-153,-152
1346,-219,-56,992,-454,-112,-126
1347,-222,-68,996,-335,-102,-68
1348,-214,-76,1006,-206,-120,-32
1349,-205,-85,985,-155,-157,-34
1350,-209,-79,960,-143,-135,-48
1351,-207,-87,982,-169,-75,-77
1352,-203,-79,985,-208,-28,-109
1353,-195,-74,988,-233,-36,-138
1354,-195,-62,989,-231,-46,-132
1355,-196,-61,979,-190,-65,-114
1356,-193,-62,996,-155,-79,-101
1357,-195,-79,987,-141,-67,-91
1358,-196,-80,983,-157,-51,-101
1359,-189,-86,975,-176,-16,-116
1360,-205,-73,982,-190,38,-140
1361,-197,-76,977,-194,115,-134
1362,-187,-74,980,-126,154,-91
1363,-191,-81,1004,-28,130,-38
1364,-192,-80,1015,52,83,3
1365,-194,-90,988,52,83,7
1366,-204,-95,998,-75,97,-25
1367,-207,-103,993,-171,128,-68
1368,-203,-116,989,-202,159,-93
1369,-195,-110,991,-210,136,-124
1370,-206,-97,993,-176,95,-136
1371,-206,-99,992,-106,54,-122
1372,-199,-89,1011,-34,9,-103
1373,-204,-91,990,7,-20,-70
1374,-208,-90,1010,-22,-28,-50
1375,-205,-101,995,-65,-22,-56
1376,-196,-108,990,-112,-5,-75
1377,-207,-121,984,-145,3,-124
1378,-215,-129,981,-151,19,-136
1379,-216,-121,984,-133,54,-171
1380,-222,-116,993,-137,91,-187
1381,-206,-109,1027,-145,115,-195
1382,-210,-122,988,-124,103,-191
1383,-203,-118,1007,-96,74,-177
1384,-202,-107,993,-40,46,-142
1385,-202,-128,990,9,15,-130
1386,-206,-120,1017,40,29,-150
1387,-207,-123,1001,36,62,-173
1388,-204,-120,1006,5,115,-191
1389,-200,-122,1006,-22,161,-200
1390,-187,-129,1016,-38,177,-202
1391,-202,-138,1014,-36,142,-212
1392,-213,-146,1008,-38,103,-226
1393,-212,-138,987,-34,95,-245
1394,-213,-133,1000,-22,83,-271
1395,-218,-143,994,-24,58,-288
1396,-203,-144,994,-22,44,-304
1397,-207,-151,968,-8,36,-325
1398,-211,-155,967,11,58,-351
1399,-218,-145,978,29,89,-372
1400,-214,-145,976,60,128,-388
1401,-209,-126,982,75,161,-404
1402,-214,-128,988,105,169,-407
1403,-210,-119,991,122,146,-402
1404,-222,-134,1012,117,122,-425
1405,-207,-130,993,79,103,-456
1406,-215,-116,1010,36,97,-486
1407,-208,-114,975,19,117,-497
1408,-201,-118,970,13,140,-495
1409,-203,-110,983,27,167,-491
1410,-205,-115,999,25,193,-487
1411,-208,-120,996,19,214,-480
1412,-203,-129,972,23,208,-476
1413,-217,-141,976,25,210,-478
1414,-235,-145,980,42,218,-487
1415,-229,-151,985,66,218,-497
1416,-223,-154,996,115,191,-507
1417,-229,-146,976,140,171,-527
1418,-217,-145,997,161,183,-544
1419,-218,-138,1003,189,193,-546
1420,-218,-128,992,165,193,-577
1421,-215,-134,997,132,208,-605
1422,-218,-144,981,85,230,-646
1423,-228,-132,991,79,255,-655
1424,-233,-125,999,113,281,-638
1425,-241,-117,1022,161,273,-609
1426,-245,-124,1031,202,236,-579
1427,-242,-127,1024,238,191,-575
1428,-247,-127,1027,242,154,-595
1429,-249,-118,1019,206,138,-626
1430,-248,-105,1019,175,130,-642
1431,-246,-92,1023,128,134,-663
1432,-230,-99,1024,75,138,-638
1433,-231,-106,1035,52,111,-618
1434,-227,-105,1015,105,62,-609
1435,-230,-88,986,126,52,-552
1436,-243,-120,973,118,91,-517
1437,-239,-97,971,140,169,-501
1438,-228,-100,984,156,255,-445
1439,-247,-109,985,214,298,-386
1440,-226,-112,997,279,253,-327
1441,-226,-103,999,312,224,-337
1442,-235,-117,993,284,126,-359
1443,-237,-123,1000,300,89,-396
1444,-251,-108,977,269,62,-443
1445,-240,-102,984,242,50,-460
1446,-239,-102,1000,202,58,-478
1447,-229,-99,980,177,52,-521
1448,-237,-101,1006,222,56,-558
1449,-242,-114,995,208,36,-591
1450,-243,-119,987,193,33,-607
1451,-248,-116,975,179,38,-611
1452,-248,-109,970,156,58,-644
1453,-252,-107,967,144,99,-667
1454,-252,-122,967,120,113,-693
1455,-256,-119,967,120,122,-714
1456,-240,-100,972,136,126,-732
1457,-242,-106,977,132,124,-732
1458,-241,-106,983,132,115,-736
1459,-247,-106,977,130,89,-749
1460,-239,-95,975,136,87,-759
1461,-245,-90,980,85,95,-730
1462,-232,-86,961,79,124,-726
1463,-253,-90,971,89,146,-700
1464,-246,-107,992,93,156,-695
1465,-266,-113,983,87,128,-702
1466,-274,-126,993,93,99,-732
1467,-277,-136,954,40,70,-765
1468,-260,-144,944,9,54,-816
1469,-260,-156,913,-61,34,-862
1470,-218,-163,900,-171,29,-898
1471,-196,-170,874,-241,50,-964
1472,-194,-159,872,-237,85,-1023
1473,-197,-145,876,-210,185,-1042
1474,-189,-151,887,-167,277,-1023
1475,-193,-159,902,-120,316,-954
1476,-216,-155,925,5,310,-911
1477,-224,-162,951,42,208,-874
1478,-247,-155,975,7,118,-902
1479,-269,-141,993,-55,74,-917
1480,-264,-132,987,-112,124,-933
1481,-269,-113,987,-175,208,-931
1482,-287,-121,1000,-200,292,-919
1483,-264,-113,1026,-223,351,-878
1484,-278,-100,1039,-266,324,-845
1485,-279,-92,1031,-258,253,-782
1486,-286,-114,1029,-231,175,-685
1487,-295,-122,1030,-210,101,-607
1488,-318,-112,1020,-235,21,-523
1489,-268,-91,1009,-323,-10,-396
1490,-259,-87,1031,-348,-71,-279
1491,-243,-78,1040,-212,-235,-155
1492,-241,-93,1040,-143,-313,50
1493,-242,-107,1014,-91,-401,24
1494,-258,-106,1042,27,-399,-50
1495,-252,-114,1019,-14,-383,-116
1496,-242,-110,1029,-51,-356,-185
1497,-249,-103,1044,-53,-337,-269
1498,-263,-94,1027,-24,-301,-320
1499,-259,-95,1024,-3,-243,-327
1500,-259,-105,1037,-14,-165,-335
1501,-259,-107,1022,-77,-110,-372
1502,-253,-109,1027,-147,-89,-402
1503,-240,-103,1006,-169,-91,-415
1504,-229,-103,1018,-139,-96,-404
1505,-230,-109,994,-106,-118,-374
1506,-230,-119,1007,-51,-116,-327
1507,-251,-129,994,-28,-120,-298
1508,-240,-126,984,3,-116,-314
1509,-243,-140,990,-12,-71,-312
1510,-238,-147,997,-30,-30,-320
1511,-236,-144,968,-22,-14,-343
1512,-244,-133,962,23,-20,-353
1513,-236,-135,980,75,-7,-331
1514,-234,-133,993,148,-18,-294
1515,-234,-140,993,185,-51,-263
1516,-232,-143,977,193,-73,-294
1517,-246,-153,995,171,-46,-323
1518,-234,-154,970,117,-1,-362
1519,-243,-146,999,60,23,-409
1520,-241,-139,1001,42,64,-443
1521,-230,-145,989,-12,89,-450
1522,-216,-145,988,-53,128,-450
1523,-215,-152,983,-161,132,-478
1524,-221,-145,974,-276,146,-542
1525,-234,-149,954,-335,236,-544
1526,-221,-155,968,-389,284,-525
1527,-223,-154,963,-434,267,-530
1528,-199,-171,947,-524,228,-542
1529,-164,-201,941,-862,109,-720
1530,-115,-209,912,-1663,13,-1091
1531,-179,-267,858,-2632,210,-1679
1532,-260,-252,871,-3165,706,-2195
1533,-289,-195,908,-3204,1732,-2341
1534,-288,-184,985,-3061,2763,-2155
1535,-281,-215,1058,-2825,3134,-1900
1536,-289,-230,1136,-2116,3214,-1529
1537,-299,-257,1158,-1325,3072,-1220
1538,-344,-257,1211,-567,2857,-964
1539,-385,-282,1271,85,2712,-820
1540,-428,-269,1352,462,2685,-734
1541,-485,-250,1391,511,2777,-644
1542,-531,-266,1451,460,3031,-437
1543,-579,-280,1534,394,3406,-179
1544,-623,-286,1620,538,3644,42
1545,-680,-300,1747,976,3556,304
1546,-740,-268,1840,1603,3120,520
1547,-795,-236,1976,2353,2482,757
1548,-867,-204,2048,3033,1708,950
1549,-915,-172,2048,3568,890,1194
1550,-970,-218,2048,3845,-91,1438
1551,-1000,-247,2048,4044,-1212,1602
1552,-1066,-259,2048,4081,-2462,1663
1553,-1092,-257,2048,3849,-3747,1630
1554,-1099,-262,2048,3437,-4882,1645
1555,-1093,-278,2048,3124,-5870,1696
1556,-1079,-301,1956,2900,-6780,1696
1557,-1054,-320,1800,2683,-7581,1720
1558,-968,-349,1432,1968,-8958,1680
1559,-1037,-330,1619,2370,-8272,1731
1560,-921,-330,1262,1579,-9651,1583
1561,-848,-284,1098,1408,-10276,1477
1562,-740,-251,922,1544,-10819,1395
1563,-629,-213,733,1566,-11387,1284
1564,-546,-201,541,1474,-11844,1104
1565,-459,-182,332,1169,-12126,882
1566,-386,-169,97,626,-12112,643
1567,-317,-121,-118,-22,-11784,341
1568,-266,-56,-346,-733,-11194,46
1569,-189,1,-519,-1245,-10262,-107
1570,-71,16,-628,-1350,-9059,22
1571,55,19,-695,-1180,-7848,280
1572,114,17,-734,-938,-6680,481
1573,118,17,-738,-639,-5501,606
1574,100,18,-695,-442,-4405,696
1575,113,13,-649,-409,-3432,718
1576,123,-1,-605,-501,-2614,657
1577,141,-27,-565,-632,-1903,460
1578,161,-7,-552,-653,-1245,180
1579,197,39,-530,-579,-606,-56
1580,217,109,-515,-374,19,-175
1581,252,161,-466,-18,581,-120
1582,290,203,-408,308,1113,116
1583,334,212,-358,579,1640,389
1584,346,215,-291,742,2074,630
1585,346,208,-223,835,2452,829
1586,326,207,-173,908,2779,1014
1587,300,196,-142,1015,3081,1192
1588,240,175,-81,1175,3337,1374
1589,193,162,-52,1324,3654,1524
1590,165,149,24,1411,4060,1606
1591,143,167,86,1501,4490,1641
1592,129,201,175,1507,4898,1737
1593,104,230,259,1542,5314,1919
1594,89,242,315,1683,5640,2202
1595,64,192,378,1706,5794,2454
1596,-2,138,393,1482,5890,2573
1597,-49,104,393,997,6015,2507
1598,-101,133,457,617,6427,2384
1599,-164,181,544,818,7062,2348
1600,-228,228,636,1277,7671,2526
1601,-290,215,769,1585,8165,2960
1602,-299,116,938,1622,8433,3366
1603,-359,3,1095,997,8419,3528
1604,-420,-95,1245,161,8271,3329
1605,-507,-159,1357,-200,8097,2999
1606,-605,-230,1479,-274,7863,2714
1607,-681,-287,1614,-448,7587,2557
1608,-815,-339,1732,-610,7382,2491
1609,-899,-432,1918,-536,7345,2421
1610,-916,-474,2048,-448,7247,2286
1611,-925,-566,2048,-579,6841,2001
1612,-925,-582,2048,-800,6033,1614
1613,-915,-509,2048,-987,4943,1216
1614,-929,-469,2048,-1219,3794,919
1615,-900,-413,2048,-1260,2753,743
1616,-828,-349,2048,-1301,1859,575
1617,-746,-313,2048,-1581,1033,307
1618,-683,-327,2048,-1993,450,52
1619,-596,-261,1952,-2022,308,-280
1620,-521,-256,1787,-2048,154,-345
1621,-472,-270,1710,-1952,-32,-433
1622,-444,-236,1627,-1620,-331,-376
1623,-447,-238,1550,-1301,-854,-259
1624,-462,-255,1434,-1147,-1382,-109
1625,-490,-240,1364,-1028,-1637,-13
1626,-508,-200,1253,-958,-1546,210
1627,-449,-155,1229,-995,-1368,397
1628,-403,-151,1199,-1169,-1378,423
1629,-328,-173,1102,-1270,-1620,225
1630,-347,-201,925,-1171,-1870,95
1631,-284,-141,653,409,-2425,-513
1632,-214,-135,457,3450,-3155,-501
1633,-184,-62,1006,6132,-3378,-99
1634,-267,-90,1118,4710,-2382,348
1635,-251,-7,1043,2378,-1809,454
1636,-199,-25,867,1189,-1669,305
1637,-225,-48,732,1079,-1813,345
1638,-209,-72,744,1304,-1936,268
1639,-240,-70,735,1101,-1667,69
1640,-282,47,763,572,-1276,1
1641,-183,-60,752,-464,-688,243
1642,-156,-26,760,-55,-645,108
1643,-150,262,1097,413,-1003,44
1644,-56,117,946,-1032,-1565,718
1645,-113,321,1087,-460,-1471,821
1646,-247,115,1013,-477,-1264,753
1647,-154,45,870,-889,-952,608
1648,-80,7,782,-458,-731,559
1649,-170,-88,806,316,-741,567
1650,-170,-153,791,816,-579,388
1651,-153,-181,810,798,-219,122
1652,-243,-215,847,585,66,-335
1653,-244,-165,900,347,251,-952
1654,-123,-82,865,204,310,-1286
1655,-34,47,868,413,286,-1066
1656,-6,123,1062,859,68,-716
1657,-175,136,1139,546,-126,-591
1658,-91,203,1117,-233,224,-445
1659,-52,202,1101,-311,318,-134
1660,-157,61,1084,97,140,83
1661,-186,-13,1020,492,-50,-109
1662,-194,-34,1015,408,75,-228
1663,-219,-28,1029,165,370,-325
1664,-273,-347,879,136,105,-517
1665,-105,-293,889,368,-393,-474
1666,-70,-106,941,658,-669,-357
1667,-89,91,1180,523,-1081,-142
1668,-141,113,1180,-686,-899,151
1669,-282,-27,1100,-1762,-950,430
1670,-215,18,1081,-2005,-1149,221
1671,-137,122,1140,-1604,-1231,-52
1672,-74,126,1117,-1464,-917,-54
1673,-45,145,1102,-1354,-393,304
1674,-49,-33,1046,-1161,-217,651
1675,-62,-28,1048,-1024,-374,852
1676,-69,-98,1105,-1397,-366,909
1677,-56,-146,1039,-2594,-284,1030
1678,-69,-107,840,-3495,-307,1432
1679,-202,-126,726,-3475,-434,673
1680,-49,303,678,-2936,-827,5
1681,55,176,831,-3944,-1745,-737
1682,-78,-20,1139,-2874,-2848,-1155
1683,-167,-251,1266,-733,-2469,-1280
1684,-142,-386,1216,581,-2098,-892
1685,-215,-356,1151,618,-1042,-263
1686,-218,-261,1197,700,-53,440
1687,-186,-248,1175,1142,507,897
1688,-143,-206,1087,1519,894,1247
1689,-122,-165,1032,1646,1236,1329
1690,-159,-89,975,1523,1361,1182
1691,-205,-57,983,1242,1072,866
1692,-235,-47,1019,827,607,552
1693,-262,-95,1028,556,273,343
1694,-239,-128,1111,202,113,321
1695,-149,-138,1135,109,128,395
1696,-122,-132,1105,376,294,464
1697,-73,-107,1068,464,439,505
1698,-40,-85,1024,529,488,470
1699,-34,-67,993,493,357,331
1700,-24,-61,985,339,167,177
1701,-27,-59,978,255,93,116
1702,-25,-57,972,152,70,110
1703,-54,-58,987,56,-24,81
1704,-88,-68,994,36,-159,36
1705,-78,-89,1020,-1,-311,-15
1706,-91,-135,1029,3,-421,-111
1707,-69,-134,1046,56,-481,-155
1708,-42,-126,1020,167,-501,-208
1709,-26,-91,978,288,-450,-251
1710,-41,-67,985,288,-313,-261
1711,-58,-60,993,263,-208,-282
1712,-102,-57,1001,269,-176,-273
1713,-120,-38,1003,263,-151,-193
1714,-116,-60,984,265,-61,-87
1715,-115,-22,972,226,-14,1
1716,-106,-7,961,159,29,63
1717,-102,-21,977,81,-8,36
1718,-95,-55,1013,-16,-132,-48
1719,-77,-53,1023,46,-176,-95
1720,-63,-62,1011,126,-198,-138
1721,-80,-50,997,161,-290,-189
1722,-90,-49,991,214,-333,-220
1723,-86,-37,993,210,-333,-208
1724,-82,-35,968,193,-272,-193
1725,-98,-32,968,154,-239,-175
1726,-97,-15,970,74,-251,-152
1727,-105,-21,960,1,-216,-83
1728,-96,-30,977,-98,-204,-40
1729,-107,-52,1005,-196,-223,-19
1730,-105,-69,1018,-163,-194,67
1731,-74,-69,1013,-63,-116,167
1732,-54,-86,1024,-34,-53,214
1733,-51,-65,1018,5,-20,231
1734,-33,-58,1014,81,-14,225
1735,-26,-46,998,124,66,223
1736,-31,-29,972,58,120,218
1737,-47,-39,1006,-8,105,179
1738,-56,-43,998,-32,66,134
1739,-57,-53,1013,-50,44,100
1740,-52,-49,1009,-59,36,93
1741,-61,-52,1010,-48,-32,50
1742,-59,-45,1002,-26,-79,36
1743,-62,-48,986,-24,-106,52
1744,-56,-63,1010,-42,-143,67
1745,-53,-81,1016,-75,-130,79
1746,-33,-102,1046,-67,-63,71
1747,-32,-92,1039,38,-44,20
1748,-62,-81,994,105,-1,-27
1749,-94,-75,991,11,33,-29
1750,-101,-74,1021,-38,23,3
1751,-78,-79,1007,-51,31,34
1752,-71,-82,1017,-71,87,65
1753,-84,-73,1026,-87,97,65
1754,-70,-81,1021,-106,93,59
1755,-71,-83,1039,-147,64,11
1756,-62,-93,1050,-161,34,-21
1757,-70,-107,1055,-133,17,-54
1758,-91,-101,1074,-79,-18,-101
1759,-101,-117,1058,-28,-32,-85
1760,-81,-115,1050,58,29,-29
1761,-77,-95,1043,85,62,13
1762,-75,-79,1033,91,97,28
1763,-74,-70,1029,97,83,14
1764,-81,-78,1010,75,15,-11