sequence,AccelerometerX,AccelerometerY,AccelerometerZ,GyroscopeX,GyroscopeY,GyroscopeZ
0,-20,2,1013,0,2,3
1,-10,5,998,0,-2,-1
2,-15,6,1009,0,2,3
3,-11,5,1006,0,2,-1
4,-20,1,1004,0,0,-1
5,-19,4,1020,0,-2,-1
6,-23,13,1003,0,0,-3
7,-19,6,1015,-2,0,-3
8,-22,5,1003,0,-2,-3
9,-23,6,1003,0,2,1
10,-26,7,1004,0,2,-1
11,-19,4,1001,0,-2,3
12,-20,7,1001,-4,-2,3
13,-22,11,992,0,0,-3
14,-22,4,1002,0,0,-5
15,-22,3,1013,-4,-4,3
16,-17,10,1005,-2,2,-3
17,-20,6,1003,0,-2,-3
18,-21,11,1003,0,-2,1
19,-16,12,998,2,2,-3
20,-17,2,1004,-2,-4,-3
21,-15,9,1010,-2,0,-3
22,-22,13,1018,0,-2,-1
23,-17,-1,1003,0,2,1
24,-19,4,1002,-4,-2,3
25,-24,5,1001,0,2,-3
26,-24,5,997,-2,0,1
27,-20,14,998,-4,2,1
28,-25,11,998,-2,2,-3
29,-21,13,998,0,-2,-1
30,-20,4,1016,2,4,-3
31,-22,10,996,-4,2,1
32,-12,5,1006,0,2,-1
33,-16,11,999,0,-2,-1
34,-20,10,1000,-4,0,-1
35,-18,3,1000,0,0,-3
36,-17,8,1013,-4,0,-3
37,-20,6,997,-2,0,1
38,-21,6,1011,-2,0,-3
39,-20,8,999,-4,-2,-1
40,-21,8,985,-4,-2,-1
41,-21,12,998,-4,-2,-3
42,-19,10,1014,-2,-4,-1
43,-12,16,996,-2,2,-1
44,-17,12,1001,0,0,1
45,-22,8,994,-2,-2,-3
46,-20,10,996,-2,0,1
47,-19,5,993,0,2,1
48,-18,1,1001,0,2,-3
49,-16,8,1005,-4,-2,1
50,-20,4,994,-2,0,1
51,-20,10,1007,0,0,1
52,-20,6,1005,-2,2,-1
53,-23,16,1000,0,0,-3
54,-20,6,996,0,-2,5
55,-20,6,1003,-4,-2,-1
56,-11,6,993,1,-2,1
57,-12,10,995,1,0,1
58,-20,4,1003,1,0,-3
59,-28,8,1002,-1,0,-1
60,-17,10,1009,1,2,-3
61,-20,12,1009,1,2,3
62,-19,3,1006,-1,-2,-1
63,-20,7,1013,-3,0,-3
64,-10,6,996,1,0,-3
65,-21,9,1001,1,2,-3
66,-19,5,1009,1,-2,-7
67,-23,8,1007,1,0,1
68,-18,10,998,1,0,-3
69,-21,8,1001,1,0,-3
70,-15,9,998,1,2,3
71,-26,10,1010,1,0,1
72,-24,10,1009,1,2,1
73,-28,13,990,3,5,-1
74,-25,11,1010,1,0,-1
75,-15,6,1010,3,3,3
76,-18,15,1002,1,2,-1
77,-21,12,996,1,-2,-1
78,-28,2,1000,1,2,-1
79,-17,5,1006,1,0,-1
80,-22,3,1001,-1,-2,-1
81,-15,3,997,1,2,1
82,-17,8,1004,-1,-2,1
83,-13,16,1008,-1,2,-3
84,-24,5,996,-1,-4,-1
85,-21,8,1004,-1,-2,1
86,-23,7,995,-3,2,-1
87,-14,7,1016,1,-2,-1
88,-27,12,1009,1,0,1
89,-23,11,1001,1,0,1
90,-26,7,1002,3,2,1
91,-20,10,1014,3,3,-3
92,-19,20,1002,-1,-2,-1
93,-20,11,1003,-1,2,-1
94,-20,3,994,1,0,1
95,-17,1,1007,-1,0,1
96,-22,10,1002,3,0,-3
97,-21,5,996,1,2,-3
98,-23,0,1007,3,2,1
99,-21,9,1004,-1,2,-1
100,-13,9,989,-1,0,3
101,-23,10,1008,-1,0,-3
102,-19,13,995,3,3,-1
103,-21,8,1013,-1,2,3
104,-21,13,1009,3,3,-3
105,-15,4,1006,-3,0,-3
106,-18,2,1016,-1,0,1
107,-20,0,1011,1,-2,-1
108,-10,7,1007,-1,0,-1
109,-27,-5,1013,1,0,-1
110,-21,13,1003,1,0,1
111,-19,4,1002,3,3,-1
112,-22,13,1000,3,3,3
113,-25,6,1005,-1,-4,-1
114,-14,11,1013,-3,2,-1
115,-18,4,1001,1,-2,1
116,-27,11,1005,-5,-2,-3
117,-19,7,1000,-3,-2,-1
118,-17,2,993,-3,0,-1
119,-20,0,1010,-5,-2,1
120,-30,6,1002,-3,2,-1
121,-23,12,988,3,-2,3
122,-24,3,1001,-1,-2,-1
123,-11,2,1001,1,2,-1
124,-25,9,990,1,2,-1
125,-24,12,996,1,-4,-1
126,-19,4,1008,-1,0,-3
127,-15,10,1001,-1,0,1
128,-20,15,1000,5,5,1
129,-14,8,989,1,-2,-1
130,-20,11,1006,-1,3,-1
131,-26,13,1003,-1,-2,-1
132,-23,8,1007,3,3,-1
133,-21,-1,1000,1,2,3
134,-17,5,1003,1,-4,3
135,-23,6,999,-3,0,1
136,-27,7,996,1,0,-1
137,-22,-1,986,-1,0,-1
138,-18,4,1007,-1,0,3
139,-15,4,991,1,0,3
140,-17,2,1004,1,-2,-1
141,-19,4,1005,-1,-2,-1
142,-29,3,1005,1,0,-3
143,-20,2,1004,1,2,3
144,-9,6,1000,1,-2,1
145,-16,3,1000,-1,-2,-1
146,-23,6,1006,1,2,1
147,-16,9,995,1,0,-1
148,-12,12,994,-1,2,-3
149,-14,9,1000,1,0,3
150,-13,9,1011,-3,0,-1
151,-17,6,1004,-1,0,-1
152,-21,12,1001,-1,-2,-1
153,-16,8,1008,1,2,-1
154,-19,8,986,-1,-4,1
155,-23,14,1004,-1,-2,1
156,-18,9,999,1,0,1
157,-22,4,1006,1,0,3
158,-23,6,1013,3,3,-1
159,-19,7,1013,1,2,-1
160,-20,4,1003,-3,-4,-1
161,-13,8,1007,1,2,-3
162,-20,12,1002,1,2,-1
163,-18,14,1006,-1,0,-1
164,-19,2,1003,1,-2,1
165,-30,-5,1004,1,0,-1
166,-19,16,1001,3,3,1
167,-17,3,1009,-1,0,1
168,-18,8,1002,-3,2,1
169,-19,6,1010,1,0,-1
170,-25,11,987,-3,-2,-3
171,-16,3,990,1,2,1
172,-24,7,1005,1,0,3
173,-21,11,996,1,2,1
174,-10,7,999,-1,0,3
175,-15,15,1006,1,-2,1
176,-24,2,1005,3,0,-1
177,-13,15,1005,-3,0,-1
178,-21,7,1002,1,-6,1
179,-19,8,1005,-1,-2,-1
180,-22,10,1006,3,3,1
181,-14,2,999,-1,2,1
182,-16,6,1008,1,2,-1
183,-21,13,999,1,2,-1
184,-17,12,1001,1,-2,-1
185,-26,5,1004,1,-4,3
186,-26,11,1007,-1,0,-1
187,-12,10,996,3,3,1
188,-11,8,1003,1,-2,-1
189,-9,4,995,-1,0,-1
190,-13,14,1002,1,0,1
191,-29,15,1003,1,0,-1
192,-18,6,1002,1,0,1
193,-13,6,998,1,2,-1
194,-21,10,993,1,2,-1
195,-20,7,1010,1,0,1
196,-13,11,1002,-1,2,1
197,-14,7,1010,-5,-4,-1
198,-21,-3,989,1,-2,1
199,-19,11,1009,1,-2,-1
200,-25,13,989,1,-2,3
201,-19,2,996,-1,0,-1
202,-20,7,1008,1,2,3
203,-18,2,1011,-1,-2,-3
204,-20,3,993,-1,-6,3
205,-16,4,991,1,2,3
206,-18,3,1007,-1,-2,-3
207,-26,13,1001,1,2,-5
208,-14,8,1009,3,3,-3
209,-30,4,991,5,3,-3
210,-18,13,992,-1,0,-3
211,-13,6,1004,1,-2,1
212,-18,12,998,-1,-2,3
213,-27,11,1007,1,0,-3
214,-26,5,990,1,-2,-1
215,-23,8,995,1,-2,-1
216,-16,7,1003,-3,-2,1
217,-28,9,999,-1,0,-1
218,-25,0,996,-4,-2,1
219,-26,12,1006,0,0,-3
220,-24,15,1006,0,2,-3
221,-15,12,1007,2,2,3
222,-17,9,1009,0,2,-1
223,-20,11,1009,-4,0,5
224,-20,10,1000,-2,0,-3
225,-16,5,996,0,0,-1
226,-23,16,996,0,-2,-1
227,-21,10,1002,-2,0,-3
228,-18,5,1012,0,0,1
229,-19,6,997,0,-2,-1
230,-17,7,990,0,0,1
231,-13,1,1011,0,0,1
232,-20,4,992,-2,-2,-1
233,-22,3,989,2,4,-1
234,-21,10,1005,0,0,1
235,-20,3,1017,-2,2,-1
236,-29,8,996,0,2,-1
237,-11,6,996,0,-4,-3
238,-19,15,1003,0,-2,1
239,-20,3,986,0,2,3
240,-21,5,1008,-2,0,-3
241,-9,3,988,0,0,-1
242,-25,9,1006,-4,0,1
243,-26,4,992,2,4,-3
244,-25,9,1010,2,4,-3
245,-17,8,991,0,2,-1
246,-28,6,1002,0,2,1
247,-18,13,998,-2,-2,1
248,-22,8,1015,-2,2,-1
249,-15,13,995,0,0,1
250,-16,3,1003,-2,-2,-1
251,-21,3,1002,0,2,-3
252,-10,9,1001,0,0,-5
253,-19,17,999,-2,0,-3
254,-16,9,1005,0,-2,1
255,-24,8,1022,-6,0,-5
256,-26,6,996,-4,0,-1
257,-22,15,998,-2,0,-1
258,-12,7,1006,0,-2,1
259,-13,15,1004,0,-4,-1
260,-25,14,1015,0,2,-1
261,-15,-5,1005,0,-2,-1
262,-18,7,1001,4,4,-3
263,-19,3,1003,-2,-2,1
264,-21,1,1007,0,0,1
265,-25,8,998,-2,2,-1
266,-30,-3,996,0,0,-1
267,-27,13,1002,0,0,-1
268,-23,2,999,0,2,1
269,-12,5,994,-4,2,-3
270,-20,3,1004,-2,-2,1
271,-24,12,1013,0,-2,1
272,-16,2,1007,-2,-2,1
273,-27,12,1002,0,0,1
274,-20,4,993,0,0,-1
275,-28,14,1004,2,4,3
276,-16,10,1005,-2,0,-1
277,-19,7,996,0,0,-3
278,-12,10,1010,0,0,-1
279,-20,6,1000,-2,-2,1
280,-25,5,998,0,-4,1
281,-21,6,1003,-2,0,-1
282,-23,-2,1008,0,0,1
283,-18,12,1009,-2,2,-1
284,-28,0,1001,0,0,1
285,-16,5,981,2,4,-1
286,-15,14,991,-2,2,-3
287,-28,8,999,0,0,-1
288,-19,17,1000,0,2,-1
289,-26,6,998,-2,0,1
290,-20,7,991,-2,0,-1
291,-30,7,1011,0,-4,-1
292,-18,-2,1002,-2,0,-1
293,-20,7,995,-2,0,-3
294,-16,6,1010,-2,0,-5
295,-12,4,996,0,2,1
296,-21,1,1005,-2,-6,1
297,-13,11,996,0,0,-1
298,-20,6,1000,0,2,-3
299,-21,8,993,-2,0,3
300,-19,4,992,-2,0,-1
301,-17,8,999,0,0,-3
302,-10,7,1012,0,0,1
303,-24,-3,1007,0,2,1
304,-18,17,1009,0,-2,1
305,-18,5,995,-2,0,-3
306,-28,4,1001,0,0,-1
307,-24,4,1002,2,2,-3
308,-13,-1,1010,-2,2,1
309,-18,8,992,-2,0,-1
310,-18,13,999,-2,-2,3
311,-17,2,1014,-6,-2,-5
312,-19,9,994,-2,0,1
313,-23,5,1005,2,0,1
314,-14,4,999,-2,-2,1
315,-24,6,1006,0,-6,-1
316,-19,6,999,0,-2,-1
317,-18,3,1003,0,-2,-1
318,-18,-2,1002,-2,2,1
319,-20,10,1001,2,2,-1
320,-15,4,1012,0,2,-5
321,-21,8,1005,-2,0,5
322,-19,3,998,0,2,3
323,-16,10,999,-4,-2,3
324,-22,0,1012,0,-2,1
325,-21,10,988,0,-4,3
326,-17,11,1005,0,2,1
327,-17,6,1005,-2,0,-3
328,-17,3,1012,0,0,1
329,-21,7,1001,0,2,-3
330,-27,7,1011,-2,0,3
331,-18,12,1015,-2,-2,1
332,-27,7,992,0,-4,1
333,-24,15,996,-2,-2,1
334,-28,8,992,4,4,-1
335,-18,14,1006,0,-4,-3
336,-29,6,1000,-2,-2,-5
337,-21,5,989,0,-2,-1
338,-18,14,1000,-2,-2,-1
339,-22,10,989,-2,0,1
340,-21,7,1005,0,0,-1
341,-24,9,992,-2,0,-5
342,-18,8,999,0,2,3
343,-19,8,1004,0,2,-1
344,-17,1,1006,0,0,3
345,-21,1,1003,0,2,-1
346,-26,8,1009,-2,-4,-1
347,-21,11,996,-2,4,1
348,-21,8,1002,2,4,3
349,-22,3,1001,-2,-2,-1
350,-18,6,1005,0,0,-1
351,-26,5,998,2,4,-3
352,-21,8,996,0,-2,-3
353,-24,6,999,0,2,-1
354,-23,13,1001,0,0,3
355,-20,9,1002,2,2,-1
356,-19,11,990,0,0,1
357,-16,-3,996,0,0,-3
358,-19,11,1011,0,0,1
359,-24,18,1006,0,0,3
360,-20,10,1001,0,-2,1
361,-29,4,1001,-4,2,-1
362,-19,7,999,2,4,1
363,-16,9,995,-2,-2,3
364,-33,7,1001,-2,0,3
365,-18,8,1004,0,0,-1
366,-18,6,1013,0,-2,-1
367,-21,11,1002,0,0,1
368,-15,16,1002,0,0,-1
369,-29,14,998,-2,-2,5
370,-19,11,988,0,0,1
371,-18,8,1010,0,0,3
372,-25,12,1013,-2,2,1
373,-25,8,1011,0,-2,-1
374,-18,12,1004,0,0,-3
375,-13,14,1002,-2,-2,1
376,-18,-3,990,0,2,1
377,-18,2,1005,-2,-4,-3
378,-30,5,1004,-2,4,-1
379,-18,11,1005,0,-6,-1
380,-18,10,1014,-4,0,-1
381,-20,2,1000,-2,-4,1
382,-13,7,992,0,2,-1
383,-21,4,1002,-4,-2,-1
384,-27,12,1019,2,4,-3
385,-21,2,1002,0,2,-1
386,-20,5,1002,-2,0,-3
387,-16,4,1016,-2,-4,-1
388,-17,6,1005,0,0,3
389,-21,12,998,0,-4,-3
390,-21,14,1011,0,0,-3
391,-17,8,1010,0,0,3
392,-16,7,995,0,0,-1
393,-21,13,1013,0,2,-1
394,-27,1,994,-4,2,-1
395,-26,10,1010,0,2,1
396,-32,2,994,2,4,1
397,-26,11,1012,-4,0,1
398,-28,1,994,0,-4,1
399,-23,4,1019,0,-2,1
400,-15,10,1008,0,-2,-3
401,-18,17,1001,0,-2,-1
402,-21,3,995,-2,-2,-5
403,-23,8,1008,-6,-2,-3
404,-21,-3,1002,0,0,-3
405,-23,7,1002,0,4,3
406,-20,10,1008,0,4,1
407,-26,4,992,0,2,1
408,-19,1,992,2,0,1
409,-23,7,998,0,-4,3
410,-23,6,991,0,2,-1
411,-15,3,1010,-2,-4,1
412,-17,13,988,0,-2,-1
413,-8,7,1001,-2,2,-1
414,-20,5,1001,-2,4,1
415,-18,15,1005,2,4,-3
416,-27,5,987,4,0,-5
417,-24,8,999,2,4,1
418,-14,10,992,0,-2,1
419,-23,7,999,0,0,1
420,-27,0,1010,0,-4,1
421,-12,11,979,2,2,-1
422,-20,8,998,-2,2,-1
423,-16,6,1003,0,2,1
424,-18,6,1001,2,2,-1
425,-19,6,1006,-2,2,-1
426,-18,10,1004,-4,0,1
427,-29,8,1006,-2,0,-1
428,-24,10,1013,0,-2,1
429,-18,6,1008,-2,-4,1
430,-25,2,1002,-2,0,-3
431,-19,15,988,0,0,5
432,-18,15,1008,-4,-2,1
433,-13,6,989,2,4,-1
434,-24,-3,1002,0,-2,1
435,-13,10,1006,-2,-2,1
436,-15,13,1001,0,0,-3
437,-16,6,988,0,-4,-1
438,-21,14,1004,0,2,-1
439,-20,11,1003,0,-2,1
440,-24,9,996,-2,-2,-3
441,-27,-2,1003,0,0,3
442,-18,1,995,-2,-2,-1
443,-20,3,1003,0,2,-1
444,-22,0,1003,-4,0,-1
445,-24,-3,997,0,-2,-1
446,-21,8,1010,0,0,-1
447,-17,8,999,-2,-2,-1
448,-14,8,1002,-2,2,1
449,-24,7,1006,-2,2,-1
450,-21,2,1004,0,4,-3
451,-16,18,1003,0,2,-1
452,-23,6,1009,0,0,-3
453,-26,4,987,-2,0,1
454,-19,12,1012,0,2,3
455,-19,11,1013,2,-4,-1
456,-19,-1,1001,-2,0,-5
457,-15,14,1012,0,2,-1
458,-21,7,1013,0,0,1
459,-20,15,1014,0,2,-1
460,-22,2,1008,-2,0,3
461,-24,10,1004,2,2,1
462,-24,6,988,-4,-2,3
463,-20,8,994,0,2,1
464,-8,5,1005,-2,0,1
465,-25,10,1007,0,-2,-1
466,-16,3,998,-2,2,1
467,-30,10,1002,-2,-4,-3
468,-15,0,997,0,2,-1
469,-20,3,1001,-2,2,-1
470,-17,6,990,2,2,1
471,-18,3,1007,0,-2,1
472,-25,-3,1009,-2,-4,-1
473,-24,-2,1000,0,2,-1
474,-17,11,1001,-2,2,7
475,-24,9,1001,0,2,1
476,-15,3,1015,0,-3,0
477,-20,12,992,0,1,-1
478,-16,9,1006,-2,-1,-1
479,-15,1,1001,-2,-1,-1
480,-21,6,995,0,1,-1
481,-17,9,1004,0,-3,-1
482,-19,6,992,0,1,0
483,-20,5,1006,0,-1,0
484,-22,8,1006,0,3,-1
485,-28,11,992,-4,-3,2
486,-21,12,1004,-2,-3,0
487,-21,6,1012,0,-1,0
488,-19,14,1005,0,-1,2
489,-23,13,989,0,1,0
490,-13,11,1019,0,-1,2
491,-13,6,1002,0,1,2
492,-17,4,996,-2,-3,-3
493,-15,-4,1002,0,1,-1
494,-20,2,1004,-2,-1,-1
495,-12,7,1010,0,-3,-3
496,-27,8,999,0,1,-1
497,-15,6,1005,0,1,-3
498,-23,4,996,0,-3,0
499,-13,5,1003,-2,1,0
500,-17,8,1015,-2,-3,-3
501,-12,10,995,0,-3,-1
502,-18,10,1005,-4,-1,-1
503,-17,4,1003,-4,-1,-3
504,-10,12,1002,0,-1,-3
505,-31,0,997,-2,-3,0
506,-13,12,999,0,1,0
507,-26,10,1003,-2,-3,-1
508,-9,10,995,0,-1,0
509,-22,4,988,-2,-3,-1
510,-23,-2,1005,-2,1,-1
511,-17,14,1005,2,5,-3
512,-24,13,995,2,3,-1
513,-22,19,1016,2,1,-1
514,-21,5,1013,4,3,-3
515,-17,8,1001,2,3,-1
516,-20,12,1007,4,3,-5
517,-15,3,1000,2,3,-3
518,-22,6,1003,2,3,-3
519,-19,7,994,4,5,-5
520,-23,5,1005,2,5,-3
521,-26,4,996,0,1,-5
522,-19,12,1008,4,3,-3
523,-16,6,1007,2,3,-5
524,-22,13,1010,2,1,-1
525,-16,5,1003,4,7,-1
526,-19,2,1011,4,3,-1
527,-21,13,996,0,-1,0
528,-19,11,1014,0,-3,-3
529,-17,12,991,0,1,-1
530,-16,11,1002,2,3,2
531,-17,7,1021,0,1,-3
532,-18,11,1007,2,1,-1
533,-21,10,1001,2,1,-1
534,-24,6,991,2,5,-7
535,-19,10,1005,0,1,-3
536,-24,10,1001,2,-1,-5
537,-26,10,999,4,3,-3
538,-19,5,1009,2,3,-1
539,-24,4,1009,2,1,-3
540,-16,16,998,2,1,4
541,-12,3,1011,2,3,-1
542,-20,13,1000,2,5,-3
543,-17,4,997,-4,1,-5
544,-21,9,995,0,1,0
545,-21,11,991,0,1,-1
546,-23,11,1009,4,3,0
547,-13,1,1001,0,-1,-3
548,-16,-4,1004,0,1,-1
549,-19,6,1007,2,5,0
550,-13,5,1004,-2,1,0
551,-25,5,998,4,3,-3
552,-16,12,1000,2,5,-3
553,-20,10,1007,4,5,2
554,-25,6,1011,2,3,-5
555,-10,3,992,0,-1,-3
556,-24,6,1003,2,1,-1
557,-21,10,1000,0,1,-1
558,-25,18,1011,2,3,-3
559,-23,6,1005,0,1,-1
560,-10,4,1010,-2,-1,-1
561,-21,6,996,2,-1,-3
562,-16,11,1000,0,1,-5
563,-21,10,1004,-2,1,-1
564,-22,0,987,0,-1,-3
565,-17,7,1000,4,3,-3
566,-15,5,1013,2,3,-5
567,-15,12,1009,2,3,-5
568,-13,8,1005,2,3,-5
569,-20,7,987,0,1,-1
570,-16,3,997,2,3,-1
571,-18,18,1004,2,7,-1
572,-22,4,1008,0,3,-7
573,-24,6,1014,0,-1,-1
574,-11,10,996,1,1,-1
575,-18,11,1001,-1,-1,3
576,-15,7,1003,1,3,-1
577,-15,6,1005,-1,-3,1
578,-17,8,993,4,3,3
579,-16,-1,1007,-1,-5,-3
580,-20,14,1005,1,1,-1
581,-26,7,998,2,1,-3
582,-17,13,987,1,3,1
583,-11,3,998,1,1,1
584,-17,8,1003,-1,-1,-1
585,-19,10,995,-1,-1,1
586,-17,12,999,4,3,1
587,-17,7,1000,-1,-3,1
588,-24,13,1000,1,1,1
589,-19,8,1006,-1,-1,-1
590,-18,5,993,-1,-1,-3
591,-14,10,1004,1,1,1
592,-16,16,1005,-3,-3,-1
593,-16,13,993,-1,-1,-3
594,-22,6,1009,-1,-1,-5
595,-17,4,1016,-1,-3,3
596,-16,13,995,-3,-3,-1
597,-24,-5,995,-1,-1,1
598,-18,11,1008,-1,-1,1
599,-15,4,995,1,3,3
600,-29,11,1000,1,5,1
601,-19,7,1006,1,1,1
602,-20,13,1000,-1,-5,-1
603,-14,12,1003,2,3,-3
604,-18,11,1004,1,1,-1
605,-13,12,1008,1,1,1
606,-16,5,1012,1,3,-3
607,-24,11,997,-1,-1,1
608,-8,8,991,1,1,1
609,-24,15,1002,1,1,-3
610,-21,15,992,-5,-3,-3
611,-26,4,1012,-3,-1,-1
612,-13,4,1000,-3,-1,1
613,-8,4,1008,1,1,-1
614,-24,7,994,-1,-3,-3
615,-11,8,998,1,1,1
616,-12,11,1010,-1,-3,3
617,-28,8,1008,-1,-3,1
618,-21,-1,1003,2,1,-3
619,-16,15,1001,-3,-3,3
620,-14,12,1004,-1,-5,3
621,-12,5,1003,2,1,-3
622,-21,6,989,-1,-3,-1
623,-16,1,1010,1,3,-1
624,-13,4,1003,-1,-1,-3
625,-18,10,999,-1,-3,3
626,-25,2,992,2,3,-3
627,-22,9,999,-1,-1,1
628,-25,10,1006,-1,-1,1
629,-24,12,1004,2,1,1
630,-21,2,1003,1,1,3
631,-28,10,1002,-1,-1,-1
632,-19,2,989,-1,-1,-3
633,-19,10,992,-1,-3,1
634,-16,4,1003,2,1,3
635,-19,7,1006,2,3,-1
636,-18,4,995,1,1,3
637,-18,13,1005,1,3,1
638,-17,18,998,-1,-1,-3
639,-18,7,1013,2,1,-3
640,-21,5,995,1,1,1
641,-17,5,996,1,3,-1
642,-25,2,1005,1,-1,3
643,-23,5,999,2,1,1
644,-20,5,993,-3,-1,1
645,-24,4,1002,1,3,3
646,-21,11,998,-1,-1,1
647,-20,-2,999,-3,-1,1
648,-23,5,991,1,3,1
649,-26,2,1004,-3,-3,-1
650,-26,-1,1003,1,1,-3
651,-13,13,996,-1,-1,-3
652,-17,1,1008,-1,-1,-5
653,-13,1,1002,-1,-7,-1
654,-20,12,1001,2,1,-1
655,-15,22,1006,-1,-5,-3
656,-20,5,990,-1,-3,-1
657,-10,7,986,-1,-3,1
658,-16,5,996,-1,-1,1
659,-22,1,1002,-1,-1,-1
660,-18,12,998,1,1,3
661,-17,5,1011,2,1,-1
662,-22,14,976,-1,-3,1
663,-18,7,998,1,-1,-3
664,-17,15,1000,4,3,-3
665,-17,10,1005,4,1,-3
666,-19,9,1009,-1,-1,-1
667,-26,7,1010,-1,-1,-1
668,-14,5,1002,1,3,1
669,-22,12,1003,1,3,1
670,-21,10,988,-1,1,1
671,-20,7,991,-1,-1,-1
672,-20,9,1017,-1,-1,3
673,-18,6,1006,-1,-3,1
674,-12,10,996,1,1,1
675,-17,9,995,1,-1,-1
676,-15,3,993,-1,-3,-1
677,-25,5,1003,1,1,1
678,-25,8,1008,2,3,-1
679,-23,6,1008,2,5,-1
680,-20,-3,986,1,1,1
681,-14,10,986,-1,-1,-1
682,-26,11,1011,-1,-3,-1
683,-13,5,1008,1,1,3
684,-26,-2,1010,1,1,-1
685,-14,1,995,-3,-1,1
686,-21,7,1010,1,3,1
687,-19,10,1004,-1,-1,1
688,-34,6,1004,1,1,-3
689,-21,13,987,1,5,1
690,-25,4,1002,1,1,-1
691,-24,9,1013,-1,-1,-1
692,-20,5,1003,-1,-3,3
693,-26,6,991,3,3,-1
694,-14,6,1011,1,1,-1
695,-20,8,1006,-1,-5,-1
696,-9,6,1001,1,1,1
697,-25,11,1006,3,-1,-3
698,-17,14,994,1,-1,-1
699,-23,4,997,-1,-3,1
700,-13,17,1005,-3,-1,1
701,-19,17,994,1,3,-3
702,-18,8,1004,1,-3,1
703,-13,3,986,1,-1,-3
704,-16,11,1012,-3,-1,-3
705,-23,3,995,1,1,-1
706,-24,11,1012,-1,-1,-1
707,-12,1,1005,-3,-3,3
708,-13,14,994,1,-1,-1
709,-24,13,992,-1,-3,1
710,-26,10,1005,-1,-1,-1
711,-24,5,1001,1,3,3
712,-13,8,1006,-1,-1,1
713,-22,7,1010,1,1,1
714,-24,16,1000,3,1,1
715,-18,5,1000,1,3,1
716,-16,13,1010,-1,-1,1
717,-20,10,1002,-1,-1,1
718,-20,3,995,1,1,-3
719,-16,5,1001,6,3,1
720,-12,8,1004,3,3,-1
721,-26,7,1003,-1,-1,3
722,-27,8,1003,1,3,-3
723,-19,12,1013,1,3,3
724,-25,6,988,1,1,5
725,-16,1,1000,-1,-1,1
726,-14,15,1019,-1,-1,1
727,-13,5,987,-1,-1,1
728,-20,13,1005,1,3,3
729,-13,11,993,-1,-1,3
730,-26,3,1002,-1,-3,-5
731,-13,6,1004,1,1,3
732,-23,4,992,1,1,-3
733,-13,4,993,1,1,-1
734,-12,14,996,1,1,-1
735,-16,6,1002,-1,-5,3
736,-16,1,1015,1,1,-1
737,-18,8,1006,3,1,-1
738,-26,7,1001,3,1,-1
739,-28,8,991,1,3,3
740,-12,5,994,-1,-3,5
741,-23,6,1014,1,3,1
742,-17,18,1010,1,3,-1
743,-21,18,999,-1,-3,-1
744,-18,11,1000,1,1,3
745,-28,6,997,-3,-3,-1
746,-17,9,993,-3,-3,-1
747,-20,13,1001,1,-1,-3
748,-19,5,996,-1,-1,1
749,-20,8,1003,-1,-1,-3
750,-22,8,992,-3,-3,-3
751,-16,20,1000,1,1,1
752,-24,12,1000,1,3,1
753,-27,2,1001,3,1,-3
754,-24,4,986,3,1,1
755,-20,6,1002,-1,-1,-1
756,-25,6,1003,3,-3,1
757,-23,10,1007,-1,1,-3
758,-20,11,1000,3,1,-1
759,-27,10,1003,3,1,3
760,-18,10,1015,1,3,1
761,-12,14,996,1,3,-1
762,-19,13,998,-1,-7,-3
763,-20,-2,1010,1,1,1
764,-16,7,998,1,1,1
765,-16,13,1011,1,1,1
766,-13,12,1002,1,-1,-1
767,-21,0,997,1,3,-1
768,-23,6,1009,1,3,-1
769,-21,-2,1007,-1,-1,-5
770,-19,12,1002,3,-1,1
771,-25,13,999,-1,-1,1
772,-28,11,1007,-1,-1,-3
773,-20,3,982,1,1,-1
774,-22,11,1007,1,3,1
775,-20,13,1007,1,-1,1
776,-16,8,993,1,3,1
777,-21,6,993,1,-3,1
778,-25,14,991,-1,-1,1
779,-12,8,1003,1,1,1
780,-26,11,999,-5,-1,3
781,-24,4,995,3,1,3
782,-15,-3,1016,1,1,-1
783,-23,8,1001,-1,-3,-1
784,-24,9,1018,1,1,5
785,-22,11,999,3,1,-3
786,-19,6,998,1,3,-3
787,-21,7,1001,-3,-1,5
788,-23,6,1000,1,-1,-1
789,-24,9,996,-1,-3,-3
790,-10,5,1008,1,1,1
791,-15,8,1001,1,1,3
792,-23,8,1005,1,1,-1
793,-13,6,996,-1,-3,1
794,-22,6,999,1,3,3
795,-21,11,998,-1,-3,3
796,-12,14,1001,2,-1,-3
797,-27,10,1003,1,3,-3
798,-9,1,1002,1,1,-1
799,-19,6,1007,2,5,-1
800,-12,3,999,0,2,0
801,-17,9,1000,0,-4,0
802,-10,11,997,2,0,-2
803,-11,3,1000,2,2,-2
804,-20,4,1008,0,2,-2
805,-25,5,999,-2,-2,-4
806,-20,11,1001,-2,-2,-2
807,-13,5,998,-4,-2,0
808,-18,0,1010,2,-4,-2
809,-28,10,993,2,0,-2
810,-20,4,1004,0,0,0
811,-20,15,1002,0,-2,-4
812,-16,12,993,0,0,0
813,-20,2,994,-2,0,0
814,-23,10,1003,-2,-2,-2
815,-11,13,990,-4,-2,-4
816,-17,10,1019,0,0,0
817,-18,16,982,0,0,-2
818,-17,7,1000,0,0,-4
819,-20,12,1011,0,0,-2
820,-19,10,1003,0,0,2
821,-16,9,1004,0,0,-4
822,-18,4,992,-2,2,2
823,-26,8,1000,0,4,-2
824,-18,4,996,0,0,-2
825,-16,4,1002,0,0,0
826,-20,3,994,-2,-2,0
827,-21,5,995,-4,-2,0
828,-22,10,992,-4,-2,2
829,-18,13,993,2,0,-2
830,-15,11,1012,2,2,-2
831,-15,-4,1004,2,2,-2
832,-22,8,998,0,0,0
833,-24,6,999,-2,-2,-4
834,-26,14,1002,-2,-2,-2
835,-17,9,1010,0,2,0
836,-19,3,983,0,0,-4
837,-13,14,1003,-2,-4,-4
838,-16,7,1006,-2,-2,0
839,-23,9,991,0,2,0
840,-21,6,1003,-2,-2,2
841,-26,3,1007,0,0,2
842,-19,1,1000,0,2,2
843,-20,9,990,-2,-4,-2
844,-21,-2,1006,-2,-8,-2
845,-24,1,979,0,-2,0
846,-25,6,1011,0,0,-2
847,-21,10,997,0,0,0
848,-17,21,993,-2,-2,-2
849,-20,10,1002,2,0,0
850,-10,1,992,2,2,-2
851,-23,15,1004,-2,-4,-2
852,-6,4,997,-2,-2,0
853,-18,8,996,-2,-6,0
854,-24,12,1007,0,0,0
855,-19,10,1003,-4,-4,-4
856,-23,11,1015,-4,-2,-2
857,-15,12,1005,0,-2,-2
858,-26,4,995,0,0,-4
859,-22,10,993,-2,-2,2
860,-18,5,1003,0,-2,-4
861,-12,6,1003,0,2,-2
862,-21,1,1010,0,0,-2
863,-20,1,1001,-2,-2,-2
864,-25,6,1002,0,0,0
865,-22,2,992,2,-2,-2
866,-18,7,996,-2,-2,-2
867,-17,11,993,0,0,-2
868,-13,10,992,-2,-2,0
869,-14,1,1007,0,0,0
870,-23,6,996,-4,-2,0
871,-22,13,1013,-2,-4,2
872,-19,13,994,-2,-4,2
873,-20,4,1004,-2,-4,-2
874,-18,2,1007,2,0,0
875,-25,6,1006,2,0,-2
876,-23,2,1010,-2,-2,0
877,-27,11,992,-2,-2,-4
878,-19,6,999,0,0,-4
879,-25,8,998,-2,-4,-2
880,-16,10,1000,-2,-2,0
881,-17,11,1003,-2,-4,0
882,-16,14,1014,-4,-4,-2
883,-11,7,1019,-2,-4,0
884,-18,5,987,0,2,0
885,-24,2,985,0,0,0
886,-19,12,1016,-2,-4,-2
887,-20,15,1008,-2,-2,-4
888,-15,5,1009,-2,-2,-2
889,-24,15,1002,4,-2,-4
890,-23,7,990,-2,-2,-2
891,-21,10,1006,2,2,-2
892,-29,1,1000,-4,-6,-4
893,-21,2,1003,-2,-2,-4
894,-20,5,1011,0,0,-2
895,-17,6,1005,0,0,-2
896,-22,5,1008,-2,-2,0
897,-17,5,1003,2,0,-2
898,-17,10,999,0,2,-6
899,-18,8,997,2,0,-2
900,-18,14,993,0,0,2
901,-12,8,1005,2,2,0
902,-21,17,1002,2,0,0
903,-21,4,1012,0,0,0
904,-15,1,991,-2,-2,0
905,-24,3,997,-4,-2,-2
906,-16,9,1003,-2,-2,-2
907,-15,2,1005,-2,0,0
908,-10,4,1010,0,0,-2
909,-23,2,1008,-2,0,-6
910,-20,5,995,0,2,-2
911,-14,6,1001,-2,-2,-2
912,-25,11,1001,-2,-2,0
913,-22,2,999,-2,-2,0
914,-16,15,1012,-2,-2,-4
915,-17,11,1016,-2,-4,-2
916,-21,14,1005,0,0,-2
917,-16,2,1000,0,2,-4
918,-25,12,999,0,2,-2
919,-21,6,1006,-2,-2,-2
920,-21,5,1000,-2,-2,0
921,-18,18,1006,0,-2,2
922,-13,10,996,-4,-2,0
923,-8,-3,1000,0,0,0
924,-18,2,987,-6,-4,0
925,-21,7,1001,0,-2,-2
926,-17,9,992,-2,-2,0
927,-13,14,998,-2,-2,-2
928,-16,14,1002,4,2,0
929,-23,7,993,0,2,-2
930,-21,7,1006,0,2,-1
931,-18,5,1007,-2,-6,1
932,-16,12,994,-2,-2,-1
933,-18,2,1005,-2,-2,1
934,-16,8,1009,-2,-2,3
935,-21,9,1008,0,-2,1
936,-19,11,1008,4,2,-1
937,-27,11,986,-3,-2,1
938,-17,6,1002,0,2,1
939,-11,4,994,0,0,-5
940,-34,-1,1007,-2,-4,1
941,-28,11,1007,-2,-4,-3
942,-17,1,992,0,2,1
943,-19,5,1006,-2,-4,1
944,-13,15,987,4,0,3
945,-14,11,993,0,-4,-3
946,-13,8,998,-2,-2,3
947,-27,4,1003,0,0,-1
948,-21,11,1006,-2,-4,-1
949,-23,4,995,-2,-2,-3
950,-26,8,1007,-3,-2,-1
951,-16,7,1008,0,-2,-1
952,-20,14,990,-3,-2,-3
953,-17,-2,993,0,2,-1
954,-14,11,1007,-2,-8,-3
955,-18,7,989,2,0,-1
956,-24,13,985,-3,-2,-1
957,-18,7,1001,0,2,-1
958,-20,10,1002,0,0,3
959,-19,10,1006,2,2,1
960,-20,15,1006,0,2,-5
961,-18,9,994,-5,-6,1
962,-28,8,991,-2,-4,-3
963,-15,10,1007,-2,-6,3
964,-27,-1,1013,2,0,3
965,-21,13,1003,-2,-2,1
966,-21,12,991,-2,-2,1
967,-24,10,1010,-2,-2,1
968,-16,4,998,2,2,-3
969,-18,4,996,-3,-2,-5
970,-18,12,999,0,0,1
971,-25,11,1006,-2,-2,1
972,-8,7,1007,-3,-4,-1
973,-23,15,992,-2,-2,1
974,-23,5,1012,-3,-2,-3
975,-16,-3,1006,-5,-2,1
976,-26,8,1008,0,2,3
977,-25,4,998,-2,-4,-1
978,-20,16,997,-2,-2,-1
979,-18,4,1015,0,-6,-3
980,-16,7,1003,-2,-6,-3
981,-20,2,1019,0,2,3
982,-13,5,992,-2,-4,1
983,-16,12,1010,0,0,1
984,-19,6,1022,-2,-2,1
985,-20,8,998,0,0,-1
986,-17,5,995,2,0,3
987,-20,9,991,-2,-2,1
988,-17,1,998,0,2,-3
989,-26,8,1003,2,0,-1
990,-23,11,992,0,-4,-1
991,-19,4,1008,-2,-2,-3
992,-9,6,1009,0,0,1
993,-20,2,1005,0,4,-1
994,-15,12,1012,0,0,-1
995,-24,10,994,4,0,1
996,-15,6,1008,-3,-2,3
997,-15,8,1011,-2,-2,-1
998,-22,12,1007,0,0,1
999,-19,1,1006,-2,-4,1
1000,-26,1,989,-2,0,-3
1001,-28,5,1004,-2,-2,1
1002,-20,10,1008,0,0,-1
1003,-25,10,1006,0,0,3
1004,-20,10,994,0,0,-1
1005,-26,7,1005,0,-2,-1
1006,-23,7,1007,-5,-2,1
1007,-26,12,1017,-2,-2,-1
1008,-17,15,1017,-2,-2,-3
1009,-21,6,1004,-2,-4,1
1010,-15,4,1004,-2,-4,1
1011,-8,9,1002,2,2,-1
1012,-21,6,1005,2,0,-3
1013,-17,12,996,0,-2,-1
1014,-16,4,1005,-2,-2,-1
1015,-11,14,989,-2,-2,-1
1016,-21,10,992,4,0,-1
1017,-23,6,995,0,0,-1
1018,-22,7,999,0,2,1
1019,-21,12,1011,2,0,-1
1020,-11,7,990,0,0,1
1021,-20,12,987,-2,-2,-1
1022,-20,1,1006,-2,-2,-3
1023,-20,5,1010,-2,-4,-1
1024,-13,4,1012,2,-2,-1
1025,-21,6,1001,0,0,1
1026,-19,6,995,-2,-2,1
1027,-23,9,1002,-3,-2,1
1028,-15,3,1012,-2,-2,-1
1029,-13,10,1016,0,0,-7
1030,-16,15,1018,-2,-2,-3
1031,-17,17,993,0,0,-3
1032,-16,11,994,-2,-2,-3
1033,-16,0,1005,-2,-2,1
1034,-23,4,993,0,0,3
1035,-18,13,1001,0,0,-5
1036,-19,-2,986,-2,-4,-3
1037,-20,5,1000,2,2,-3
1038,-16,4,1004,-2,-2,1
1039,-19,5,1000,0,0,-3
1040,-13,5,996,-3,-2,3
1041,-24,1,999,0,0,3
1042,-24,3,1002,-3,-4,1
1043,-24,8,1007,-2,0,-1
1044,-20,2,995,2,0,1
1045,-21,10,1000,-2,-4,5
1046,-17,8,1001,-2,-2,1
1047,-7,12,1007,-3,-6,-1
1048,-29,5,999,-2,-4,1
1049,-20,15,1016,0,0,1
1050,-15,14,993,0,2,1
1051,-27,-2,1007,-5,-2,1
1052,-13,9,997,-2,-2,-1
1053,-30,14,990,-2,-4,-3
1054,-15,12,1010,-3,-2,-3
1055,-24,6,1000,2,2,1
1056,-24,7,1003,0,-2,-1
1057,-10,7,997,0,-2,-1
1058,-20,8,1013,4,0,-1
1059,-24,14,1017,0,0,-3
1060,-19,3,995,-2,0,3
1061,-20,6,992,2,-4,1
1062,-21,-1,1014,-2,-2,-1
1063,-14,17,1007,-2,-2,1
1064,-16,4,987,-2,-4,-1
1065,-18,4,1012,0,0,-1
1066,-18,11,994,-2,-2,-1
1067,-14,6,1006,-2,-2,1
1068,-17,8,996,0,0,1
1069,-16,14,1008,-2,-2,1
1070,-20,6,1003,0,0,1
1071,-7,6,1009,-3,-6,-5
1072,-13,8,1002,2,2,1
1073,-19,6,1008,0,0,-1
1074,-13,2,1003,2,0,-1
1075,-17,13,1006,2,2,-1
1076,-17,4,998,-2,-4,-1
1077,-16,3,1004,0,-4,1
1078,-15,8,997,0,0,1
1079,-20,5,1017,0,0,1
1080,-18,9,1011,0,-2,3
1081,-21,8,1005,0,2,-5
1082,-20,2,1009,0,0,-1
1083,-12,11,1010,-3,-4,-1
1084,-13,10,1017,0,0,1
1085,-15,4,997,-2,-4,3
1086,-24,7,995,-3,-2,-1
1087,-26,7,996,-3,-2,-3
1088,-13,5,999,-2,-2,-1
1089,-23,8,1014,-2,-8,-1
1090,-20,4,1013,-3,-4,1
1091,-23,2,1018,0,0,-1
1092,-30,6,1006,-1,-4,-3
1093,-23,8,989,1,0,3
1094,-11,14,1000,-1,-4,-1
1095,-19,16,1010,1,0,-1
1096,-22,10,1002,1,2,1
1097,-18,8,1002,-1,-2,-1
1098,-15,11,1017,-1,0,-3
1099,-17,5,1004,1,0,1
1100,-15,3,999,-1,-4,-1
1101,-18,2,1003,1,0,-1
1102,-20,10,992,-1,-2,1
1103,-23,13,1016,1,0,-1
1104,-15,-5,997,1,-4,-1
1105,-11,7,994,-1,-2,1
1106,-22,8,998,3,0,1
1107,-29,10,1007,-1,-2,-1
1108,-16,5,996,-1,-4,1
1109,-21,3,1009,3,0,-3
1110,-19,12,997,-1,-2,-1
1111,-16,8,1007,-1,-2,-1
1112,-19,3,1004,-1,-2,-3
1113,-20,6,1005,1,0,-1
1114,-20,4,1002,-1,-2,1
1115,-28,3,1004,1,2,-3
1116,-27,3,996,-1,-2,-3
1117,-23,7,993,-3,-2,1
1118,-21,15,1009,1,4,-1
1119,-17,8,1011,-1,-4,-1
1120,-25,6,1012,1,0,-1
1121,-17,2,992,-1,-2,-5
1122,-35,10,1014,-1,-2,-1
1123,-14,5,1010,1,0,-1
1124,-19,13,1010,1,0,1
1125,-18,8,992,-1,0,-1
1126,-20,6,1006,1,-2,3
1127,-31,11,1002,1,0,1
1128,-11,8,1003,1,-2,3
1129,-22,8,1002,1,0,1
1130,-25,6,1000,3,0,-1
1131,-17,5,995,1,0,-1
1132,-14,17,1009,1,0,-1
1133,-10,14,1010,-3,-2,1
1134,-22,8,987,1,-2,1
1135,-11,12,996,-5,-2,-3
1136,-12,9,1001,-1,-6,1
1137,-12,8,985,3,0,-1
1138,-13,16,1001,1,2,-3
1139,-22,7,1006,1,4,-5
1140,-11,2,1006,-1,-4,-3
1141,-17,16,1005,-1,-2,-3
1142,-21,7,990,1,-2,5
1143,-22,7,1010,-1,-4,-1
1144,-17,3,999,3,2,-3
1145,-17,3,1014,1,0,-1
1146,-18,10,1002,1,0,1
1147,-17,4,1008,-1,-2,1
1148,-13,6,1013,-3,-4,1
1149,-18,-1,1001,1,0,1
1150,-17,11,1002,1,0,-1
1151,-20,8,1008,1,0,-3
1152,-15,8,1009,-1,-2,-1
1153,-19,14,1003,3,0,-1
1154,-25,4,998,1,2,-3
1155,-18,3,1004,-3,-2,1
1156,-24,7,1019,2,0,1
1157,-23,-4,997,-2,-2,-1
1158,-13,10,998,0,0,1
1159,-19,13,1005,2,2,-3
1160,-24,3,1013,-2,-2,-1
1161,-23,11,989,-2,-6,-1
1162,-19,1,998,-2,-4,3
1163,-16,2,1004,-2,-2,-3
1164,-15,8,1016,4,2,1
1165,-17,3,998,-2,-2,-1
1166,-18,1,1004,2,0,1
1167,-22,5,1010,0,4,3
1168,-21,7,1003,-2,-4,1
1169,-21,9,1000,-2,-4,1
1170,-21,5,1001,0,2,-1
1171,-26,1,1009,-4,-2,1
1172,-17,4,999,0,0,-1
1173,-18,6,997,2,0,-3
1174,-15,11,1013,-2,-2,-1
1175,-12,6,1006,-2,-4,-1
1176,-21,8,991,-2,-2,1
1177,-20,13,1003,-2,-4,1
1178,-18,12,1008,0,-2,-1
1179,-16,19,1010,-4,-2,1
1180,-16,7,1006,-4,-4,1
1181,-15,4,988,0,0,1
1182,-28,5,1008,0,0,-1
1183,-25,12,1001,-2,-2,3
1184,-21,10,1005,-2,-2,-1
1185,-18,14,995,-6,-2,-1
1186,-15,11,1000,-2,-2,-3
1187,-23,5,994,-2,-2,-1
1188,-26,3,1002,-6,-6,-5
1189,-11,-1,995,-2,-2,-3
1190,-16,6,1004,2,0,1
1191,-17,3,1001,4,0,1
1192,-17,5,1005,2,0,1
1193,-24,11,1013,-2,-4,-1
1194,-24,15,1008,4,2,1
1195,-20,8,996,0,-2,1
1196,-23,10,1007,0,0,-3
1197,-25,14,1011,0,2,-5
1198,-27,1,1008,0,-2,1
1199,-25,2,994,-2,-2,3
1200,-15,12,1009,-2,-2,-1
1201,-21,2,1007,-2,-2,-1
1202,-15,-3,1002,-2,-2,1
1203,-21,4,1007,-4,0,-1
1204,-25,3,985,0,-2,1
1205,-17,10,1000,0,-2,-1
1206,-16,1,987,0,2,-3
1207,-23,5,1005,-2,-2,-1
1208,-20,7,999,-2,-4,-3
1209,-24,14,986,-2,-2,3
1210,-20,1,992,0,0,1
1211,-28,-2,999,0,0,-1
1212,-14,9,1000,-2,-2,1
1213,-19,4,1012,-4,-2,-1
1214,-27,9,1006,0,-2,-1
1215,-19,10,1007,-2,-4,3
1216,-17,6,999,2,0,-1
1217,-12,4,997,-2,-2,-1
1218,-20,10,1004,2,2,1
1219,-33,12,1000,-6,-2,1
1220,-19,10,1015,-2,-4,1
1221,-19,5,1007,0,2,-3
1222,-16,12,992,-2,-1,1
1223,-21,10,1005,-2,-1,-1
1224,-10,6,995,0,1,-3
1225,-15,7,1010,2,1,-1
1226,-18,5,1002,-2,-1,1
1227,-21,13,999,-4,-3,-3
1228,-15,3,996,-2,-1,-3
1229,-21,5,1008,-2,-1,-3
1230,-20,5,1000,0,3,1
1231,-13,12,993,0,-3,-5
1232,-24,12,992,-2,-1,-1
1233,-17,5,992,0,1,1
1234,-26,2,986,0,1,-1
1235,-17,9,1015,-2,-1,-3
1236,-15,3,1000,0,-1,-3
1237,-23,7,991,0,5,1
1238,-15,14,1007,2,3,3
1239,-20,9,1002,-2,-1,1
1240,-22,13,1005,-2,-1,-1
1241,-13,14,998,-4,-1,-1
1242,-19,-3,1003,-2,-1,3
1243,-25,-3,1005,0,1,-3
1244,-20,4,1001,0,3,-1
1245,-23,4,1001,-2,-1,1
1246,-18,17,1007,0,1,-3
1247,-15,14,986,0,1,-3
1248,-18,3,997,0,-1,-3
1249,-16,10,997,0,-1,-1
1250,-18,8,1002,0,1,-3
1251,-23,9,998,4,1,-3
1252,-29,1,1011,-2,-1,-3
1253,-8,9,1002,0,-1,-1
1254,-17,13,1004,0,-1,1
1255,-16,9,996,2,3,-1
1256,-13,4,1000,-2,-1,-1
1257,-16,10,1005,-2,-1,1
1258,-16,-3,989,-6,-1,1
1259,-19,5,1000,0,-3,-5
1260,-16,7,1004,-2,-3,-3
1261,-19,2,1003,0,-1,-1
1262,-26,5,1007,0,1,-1
1263,-19,12,1004,-2,-3,-1
1264,-21,13,988,-2,-5,1
1265,-15,10,1010,0,1,1
1266,-14,2,1009,0,1,-1
1267,-20,12,1008,0,1,1
1268,-25,5,993,-2,-1,-1
1269,-19,5,1002,0,1,1
1270,-25,10,996,-2,-1,1
1271,-18,13,1003,0,1,1
1272,-24,8,1008,0,1,1
1273,-19,10,997,0,1,-5
1274,-17,2,999,0,3,1
1275,-23,-2,995,-4,-1,1
1276,-32,6,994,2,3,-5
1277,-18,16,991,2,1,1
1278,-17,5,1010,-2,-1,-1
1279,-24,9,1013,2,1,-1
1280,-12,5,992,2,1,-1
1281,-19,11,996,-2,-1,-3
1282,-20,12,1008,0,-1,1
1283,-15,11,1009,0,1,-1
1284,-13,5,998,0,3,1
1285,-14,9,1001,-2,-1,1
1286,-12,8,1007,-2,-7,-1
1287,-23,10,1004,-2,-3,1
1288,-23,3,1011,0,3,1
1289,-16,4,993,-2,-5,-3
1290,-19,1,996,0,1,-1
1291,-17,17,997,-2,-5,-3
1292,-20,1,1000,-4,-3,-1
1293,-18,5,1007,-6,-1,1
1294,-23,4,1009,-4,-5,3
1295,-20,21,1003,0,3,-1
1296,-19,11,1003,-4,-3,1
1297,-15,5,1012,2,3,-3
1298,-18,12,1007,-2,-1,1
1299,-21,5,996,0,1,3
1300,-23,12,1004,-2,-1,3
1301,-19,2,996,2,5,3
1302,-20,6,1005,2,-1,-3
1303,-23,3,1011,0,1,-3
1304,-17,13,1002,-2,3,-3
1305,-21,11,1000,-2,-1,-1
1306,-20,9,1010,-2,-1,-1
1307,-18,13,1005,-2,-1,1
1308,-20,3,1007,2,3,-3
1309,-23,3,996,-2,-1,-1
1310,-22,11,981,-2,-1,-3
1311,-12,16,1010,0,1,1
1312,-30,8,1000,-2,-3,-1
1313,-17,7,990,-2,-1,-1
1314,-19,6,1001,2,3,1
1315,-18,2,999,-2,-3,-1
1316,-21,7,993,-2,-1,1
1317,-18,14,1012,-2,-3,1
1318,-21,14,999,-2,-1,-1
1319,-20,10,995,0,1,-1
1320,-28,10,985,2,1,-1
1321,-21,8,1007,0,3,-1
1322,-23,9,1003,0,1,-3
1323,-25,10,1004,0,1,-3
1324,-21,5,994,-2,-1,3
1325,-16,0,992,-2,-3,3
1326,-18,9,1005,2,1,-3
1327,-23,1,995,2,3,1
1328,-17,4,993,0,3,1
1329,-21,4,998,0,1,3
1330,-18,4,1008,-2,-1,-1
1331,-29,0,1002,2,1,-1
1332,-16,2,1013,0,1,-1
1333,-13,8,998,-2,-1,1
1334,-19,10,1012,0,-1,3
1335,-17,2,1009,2,3,-3
1336,-20,9,1001,0,1,-1
1337,-21,5,998,-2,1,1
1338,-12,8,998,-2,-1,1
1339,-17,7,1009,-4,-3,-3
1340,-13,11,1004,-2,-3,1
1341,-18,8,989,0,1,-1
1342,-17,6,1006,0,3,-3
1343,-17,15,991,0,1,1
1344,-20,6,996,-2,-3,1
1345,-13,9,1000,0,1,3
1346,-20,10,1003,-4,-1,1
1347,-20,9,1003,0,3,1
1348,-24,11,1000,0,3,1
1349,-23,10,994,0,1,1
1350,-22,12,1002,2,1,-1
1351,-27,14,1000,0,3,-3
1352,-13,10,1004,-2,-1,3
1353,-21,4,1000,-2,-1,-1
1354,-24,4,1006,0,1,1
1355,-20,8,1014,0,-1,-1
1356,-19,8,995,-2,-1,-1
1357,-18,5,994,-2,-1,-3
1358,-13,2,1001,0,1,-1
1359,-17,8,1005,-4,-1,-3
1360,-23,3,995,4,1,1
1361,-21,8,998,-4,-1,1
1362,-16,10,1004,2,1,-1
1363,-21,10,998,2,-1,1
1364,-9,-3,1007,-2,-1,1
1365,-17,8,1001,-2,-3,1
1366,-24,2,999,0,3,-3
1367,-25,-3,1003,0,1,1
1368,-15,3,990,0,1,1
1369,-24,8,998,-2,-1,1
1370,-13,4,1011,2,-3,-1
1371,-17,3,996,0,1,1
1372,-24,4,992,0,3,-3
1373,-19,14,1007,0,3,1
1374,-20,10,990,2,1,-1
1375,-18,12,995,0,3,5
1376,-16,11,1001,-2,-1,-3
1377,-21,5,988,2,5,-1
1378,-25,9,1001,-2,-1,3
1379,-26,3,1001,0,1,-1
1380,-16,8,1000,-4,-3,-1
1381,-17,16,1002,-6,-3,-1
1382,-16,6,1011,0,-1,1
1383,-20,17,1001,0,3,1
1384,-17,17,996,-2,-1,1
1385,-16,3,1008,-2,-3,-1
1386,-17,7,996,-6,-3,1
1387,-22,4,1004,2,3,1
1388,-18,8,985,0,3,-1
1389,-27,11,993,-2,-3,3
1390,-18,8,994,-2,-1,1
1391,-28,7,1002,4,5,-3
1392,-21,13,998,-2,-3,-1
1393,-17,2,995,-2,-3,1
1394,-10,6,1002,-2,-1,-1
1395,-24,4,996,0,1,-5
1396,-18,9,1002,2,1,1
1397,-10,9,1003,0,-1,3
1398,-13,7,996,2,-1,-1
1399,-7,3,999,0,1,1
1400,-19,3,1003,-2,-3,-1
1401,-21,11,1016,-4,-1,-3
1402,-16,11,989,-2,-5,-3
1403,-17,15,999,-2,-1,-1
1404,-18,11,998,-4,-1,-3
1405,-18,8,1005,0,1,-1
1406,-12,14,998,0,3,-5
1407,-26,0,992,0,-1,1
1408,-28,7,995,0,1,-3
1409,-26,10,1000,-2,-3,-3
1410,-19,5,1001,0,1,-3
1411,-16,13,994,0,3,1
1412,-18,3,1001,0,1,-1
1413,-23,8,997,-4,-5,-1
1414,-8,2,1003,2,1,1
1415,-23,6,1020,0,3,-7
1416,-17,1,1011,0,1,-3
1417,-23,5,1002,-2,-1,-1
1418,-25,7,1004,0,1,-3
1419,-21,7,1003,0,1,-3
1420,-19,7,1002,-2,-5,-1
1421,-17,2,996,2,3,1
1422,-19,5,1014,2,1,3
1423,-26,10,1003,0,-1,5
1424,-24,5,1001,-2,-1,-3
1425,-24,2,998,-2,-1,3
1426,-25,8,998,-6,-3,-1
1427,-19,9,1004,0,1,3
1428,-28,11,995,-2,-1,-3
1429,-21,-3,998,-4,-1,-3
1430,-24,8,1000,0,1,-1
1431,-16,7,1006,0,-1,-1
1432,-20,16,1000,0,1,1
1433,-16,5,1000,-2,-5,3
1434,-17,10,994,0,-1,3
1435,-17,4,1005,0,3,1
1436,-20,12,1009,-2,-1,-1
1437,-16,5,992,-2,-1,-1
1438,-15,10,1023,0,1,-3
1439,-30,7,1007,0,-1,-1
1440,-19,11,998,-2,-1,-3
1441,-15,12,1004,-4,-1,-1
1442,-15,7,1006,-2,-5,1
1443,-26,10,1005,2,-1,3
1444,-22,7,1000,0,3,1
1445,-19,6,990,-2,-3,1
1446,-11,3,998,-2,-1,-1
1447,-25,13,991,-2,-1,-3
1448,-17,17,996,0,5,1
1449,-21,13,1012,0,1,1
1450,-26,8,1001,-2,-1,1
1451,-21,8,997,-2,-1,1
1452,-19,6,995,2,5,-1
1453,-16,8,1000,-2,-1,-1
1454,-23,3,1005,-2,-5,-1
1455,-26,8,1013,-2,-1,-1
1456,-21,4,1000,-2,-1,-1
1457,-17,8,989,-2,-3,-1
1458,-20,9,1000,0,3,-1
1459,-18,4,1006,-4,-5,1
1460,-37,4,997,2,3,1
1461,-13,14,1000,-2,1,-5
1462,-20,11,1008,-4,-3,1
1463,-17,17,1007,0,-1,-1
1464,-14,7,1002,2,5,-3
1465,-16,12,994,0,-1,3
1466,-16,7,985,-2,-1,-3
1467,-19,6,998,-6,-3,-1
1468,-23,-1,1013,-2,-3,1
1469,-16,2,1004,2,3,1
1470,-20,6,1009,0,3,-1
1471,-18,11,997,2,1,-1
1472,-23,15,998,2,3,1
1473,-14,3,993,-2,-1,1
1474,-20,11,1008,-2,-5,-1
1475,-21,2,996,-2,-3,-1
1476,-17,-1,1002,-2,-1,3
1477,-20,5,1008,-2,-3,-1
1478,-16,11,1010,0,1,1
1479,-12,11,998,0,1,1
1480,-20,8,992,2,3,3
1481,-19,12,1004,0,5,-1
1482,-16,9,1017,0,1,1
1483,-21,7,1018,0,-1,1
1484,-20,4,989,-2,-3,-1
1485,-20,11,1003,0,-3,-1
1486,-26,10,1004,-2,-3,1
1487,-11,15,1010,0,1,-1
1488,-11,0,1013,2,3,-1
1489,-23,9,997,2,1,1
1490,-17,4,980,-2,-3,1
1491,-16,8,1005,0,3,1
1492,-17,15,1004,-2,-1,-1
1493,-25,12,996,-2,-1,-1
1494,-18,10,999,2,1,-3
1495,-27,6,993,0,1,-1
1496,-20,15,1007,-2,-1,-3
1497,-18,2,1011,-2,-1,3
1498,-25,-1,1001,-2,-1,1
1499,-16,4,999,-2,-1,1
1500,-32,14,1005,-2,3,-3
1501,-15,5,1016,-4,-5,3
1502,-19,7,994,-2,-1,-3
1503,-23,4,988,0,1,-1
1504,-19,14,1002,-2,-3,3
1505,-23,5,995,2,1,3
1506,-13,6,1004,2,-3,3
1507,-14,14,1004,2,1,-1
1508,-20,1,1004,2,1,1
1509,-18,12,986,-2,-1,-1
1510,-16,12,1001,0,1,-3
1511,-15,5,1011,0,3,-1
1512,-21,9,1001,0,3,3
1513,-11,6,1004,0,1,1
1514,-21,0,1003,0,3,1
1515,-13,11,1016,0,1,1
1516,-15,7,1015,-2,-3,-1
1517,-13,3,1009,-2,-3,1
1518,-15,9,1010,-2,-3,3
1519,-9,17,1001,0,1,-3
1520,-15,4,1012,0,1,1
1521,-12,14,1001,0,1,1
1522,-12,-5,1004,4,1,3
1523,-33,7,998,0,5,-1
1524,-23,7,1010,0,3,-1
1525,-29,7,994,0,1,-1
1526,-16,5,998,0,-1,-1
1527,-19,7,1000,-2,-3,1
1528,-23,10,1005,-2,-3,1
1529,-16,10,1002,-4,-1,1
1530,-19,6,1005,0,1,1
1531,-24,3,1000,2,1,1
1532,-22,3,993,-2,-3,-1
1533,-27,5,995,-2,-1,3
1534,-19,7,1009,2,5,-1
1535,-25,1,990,-2,-1,5
1536,-12,7,991,2,5,-1
1537,-22,18,1005,0,1,-1
1538,-11,6,1007,-2,-1,-1
1539,-27,5,997,0,5,-1
1540,-11,12,1003,-4,-1,1
1541,-16,6,1004,0,-3,1
1542,-25,9,1004,0,1,3
1543,-19,7,1011,-2,-3,-1
1544,-19,2,993,-2,-4,-2
1545,-16,8,998,-2,-2,0
1546,-27,3,986,2,0,-6
1547,-19,6,1009,2,-2,0
1548,-15,7,1000,-2,-2,-2
1549,-25,2,997,-2,-2,0
1550,-13,10,1003,2,2,0
1551,-19,15,1007,-2,-4,-2
1552,-22,2,1001,0,0,0
1553,-17,15,999,0,0,-4
1554,-20,1,995,0,-2,0
1555,-16,15,1003,-2,-2,-2
1556,-22,6,996,2,4,-2
1557,-21,3,995,-2,-2,0
1558,-11,13,1007,-2,-4,-4
1559,-17,6,999,-2,-2,0
1560,-19,11,1017,0,-2,0
1561,-25,-4,1003,-2,-2,2
1562,-15,19,1000,-2,-2,0
1563,-7,13,991,-4,-6,0
1564,-11,5,1014,-2,-4,-2
1565,-15,8,1003,2,0,-6
1566,-13,5,1007,0,0,-2
1567,-26,8,1003,2,-2,-2
1568,-18,7,996,0,0,4
1569,-16,-1,999,-2,-2,-6
1570,-20,2,1019,-2,-2,0
1571,-16,-5,1013,2,2,-4
1572,-19,7,1014,-4,-4,-2
1573,-20,5,1016,-2,-2,0
1574,-19,3,1006,0,-4,-2
1575,-25,12,1009,-2,-4,0
1576,-15,-2,1012,0,0,2
1577,-22,8,995,2,0,-4
1578,-26,5,1008,0,0,-2
1579,-12,5,996,0,-4,0
1580,-21,11,1007,-2,-2,2
1581,-18,11,998,-2,-4,2
1582,-14,3,1005,-4,-2,-2
1583,-24,11,1014,2,2,0
1584,-25,3,989,0,0,0
1585,-19,9,985,-2,-4,0
1586,-20,8,994,-2,-2,0
1587,-20,8,1005,-2,-4,-4
1588,-19,0,1003,6,0,2
1589,-17,2,1004,-2,-2,-2
1590,-23,-2,1001,0,0,6
1591,-23,7,1013,0,2,2
1592,-25,-6,1013,-2,-2,2
1593,-17,5,990,2,-2,0
1594,-24,8,1002,2,0,0
1595,-21,6,1008,0,2,0
1596,-19,2,1006,0,-2,-2
1597,-22,4,996,-2,-4,-6
1598,-21,4,983,-2,-4,0
1599,-13,4,1001,-2,-2,-4
1600,-18,10,1001,0,0,2
1601,-18,0,991,2,0,0
1602,-22,3,1000,0,0,2
1603,-17,9,1005,0,-2,0
1604,-21,13,999,-2,-2,0
1605,-16,1,1005,0,-4,-2
1606,-20,7,997,-2,-2,0
1607,-20,14,1007,0,0,0
1608,-16,5,1010,-4,-4,-2
1609,-23,13,1002,-2,-2,2
1610,-17,5,1003,-2,-2,2
1611,-11,14,1001,0,2,-2
1612,-24,3,1010,0,0,0
1613,-22,6,994,-2,-4,-2
1614,-17,10,1001,-2,-4,0
1615,-20,8,1007,0,0,-2
1616,-24,6,1002,0,2,0
1617,-23,6,998,0,0,-4
1618,-16,12,1006,-2,-2,-2
1619,-15,11,1006,0,0,0
1620,-22,12,993,-6,-2,0
1621,-8,4,999,0,2,-2
1622,-18,4,989,0,0,-4
1623,-19,13,1012,0,0,0
1624,-19,6,1010,-2,-7,-2
1625,-16,3,982,2,0,0
1626,-19,8,1000,0,2,-2
1627,-21,14,1004,-4,-2,0
1628,-16,7,990,-2,-4,-4
1629,-20,6,1002,-2,-2,-4
1630,-19,3,996,2,2,0
1631,-19,9,1008,-2,0,0
1632,-9,14,997,-4,-4,-2
1633,-19,12,1000,-2,-4,-4
1634,-23,3,1014,2,0,-2
1635,-20,10,1012,-2,-2,-2
1636,-24,20,1003,0,2,-2
1637,-15,12,996,0,-4,-2
1638,-26,5,1005,-2,-2,-4
1639,-24,12,997,-2,-4,-2
1640,-19,9,1005,2,0,2
1641,-21,3,995,4,0,-2
1642,-18,2,980,0,2,0
1643,-4,8,1016,0,2,-4
1644,-20,6,996,-2,-4,-4
1645,-19,12,1004,0,0,-2
1646,-16,5,1001,-2,0,-2
1647,-14,8,995,4,2,-2
1648,-17,12,988,2,0,-2
1649,-16,4,998,0,0,-4
1650,-18,4,998,0,2,0
1651,-13,0,1024,2,0,-6
1652,-27,2,1000,0,0,0
1653,-20,1,993,0,0,-2
1654,-21,-2,1007,2,0,-2
1655,-30,8,993,2,0,0
1656,-19,5,997,-2,-4,-2
1657,-18,4,1008,-2,-4,-2
1658,-18,6,1007,-2,-4,-2
1659,-16,7,1007,-2,-2,0
1660,-23,2,1006,0,2,0
1661,-18,11,998,2,0,-2
1662,-25,10,1005,2,2,2
1663,-33,22,1003,0,-2,0
1664,-17,1,1000,-2,-2,-2
1665,-25,5,1002,-2,-6,-2
1666,-24,6,1001,-2,-4,-2
1667,-20,12,994,-2,-2,-2
1668,-23,12,1010,-2,-4,-2
1669,-27,4,1001,2,2,2
1670,-17,1,1014,-2,-2,-2
1671,-20,11,1003,-2,-2,-2
1672,-19,12,1012,2,0,-2
1673,-26,5,992,0,-2,0
1674,-15,4,1003,0,-4,0
1675,-32,10,1003,0,2,2
1676,-19,10,1009,-2,-2,0
1677,-14,7,998,0,2,-2
1678,-23,5,994,0,-4,-2
1679,-12,9,1005,-2,-2,0
1680,-23,9,1005,2,0,0
1681,-26,8,995,0,0,-4
1682,-21,8,1018,-2,-2,-4
1683,-23,2,1005,2,2,-2
1684,-20,2,997,-2,-4,-2
1685,-17,8,989,-4,-4,-2
1686,-18,9,1013,-2,-4,-2
1687,-19,7,1004,2,0,-2
1688,-26,14,1009,-2,-4,0
1689,-20,1,999,-2,-2,0
1690,-10,8,1006,-4,-4,0
1691,-17,10,1021,2,0,0
1692,-18,5,998,0,2,2
1693,-19,2,1009,-2,-2,-2
1694,-17,13,1003,0,0,-2
1695,-23,11,1010,0,2,0
1696,-21,12,1008,2,4,0
1697,-10,3,992,0,2,0
1698,-17,7,1013,0,-2,-6
1699,-17,3,994,0,0,-4
1700,-17,-4,994,-2,-2,0
1701,-20,12,1010,0,0,-4
1702,-25,8,1012,-2,-2,2
1703,-15,3,1003,4,-2,0
1704,-18,9,1003,-2,-2,-2
1705,-16,4,992,0,0,-6
1706,-14,12,998,-2,-4,0
1707,-19,16,1012,0,0,-2
1708,-12,10,1008,2,2,2
1709,-16,10,1005,-4,-2,0
1710,-22,5,999,-2,-2,-4
1711,-29,2,1003,-2,-2,2
1712,-24,13,1002,-4,-2,-6
1713,-26,12,1002,0,-4,-2
1714,-17,10,1005,0,0,-2
1715,-12,3,1014,-2,-2,-2
1716,-21,8,996,0,0,0
1717,-23,5,993,-2,-2,0
1718,-13,4,1015,-2,-2,-2
1719,-16,7,998,2,4,0
1720,-22,11,1002,2,2,-4
1721,-17,3,1003,2,0,0
1722,-25,-3,1005,-2,-2,0
1723,-21,13,1015,0,-2,0
1724,-16,3,999,-4,-4,-4
1725,-21,7,1004,-2,-4,-2
1726,-15,14,1008,0,-2,-2
1727,-17,7,1002,0,0,-2
1728,-17,8,1004,2,2,-4
1729,-17,5,1011,0,2,-4
1730,-19,11,1016,-2,-4,2
1731,-18,6,1004,2,0,0
1732,-18,10,994,0,2,0
1733,-20,10,1002,-2,-2,0
1734,-24,2,993,-2,-2,0
1735,-17,2,1010,-2,-2,-2
1736,-20,11,1008,-4,-2,0
1737,-26,4,1002,-2,-2,-2
1738,-19,9,1005,-2,-1,1
1739,-15,13,1005,2,2,1
1740,-30,7,1009,-3,-3,3
1741,-25,3,999,-2,-1,-1
1742,-26,13,995,-2,-1,-1
1743,-15,5,1005,2,1,-1
1744,-17,6,1011,4,2,-3
1745,-18,17,1007,0,1,1
1746,-20,3,1006,-2,-1,-3
1747,-25,7,1000,0,1,1
1748,-23,5,1016,-2,-1,-1
1749,-23,5,1010,2,1,-3
1750,-31,10,1011,2,1,-1
1751,-19,15,1015,-3,-3,1
1752,-13,2,1007,-2,-5,3
1753,-18,12,1007,0,1,3
1754,-23,8,1008,0,1,1
1755,-16,11,1005,0,2,3
1756,-31,0,988,-2,-3,-1
1757,-25,9,983,2,1,-1
1758,-20,12,993,-2,-1,-3
1759,-18,10,997,0,1,5
1760,-18,8,995,2,4,1
1761,-26,13,1009,-2,-3,1
1762,-22,10,1006,2,2,-1
1763,-22,7,994,-2,-1,-3
1764,-18,3,1009,0,1,1
1765,-24,17,1003,-3,-3,-1
1766,-26,6,1002,-3,-5,-3
1767,-14,2,1012,0,1,-1
1768,-23,11,1010,2,-1,-3
1769,-16,7,1007,0,1,-1
1770,-18,10,1003,-2,1,-3
1771,-22,3,993,-2,-3,3
1772,-25,7,1011,-2,-1,3
1773,-23,1,1014,-3,-1,1
1774,-21,6,1001,0,2,-1
1775,-21,10,1001,-3,-3,-1
1776,-17,3,1007,0,1,1
1777,-13,-2,993,0,6,-1
1778,-25,22,1000,0,1,-1
1779,-17,1,997,-2,-1,3
1780,-15,0,1002,-2,-1,1
1781,-13,9,982,-2,-1,-1
1782,-23,8,1006,2,1,-3
1783,-26,3,1000,0,2,-3
1784,-8,0,986,2,2,-1
1785,-15,10,992,-2,1,1
1786,-18,7,1014,0,1,1
1787,-21,-1,990,2,2,1
1788,-26,3,1005,-2,-5,1
1789,-9,12,1004,0,1,-1
1790,-12,6,1003,2,1,-1
1791,-12,10,1006,0,2,-3
1792,-16,5,1002,0,-1,1
1793,-18,4,1007,0,1,3
1794,-22,6,994,-2,-1,-1
1795,-23,6,1002,0,-1,-1
1796,-19,1,1011,-2,-1,1
1797,-18,10,1009,0,1,-3
1798,-17,9,1004,-2,-3,-3
1799,-15,12,998,2,2,1
1800,-20,4,1003,2,2,-3
1801,-22,15,995,0,-1,-3
1802,-16,-1,1008,4,1,-3
1803,-17,11,1007,-2,-1,1
1804,-21,3,1000,2,1,1
1805,-20,11,1005,-2,-1,-3
1806,-26,10,988,0,1,3
1807,-18,6,1015,0,1,-1
1808,-18,7,994,0,2,1
1809,-17,8,1013,-2,-1,-5
1810,-13,5,998,-5,-1,-1
1811,-13,5,996,0,1,-3
1812,-18,-1,992,2,1,-3
1813,-20,0,1011,-2,-3,-1
1814,-19,2,1011,-2,-3,-1
1815,-19,7,1004,0,1,1
1816,-25,4,1000,-3,-3,-3
1817,-28,1,995,0,1,-1
1818,-20,-4,1005,0,-1,-1
1819,-16,7,996,0,1,1
1820,-13,12,1005,-2,-1,-7
1821,-27,3,990,0,1,-1
1822,-19,6,1001,2,2,1
1823,-24,10,1006,-2,-3,-1
1824,-22,7,984,2,2,-1
1825,-10,15,994,2,1,-5
1826,-24,7,1001,0,2,1
1827,-24,7,996,2,2,3
1828,-21,8,1004,-2,-1,1
1829,-24,18,998,-2,-3,1
1830,-18,10,1007,4,1,-3
1831,-18,8,1002,-2,-1,-1
1832,-18,6,997,2,2,-1
1833,-15,11,994,0,-1,1
1834,-23,9,1005,2,1,3
1835,-21,11,996,-2,-1,-1
1836,-6,4,1003,2,2,-1
1837,-12,14,998,0,1,-3
1838,-13,6,1000,2,1,-3
1839,-17,8,1008,-3,-3,1
1840,-23,2,1016,0,1,1
1841,-18,12,1003,2,1,-1
1842,-20,10,995,4,2,1
1843,-22,7,1007,-2,-1,-1
1844,-23,8,1005,-3,-1,-1
1845,-25,9,1001,-3,-5,-1
1846,-20,10,995,0,1,-1
1847,-17,8,987,0,1,-3
1848,-26,14,1010,0,1,1
1849,-24,6,1001,-3,-3,1
1850,-27,3,1001,0,2,1
1851,-17,4,1002,2,2,1
1852,-17,5,997,-2,-1,-1
1853,-20,9,994,-3,-5,-1
1854,-19,9,1003,-2,-3,-5
1855,-12,3,995,-2,-3,1
1856,-14,11,1009,-2,-3,3
1857,-17,7,1008,0,1,-3
1858,-21,8,1006,-3,-3,1
1859,-20,10,1005,0,1,3
1860,-25,16,993,4,1,-1
1861,-28,10,1000,2,2,3
1862,-16,12,1008,0,1,1
1863,-20,0,1010,0,1,1
1864,-29,6,1001,-3,-3,1
1865,-13,3,990,-3,-3,1
1866,-17,5,1008,-2,-3,1
1867,-21,6,998,-2,-3,-1
1868,-11,10,1004,0,1,1
1869,-18,11,1004,-2,-1,-1
1870,-18,8,998,-3,1,-1
1871,-24,13,997,-2,-5,-1
1872,-18,9,989,-3,-3,1
1873,-23,-3,992,2,2,-1
1874,-22,15,991,-2,-5,-1
1875,-19,15,1011,-2,-1,3
1876,-16,7,993,-2,-1,-1
1877,-25,14,1001,-2,-1,-1
1878,-26,9,1004,2,1,-1
1879,-21,15,1006,0,2,1
1880,-20,11,992,0,1,1
1881,-19,13,1002,-2,-3,-3
1882,-19,8,1008,-2,-3,-3
1883,-20,10,1001,-2,-3,1
1884,-18,8,1004,-2,-1,-1
1885,-18,-1,1002,0,1,1
1886,-21,8,995,-2,-1,-1
1887,-18,6,992,-2,-1,-1
1888,-19,5,989,-2,-1,-1
1889,-16,2,1010,-2,-3,-1
1890,-14,14,1011,0,1,-1
1891,-27,7,1004,-2,-3,1
1892,-24,15,1007,2,2,-1
1893,-23,13,991,-5,-3,1
1894,-18,7,994,2,1,-1
1895,-26,10,999,-1,-1,-1
1896,-21,9,990,2,1,-1
1897,-12,2,999,-1,-1,3
1898,-20,16,1018,0,1,-1
1899,-24,6,1006,-1,-7,1
1900,-20,11,999,-1,-1,1
1901,-15,13,1022,-1,-1,-3
1902,-26,7,1001,4,1,-1
1903,-21,11,1009,0,2,1
1904,-11,4,1018,2,2,1
1905,-17,11,1007,2,1,3
1906,-15,2,1013,-3,-1,-3
1907,-24,2,1003,2,2,-3
1908,-14,12,998,-1,-3,1
1909,-19,6,1007,-3,-3,-1
1910,-20,10,1020,-1,-3,-1
1911,-22,6,1011,-1,-1,1
1912,-27,5,991,-3,-7,1
1913,-18,12,998,-1,-3,-1
1914,-22,10,1007,-1,-3,-3
1915,-18,5,1002,0,1,3
1916,-10,16,1002,2,2,-3
1917,-23,5,1010,0,-1,-3
1918,-12,6,991,4,2,1
1919,-23,8,1000,0,1,-1
1920,-16,8,994,-3,-1,3
1921,-25,8,1006,-1,-3,-1
1922,-23,4,1000,0,2,-1
1923,-32,6,990,2,1,3
1924,-9,9,1002,0,1,-1
1925,-26,10,1003,0,1,-5
1926,-26,9,1012,-3,-3,3
1927,-12,7,995,-1,-1,-1
1928,-20,10,1000,-1,-1,1
1929,-20,-3,1021,-3,-3,1
1930,-12,9,1005,4,2,1
1931,-13,4,1011,0,2,-1
1932,-11,10,1007,0,1,-1
1933,-21,6,1002,-2,-3,-3
1934,-9,4,1000,0,-3,1
1935,-21,13,995,-2,-3,-3
1936,-27,12,996,2,3,-1
1937,-17,9,994,2,1,-3
1938,-20,1,1009,0,-1,1
1939,-17,2,1010,-2,-1,-1
1940,-27,12,1003,2,1,-1
1941,-23,2,998,-2,-1,-1
1942,-15,5,998,-2,-1,1
1943,-17,-1,1019,0,1,1
1944,-24,3,1005,0,3,1
1945,-23,7,1005,0,-1,1
1946,-14,7,1001,2,1,-3
1947,-25,8,1006,-2,-5,1
1948,-21,14,1008,2,1,1
1949,-18,8,999,0,1,-5
1950,-27,11,1002,0,3,-3
1951,-19,6,1002,2,3,-3
1952,-31,6,994,-4,-3,-1
1953,-20,6,1005,0,3,-1
1954,-15,10,990,0,1,-1
1955,-25,11,999,-2,-1,-7
1956,-15,12,1006,-4,-1,-3
1957,-22,3,989,2,3,1
1958,-17,9,997,-2,-5,-1
1959,-28,15,999,-2,-3,-3
1960,-21,10,1012,-2,-3,-3
1961,-15,2,996,-2,-1,1
1962,-19,11,1008,0,1,3
1963,-27,11,1018,-2,-1,3
1964,-23,4,1006,-4,-1,-3
1965,-13,8,994,0,1,3
1966,-17,22,1002,0,1,3
1967,-16,6,1006,-2,-1,1
1968,-24,8,1002,4,1,-1
1969,-26,4,1003,2,1,-3
1970,-18,10,1002,-2,-1,-1
1971,-23,7,997,0,3,1
1972,-17,1,1000,2,1,1
1973,-24,8,997,0,1,-1
1974,-21,7,1006,-2,-1,-3
1975,-18,10,1005,0,3,3
1976,-21,4,1007,-2,-5,-1
1977,-27,10,1002,-2,-1,-3
1978,-3,2,1005,2,3,1
1979,-18,6,1009,0,3,-1
1980,-24,-5,996,0,3,-1
1981,-20,9,1011,-2,-3,1
1982,-19,6,998,-2,-1,1
1983,-21,11,998,-2,-3,1
1984,-20,12,1009,-2,-3,-1
1985,-14,5,1003,0,-1,-1
1986,-16,11,1001,0,1,-1
1987,-21,8,1012,-2,-3,3
1988,-17,4,995,-4,-1,-1
1989,-25,10,1000,-2,-1,-1
1990,-16,10,1005,0,-1,-1
1991,-20,6,990,0,3,1
1992,-20,9,997,0,-3,-3
1993,-6,6,994,0,1,-1
1994,-24,11,1010,-2,-1,-3
1995,-21,8,1015,0,1,-1
1996,-21,5,1008,0,1,1
1997,-14,1,980,2,5,5
1998,-17,6,996,2,3,-1
1999,-17,10,997,-2,-1,-1
2000,-20,12,990,-2,-3,1
2001,-11,11,1002,0,1,-1
2002,-17,8,1018,-4,-3,-1
2003,-23,13,1006,-2,-5,-1
2004,-11,5,1005,0,3,-1
2005,-20,7,1006,0,3,-5
2006,-24,12,1006,-2,-1,-1
2007,-18,12,993,0,3,-3
2008,-28,8,1008,-6,-1,-1
2009,-19,9,994,0,1,-1
2010,-27,8,1009,-2,-1,-1
2011,-23,14,1007,-2,-1,1
2012,-26,4,1001,2,1,1
2013,-27,15,1013,0,3,-1
2014,-21,7,1007,0,1,-3
2015,-25,5,990,0,1,3
2016,-22,5,1003,-2,-1,3
2017,-14,2,990,0,3,-1
2018,-19,19,987,0,1,-3
2019,-20,11,1009,-2,-1,1
2020,-21,10,1008,2,3,-1
2021,-15,14,992,0,1,-1
2022,-23,20,1010,2,1,-1
2023,-17,14,999,-2,1,1
2024,-24,8,985,2,5,-1
2025,-16,4,1014,-2,-1,1
2026,-21,6,1016,-2,-1,5
2027,-21,6,1005,-2,-1,1
2028,-15,12,1003,-2,-1,-1
2029,-20,12,990,-4,-1,-5
2030,-17,8,1000,-2,-3,-3
2031,-23,5,1009,-6,-3,1
2032,-21,9,1006,-2,-1,-3
2033,-22,11,1004,-2,-5,-1
2034,-26,1,999,0,1,-1
2035,-9,10,1012,0,3,1
2036,-24,4,1002,-2,-1,1
2037,-23,4,998,2,-3,1
2038,-19,11,1010,0,-1,1
2039,-19,2,1001,0,1,-1
2040,-12,3,1003,-2,-1,-1
2041,-19,7,999,-2,-3,-5
2042,-23,4,1004,-2,-1,-1
2043,-10,10,1006,0,1,-1
2044,-19,3,1004,2,1,-1
2045,-15,7,1005,-2,-3,-1
2046,-8,5,993,-2,-3,-3
2047,-23,11,1008,-2,1,-1
2048,-25,13,1009,0,3,-3
2049,-18,10,1006,2,1,1
2050,-20,10,995,-2,-3,-3
2051,-23,8,1005,2,1,-1
2052,-15,9,995,0,3,-3
2053,-16,3,1001,4,1,3
2054,-18,6,994,-4,-1,3
2055,-16,12,1014,0,1,-1
2056,-23,8,1017,0,1,5
2057,-19,4,1002,0,-3,-3
2058,-25,11,1012,0,1,-3
2059,-21,8,1007,-2,-3,-3
2060,-21,8,999,0,1,1
2061,-17,10,1008,-2,-3,-1
2062,-24,14,1012,-2,-1,-3
2063,-32,5,995,-2,-1,-1
2064,-25,2,991,0,1,-1
2065,-18,13,1012,0,1,3
2066,-21,17,1016,0,-3,-1
2067,-17,8,1006,-2,-7,1
2068,-24,0,1018,0,-3,-1
2069,-23,7,1004,-2,-1,-1
2070,-17,4,1011,-2,-1,-1
2071,-25,4,999,-2,-3,3
2072,-25,7,994,0,1,1
2073,-22,3,993,2,-1,5
2074,-18,4,990,-2,-1,-3
2075,-16,-2,999,-4,-3,-3
2076,-18,11,1001,4,3,1
2077,-15,5,999,0,1,1
2078,-25,6,1005,-2,-3,1
2079,-15,-1,998,0,1,-1
2080,-8,7,995,0,1,-1
2081,-19,12,1003,0,1,1
2082,-22,4,999,-2,-1,-1
2083,-29,3,1000,-2,-1,1
2084,-21,15,991,-2,-1,1
2085,-16,10,996,-4,-1,-3
2086,-19,5,1004,0,1,-3
2087,-19,12,1004,-2,-3,3
2088,-21,9,1009,-2,-1,-1
2089,-21,12,1000,0,3,-1
2090,-2,10,1002,-2,-1,-1
2091,-18,5,1003,0,-1,1
2092,-13,4,994,-2,-1,3
2093,-19,6,1009,-2,-1,3
2094,-13,7,1008,0,1,1
2095,-12,9,1003,-2,-3,-3
2096,-13,6,1003,-2,-3,3
2097,-16,7,991,0,3,1
2098,-24,10,1006,-2,-1,-3
2099,-29,16,1012,0,3,-1
2100,-21,16,1003,0,1,1
2101,-15,16,999,4,1,1
2102,-19,6,1014,0,-1,1
2103,-16,9,1003,0,-3,-1
2104,-24,5,994,0,1,-1
2105,-16,10,1003,-2,-1,1
2106,-22,10,989,-2,-1,-1
2107,-32,16,1016,0,1,-1
2108,-16,14,998,-6,-1,-1
2109,-23,17,996,-2,-1,-1
2110,-13,4,989,0,-1,-1
2111,-21,6,1009,-2,-3,1
2112,-21,4,1002,0,1,-1
2113,-20,11,1007,-2,-1,1
2114,-20,3,1001,0,3,-1
2115,-12,8,1008,0,1,-1
2116,-21,8,1004,-2,-1,1
2117,-17,4,993,-2,-1,-1
2118,-21,10,1002,-4,-1,-3
2119,-20,11,1005,2,1,-1
2120,-15,11,998,2,3,1
2121,-19,8,1001,2,5,1
2122,-19,6,1006,0,5,-1
2123,-26,7,1004,-6,-3,3
2124,-22,8,981,-2,-1,1
2125,-16,10,998,0,3,-3
2126,-11,9,996,-2,-1,-3
2127,-20,12,1003,-2,-1,1
2128,-20,6,1014,-3,-2,-1
2129,-24,4,998,-1,-2,3
2130,-20,12,1005,-1,-2,3
2131,-17,4,1000,-1,-2,-1
2132,-18,6,1006,-1,-4,-1
2133,-22,7,1007,-1,-2,1
2134,-13,2,997,-3,-2,-1
2135,-18,4,1005,-1,-2,-1
2136,-20,4,1003,0,0,-5
2137,-22,4,1007,0,0,-1
2138,-22,4,1013,0,0,-3
2139,-11,4,1004,-1,-2,-1
2140,-19,14,1000,0,0,1
2141,-18,1,993,-3,-4,-1
2142,-14,7,994,0,-4,-1
2143,-14,3,1011,-1,-2,5
2144,-9,6,1005,0,-2,-1
2145,-10,8,995,-3,-4,-1
2146,-27,5,1009,-1,-4,-1
2147,-23,15,1014,-1,0,1
2148,-18,7,1006,4,0,-1
2149,-7,13,1000,0,0,1
2150,-17,5,1012,0,0,3
2151,-16,12,1005,-1,-2,1
2152,-22,6,1004,-1,-6,-3
2153,-10,13,1013,-1,-2,1
2154,-19,-2,1017,-3,-4,3
2155,-27,5,1001,-1,-2,-3
2156,-20,11,1007,0,0,1
2157,-14,4,995,-1,-2,-1
2158,-17,9,998,-1,-2,3
2159,-22,7,994,2,-2,-1
2160,-19,5,1009,2,-2,-1
2161,-20,2,999,4,2,1
2162,-16,-4,1012,-1,-4,-1
2163,-16,6,1009,0,2,-1
2164,-20,2,1010,4,0,1
2165,-19,6,1012,2,0,-1
2166,-20,14,1012,-3,-2,1
2167,-17,8,993,0,-2,1
2168,-24,7,1000,0,0,1
2169,-15,13,994,-3,-2,-5
2170,-17,15,1005,0,0,-1
2171,-21,0,1001,-1,-2,1
2172,-14,10,999,4,2,-3
2173,-20,9,1008,0,-2,-3
2174,-15,5,1013,6,0,-3
2175,-14,10,994,0,-2,1
2176,-21,6,987,0,-4,-1
2177,-9,3,1003,-1,-4,-1
2178,-21,5,988,-1,-4,-1
2179,-16,3,987,0,0,3
2180,-24,5,995,-1,-4,-1
2181,-19,8,1013,-1,-4,-1
2182,-11,10,1007,-5,-4,-1
2183,-21,8,1010,-1,-4,1
2184,-24,1,1003,-1,-2,-1
2185,-23,14,993,-1,-4,-1
2186,-15,4,1001,-1,-2,-3
2187,-29,13,1006,0,0,3
2188,-17,12,989,-1,0,3
2189,-16,4,996,-1,-2,-3
2190,-23,7,993,-1,-2,-3
2191,-21,2,1006,-1,2,3
2192,-23,11,1004,0,0,-3
2193,-21,5,998,2,0,-1
2194,-30,10,996,-1,-2,-1
2195,-21,10,988,-1,-2,1
2196,-17,2,1003,0,0,1
2197,-23,8,1007,-1,-2,3
2198,-16,5,999,-1,-2,1
2199,-20,1,985,2,0,1
2200,-28,4,997,0,0,-1
2201,-24,8,990,2,2,-3
2202,-24,1,993,0,2,1
2203,-12,8,992,-1,-4,-1
2204,-25,4,1005,4,0,1
2205,-23,15,1001,2,0,-3
2206,-17,14,996,0,2,-5
2207,-20,2,995,-1,-2,1
2208,-14,14,1006,0,-2,1
2209,-13,-3,999,0,0,1
2210,-29,8,1011,0,0,3
2211,-25,14,1008,-1,-2,-1
2212,-21,8,1008,-1,-2,-5
2213,-14,8,1014,2,0,-3
2214,-22,7,1007,0,0,-3
2215,-21,0,1008,2,0,-1
2216,-20,1,996,-3,-6,1
2217,-15,9,1002,2,0,1
2218,-19,11,1014,0,0,-1
2219,-14,2,1002,-1,-2,-1
2220,-17,1,996,0,0,-3
2221,-17,4,996,4,0,-1
2222,-26,10,1019,-1,-2,-1
2223,-16,9,1002,-1,-2,-3
2224,-16,15,998,-1,-2,-1
2225,-20,12,1012,0,0,-1
2226,-25,11,1002,2,0,5
2227,-19,0,1013,0,0,1
2228,-20,2,1003,2,0,-1
2229,-11,4,1010,0,0,-1
2230,-19,3,1008,0,-2,1
2231,-21,5,1004,2,2,-1
2232,-19,2,993,-1,-4,-1
2233,-16,5,998,0,0,1
2234,-15,0,989,4,0,1
2235,-16,5,1009,2,-2,-1
2236,-23,15,1005,-1,-6,-3
2237,-21,0,1002,-1,-2,1
2238,-15,7,995,0,0,-1
2239,-18,4,1000,0,0,-3
2240,-24,4,1002,0,-2,1
2241,-19,8,997,0,-2,-5
2242,-14,14,1002,2,0,-3
2243,-17,12,1001,-1,-2,-3
2244,-24,12,1015,-1,-4,-1
2245,-19,3,1004,0,0,-5
2246,-18,13,1011,-1,-2,-1
2247,-21,10,996,0,0,1
2248,-18,8,986,-1,-4,1
2249,-18,9,1010,4,4,-1
2250,-25,11,1005,4,0,-1
2251,-23,3,1002,0,2,1
2252,-25,9,1006,2,2,1
2253,-23,7,1001,0,-2,-1
2254,-22,12,999,0,2,-1
2255,-14,10,1005,0,0,-1
2256,-24,1,990,-1,-6,1
2257,-18,7,1004,-1,-4,-1
2258,-21,11,1002,-1,-4,3
2259,-25,5,1001,0,0,3
2260,-20,10,1012,0,0,1
2261,-18,14,1002,0,-2,-1
2262,-13,13,1011,0,0,-1
2263,-23,8,1000,-1,-4,-1
2264,-28,6,990,0,0,-5
2265,-23,5,1004,-1,-6,-3
2266,-8,6,1004,-1,-4,1
2267,-9,1,1005,-1,-2,-1
2268,-23,5,1009,2,0,-3
2269,-20,8,993,-1,-4,-1
2270,-17,8,1004,-3,-4,-1
2271,-12,11,1006,0,0,-3
2272,-19,7,996,0,2,-1
2273,-25,7,1009,-3,-2,1
2274,-26,4,1008,0,0,-3
2275,-18,7,1000,0,0,1
2276,-23,14,987,0,2,-3
2277,-19,10,1005,-3,-2,1
2278,-21,10,1000,2,2,-1
2279,-20,8,1012,-1,-2,1
2280,-25,4,993,2,-2,3
2281,-13,9,1009,-1,-2,-3
2282,-17,10,1018,0,0,1
2283,-20,1,1005,-3,-4,-1
2284,-28,8,1010,-3,-2,-1
2285,-26,5,998,-3,-2,-3
2286,-24,10,998,-1,-2,-1
2287,-18,11,1006,-3,-2,1
2288,-13,6,984,2,-4,-1
2289,-21,14,1013,0,0,1
2290,-18,5,996,1,3,-1
2291,-22,7,1001,1,1,-3
2292,-17,6,1005,3,3,-1
2293,-20,5,1008,1,1,-1
2294,-16,10,988,1,-1,-1
2295,-16,10,1007,5,1,3
2296,-20,7,994,1,1,1
2297,-23,11,1009,-1,-1,-1
2298,-32,18,1013,-1,-3,-1
2299,-14,8,998,-1,-3,3
2300,-13,6,1005,-1,-5,1
2301,-17,10,1000,1,3,1
2302,-15,7,1012,-1,-3,-1
2303,-26,12,1006,-3,-3,-3
2304,-21,1,1002,3,3,1
2305,-20,7,1002,3,-1,1
2306,-26,14,1005,1,3,-1
2307,-23,1,1017,1,1,3
2308,-17,3,1005,3,1,-3
2309,-24,4,989,1,1,-3
2310,-20,6,1009,1,1,1
2311,-14,-2,996,1,1,-3
2312,-19,2,1012,-1,-1,7
2313,-26,1,985,-1,-1,-1
2314,-18,8,1010,1,3,-1
2315,-25,10,1012,1,3,3
2316,-20,12,1003,1,-3,1
2317,-19,6,1010,-1,-1,3
2318,-24,6,1019,1,-1,-1
2319,-19,5,995,3,3,1
2320,-21,-2,1008,1,1,1
2321,-22,1,994,1,1,1
2322,-13,10,1002,1,3,1
2323,-18,7,993,-1,-1,-1
2324,-19,3,999,1,1,1
2325,-18,1,1009,1,1,-3
2326,-23,9,1002,-1,-3,1
2327,-21,14,999,-1,-3,-1
2328,-20,2,995,-3,-3,1
2329,-17,11,1011,1,3,1
2330,-13,3,994,-1,-1,1
2331,-19,8,996,1,1,3
2332,-18,11,993,3,1,1
2333,-21,8,1008,-1,-3,-1
2334,-17,15,1008,-1,-5,-1
2335,-13,14,1007,1,1,1
2336,-24,3,1011,1,-3,-1
2337,-23,15,989,-1,-1,-3
2338,-24,9,1001,-1,-3,3
2339,-13,7,992,1,1,-1
2340,-12,6,989,1,1,3
2341,-21,14,987,-1,-3,-1
2342,-27,11,1007,-1,-3,3
2343,-21,-5,1013,3,3,1
2344,-20,8,1015,-1,-3,-1
2345,-22,13,1003,1,1,-3
2346,-22,9,1015,1,1,-1
2347,-19,7,1006,1,1,1
2348,-15,9,998,-1,1,-1
2349,-22,8,1003,1,1,1
2350,-21,5,995,-1,-1,1
2351,-16,6,999,-1,-1,-3
2352,-11,6,994,3,3,-1
2353,-23,1,1009,5,1,1
2354,-21,11,1000,3,1,-1
2355,-11,10,996,3,5,1
2356,-23,16,991,-1,-1,-3
2357,-18,3,1008,1,3,1
2358,-21,13,994,-1,-1,-5
2359,-22,6,1000,-1,-1,-1
2360,-22,10,1006,-1,-1,3
2361,-26,-3,992,-1,-1,1
2362,-23,4,1003,3,1,-1
2363,-23,5,998,3,1,3
2364,-20,4,1021,-1,-1,-1
2365,-26,13,1000,-3,-1,-1
2366,-23,1,1000,-1,-1,1
2367,-17,5,999,-3,-3,3
2368,-20,13,995,-5,-1,-1
2369,-26,0,1012,-1,-1,1
2370,-15,6,1005,3,1,3
2371,-26,11,1008,-1,-1,-1
2372,-16,2,1003,1,-1,-1
2373,-18,8,995,-1,-1,-3
2374,-25,8,1010,3,3,-3
2375,-15,6,991,1,7,1
2376,-24,8,1013,1,3,1
2377,-22,13,1009,5,3,-1
2378,-21,3,1005,-1,1,-3
2379,-27,11,1005,-1,-1,1
2380,-29,3,1000,3,1,1
2381,-21,11,1002,-1,-3,-3
2382,-10,6,996,-1,-1,-1
2383,-24,9,1000,-1,-1,1
2384,-18,16,1017,-1,1,-3
2385,-18,0,1003,-1,-1,1
2386,-26,4,1012,-1,-3,1
2387,-25,4,1011,1,1,-3
2388,-19,7,1013,1,1,1
2389,-19,7,1002,3,1,1
2390,-22,12,999,1,1,3
2391,-27,7,999,1,1,1
2392,-21,9,1000,1,3,-5
2393,-24,12,999,1,1,-1
2394,-26,6,986,-1,3,1
2395,-17,5,989,-1,-1,-1
2396,-22,7,1009,1,1,-3
2397,-29,8,983,1,3,-1
2398,-19,13,992,2,1,1
2399,-13,10,993,1,-1,-1
2400,-21,11,1009,2,1,-1
2401,-27,5,1007,1,3,-3
2402,-25,11,1001,2,3,1
2403,-20,11,991,2,1,-1
2404,-17,11,993,-1,1,1
2405,-11,16,989,-1,-1,-3
2406,-14,6,1012,1,1,-1
2407,-13,14,1010,-3,1,1
2408,-21,-7,1006,2,-1,3
2409,-16,14,1000,1,3,-1
2410,-22,5,996,1,1,-1
2411,-26,8,1019,1,1,1
2412,-26,9,1006,1,1,-1
2413,-18,9,992,-1,-3,1
2414,-18,5,995,-1,-5,-1
2415,-21,0,1006,1,3,3
2416,-23,2,1007,1,-1,-1
2417,-19,8,1008,1,3,1
2418,-24,5,998,1,1,-3
2419,-24,7,1001,1,5,1
2420,-12,10,1014,-1,-1,3
2421,-28,11,999,1,-1,-1
2422,-14,12,997,-1,-1,-1
2423,-22,12,1002,1,3,-1
2424,-22,12,993,-1,-1,-1
2425,-17,13,1001,1,1,1
2426,-26,3,1000,1,-3,-3
2427,-23,6,1013,-1,-1,1
2428,-18,10,1004,2,3,-3
2429,-22,15,1010,-1,-1,-1
2430,-18,4,996,1,1,-1
2431,-12,13,1001,-1,-1,-1
2432,-23,10,1007,1,1,1
2433,-18,8,1002,1,1,1
2434,-11,8,1001,1,1,-1
2435,-19,7,1007,2,3,-1
2436,-15,6,1000,1,1,-1
2437,-16,3,999,4,3,-1
2438,-18,3,1001,2,3,-1
2439,-19,8,1001,-1,-5,-1
2440,-23,11,1018,1,1,1
2441,-17,16,1002,1,-1,-1
2442,-17,10,1016,1,1,-1
2443,-26,9,1006,1,3,1
2444,-25,6,1004,2,3,1
2445,-20,4,1004,2,1,-5
2446,-20,11,993,1,1,-1
2447,-17,-2,1006,-1,-1,-1
2448,-23,8,1005,-1,-3,-1
2449,-29,2,999,-1,-5,-1
2450,-22,13,1010,1,3,-1
2451,-15,1,1008,2,1,3
2452,-16,8,1000,-1,-1,-1
2453,-18,11,1016,1,3,1
2454,-26,10,1013,1,-1,1
2455,-10,11,1000,-1,-3,1
2456,-21,10,1001,1,1,-1
2457,-21,19,1016,1,1,1
2458,-10,8,997,-1,-3,-1
2459,-27,15,1018,1,1,1
2460,-18,4,1003,-1,-1,-5
2461,-20,3,992,4,1,-1
2462,-16,6,1001,1,1,1
2463,-29,0,1005,-1,-1,1
2464,-27,12,997,1,1,1
2465,-25,7,1000,1,-1,1
2466,-23,0,999,1,1,-1
2467,-18,10,1010,1,1,-5
2468,-20,8,1003,4,1,-1
2469,-12,7,1001,-1,-1,-1
2470,-21,7,1001,-1,-1,-1
2471,-18,12,1005,-1,-1,1
2472,-16,14,1003,-1,-1,-1
2473,-16,16,1001,4,3,3
2474,-19,9,1002,2,1,-1
2475,-17,12,1004,-1,-5,1
2476,-22,11,1004,-3,-1,3
2477,-12,16,1002,1,-1,1
2478,-17,5,1012,-1,-1,-1
2479,-14,5,1004,-1,-1,-1
2480,-14,7,1002,-1,-1,-1
2481,-16,6,999,1,3,1
2482,-18,8,1011,1,-1,-3
2483,-19,10,1012,1,-1,-1
2484,-24,10,1002,0,-1,-1
2485,-15,12,1006,-2,-1,-3
2486,-23,8,1003,2,3,-1
2487,-18,10,992,0,1,-1
2488,-18,13,999,-2,-3,-1
2489,-14,8,1002,-2,-1,1
2490,-19,0,997,2,1,-3
2491,-18,0,1010,0,1,-1
2492,-23,8,1011,0,3,-1
2493,-20,5,1004,0,1,-3
2494,-32,4,1007,0,-1,-1
2495,-24,4,995,2,5,-3
2496,-28,12,996,-2,-1,-1
2497,-20,-3,995,2,-3,-1
2498,-18,3,1005,-2,1,3
2499,-20,12,1000,-2,-3,-1
2500,-10,4,1003,-4,-1,-1
2501,-20,7,1007,0,5,-1
2502,-17,0,996,-2,-1,-1
2503,-10,1,1014,-4,-3,-3
2504,-20,2,1000,2,1,1
2505,-20,-1,996,2,1,-1
2506,-22,14,994,-2,-1,-1
2507,-27,4,1002,0,-1,1
2508,-21,6,1012,0,1,-1
2509,-18,6,989,0,1,-1
2510,-15,1,994,0,1,-3
2511,-12,11,993,-2,-1,1
2512,-24,5,986,0,1,-1
2513,-20,9,1002,0,1,1
2514,-18,7,992,-2,-3,-1
2515,-18,0,1003,2,1,-3
2516,-12,4,1008,2,3,-1
2517,-20,4,995,-2,-1,-1
2518,-17,10,1015,2,3,1
2519,-19,5,1007,2,1,3
2520,-25,6,1011,0,3,1
2521,-17,5,986,0,1,1
2522,-15,8,991,0,1,1
2523,-22,5,1005,0,3,-3
2524,-23,9,1009,0,1,-1
2525,-20,8,999,-2,-3,-1
2526,-15,3,994,-4,-3,-1
2527,-16,4,990,-2,-3,-1
2528,-14,6,996,2,1,-1
2529,-16,10,995,2,1,-1
2530,-17,16,1007,-2,-1,1
2531,-9,1,1001,0,3,1
2532,-20,9,1000,2,3,1
2533,-17,0,997,2,3,-3
2534,-25,4,999,-2,-1,-1
2535,-23,17,995,0,-3,3
2536,-15,13,1006,2,1,-1
2537,-19,15,1007,0,-1,-3
2538,-19,4,1010,0,1,1
2539,-18,0,1009,0,1,1
2540,-21,14,1013,2,1,-1
2541,-20,13,996,-2,-3,1
2542,-17,18,1003,-2,-1,-3
2543,-19,14,999,0,1,3
2544,-14,4,1003,2,-1,3
2545,-20,4,1010,-2,-1,-1
2546,-13,10,994,-2,-3,-3
2547,-20,8,993,-2,-5,-3
2548,-20,11,1013,-4,-3,-1
2549,-22,1,1005,-2,-3,-1
2550,-14,6,1015,0,-1,-3
2551,-13,12,999,-2,-1,1
2552,-22,6,995,0,-1,-1
2553,-18,11,996,0,1,-1
2554,-18,3,995,-2,-3,-3
2555,-26,10,995,-4,-1,3
2556,-23,3,990,-2,-3,-3
2557,-15,10,1010,-2,-1,-3
2558,-17,0,1005,0,-1,-1
2559,-11,5,1014,-2,1,1
2560,-19,11,1001,2,1,-1
2561,-14,7,1012,2,3,-1
2562,-27,11,996,2,1,-1
2563,-20,2,1001,-2,-3,-1
2564,-20,7,995,-2,-1,-1
2565,-20,14,1015,-2,-1,-1
2566,-26,9,1015,-2,-1,3
2567,-28,11,995,-2,-1,1
2568,-13,12,989,0,5,-1
2569,-22,17,1001,0,3,-1
2570,-23,1,994,-2,-1,-3
2571,-20,13,1004,2,3,3
2572,-17,22,998,0,-1,-1
2573,-20,15,990,0,3,-3
2574,-11,14,1016,-2,-1,-1
2575,-19,6,1017,-2,-7,-3
2576,-19,10,1006,0,1,-1
2577,-23,-1,1005,-2,-3,5
2578,-22,0,1012,0,1,-3
2579,-24,12,1002,-2,-1,1
2580,-21,7,1009,0,1,-1
2581,-16,10,1003,0,5,1
2582,-20,7,999,0,-1,-3
2583,-19,9,1001,2,1,1
2584,-17,14,997,-6,-5,-1
2585,-17,8,1005,-2,-3,-3
2586,-26,12,1003,0,-1,-3
2587,-23,6,1005,0,1,-1
2588,-21,4,996,-2,-1,-3
2589,-21,13,992,0,1,1
2590,-10,14,1005,0,1,-3
2591,-22,3,989,0,1,-1
2592,-19,-2,1004,2,1,1
2593,-20,5,1000,2,-3,-1
2594,-21,17,1019,-2,-3,-1
2595,-18,5,1003,-2,-1,-1
2596,-19,12,1003,-2,-3,-1
2597,-19,4,998,-2,-1,1
2598,-19,11,999,0,1,-7
2599,-20,6,1003,0,3,1
2600,-26,1,993,0,-3,1
2601,-19,-1,992,-2,-1,1
2602,-23,7,998,-2,-3,1
2603,-25,10,1002,-2,-1,3
2604,-15,3,1011,-4,-1,-1
2605,-19,5,992,-2,-1,1
2606,-23,10,1010,0,1,-3
2607,-28,1,990,0,3,3
2608,-21,13,1003,0,1,-5
2609,-17,4,995,0,1,-1
2610,-20,12,1015,0,1,1
2611,-20,9,998,4,1,-1
2612,-18,5,1007,2,-1,-1
2613,-25,-1,991,-2,-3,-1
2614,-20,12,1001,-4,-3,-1
2615,-20,4,993,-2,-1,-3
2616,-23,7,1006,0,1,-3
2617,-19,10,987,0,1,-1
2618,-14,6,1003,0,3,-1
2619,-18,11,1000,0,3,-1
2620,-18,10,999,0,-3,1
2621,-21,9,998,0,-1,3
2622,-18,1,994,-2,-1,-1
2623,-26,6,1008,-2,-1,1
2624,-18,17,1001,0,1,1
2625,-13,10,1002,-2,-1,1
2626,-22,10,1007,-2,-1,-3
2627,-21,5,997,0,1,-3
2628,-15,1,999,-2,-1,-1
2629,-23,11,1002,-4,-1,-1
2630,-32,9,1015,2,1,1
2631,-29,6,1004,0,3,-3
2632,-22,6,1008,0,1,1
2633,-22,11,1008,-2,-1,-1
2634,-27,11,1006,0,-1,-5
2635,-19,11,1001,2,1,-5
2636,-24,6,1002,-2,-1,-1
2637,-17,4,1010,-2,-3,-3
2638,-16,6,1001,2,5,-1
2639,-23,11,1000,2,-3,3
2640,-19,11,1006,4,1,-1
2641,-19,8,1010,-2,-1,-5
2642,-20,0,1007,-2,-3,1
2643,-15,7,999,0,3,-1
2644,-21,14,995,0,1,-3
2645,-28,0,1003,2,1,3
2646,-19,12,1002,-4,-1,-1
2647,-26,10,1000,0,1,1
2648,-17,10,999,-2,-1,-3
2649,-19,7,999,-2,-3,1
2650,-21,11,1005,-2,-5,-3
2651,-23,4,1010,-2,-1,-3
2652,-14,9,1013,-2,-1,-3
2653,-17,16,1001,-2,-1,-1
2654,-21,7,998,4,1,-1
2655,-24,3,998,0,1,-1
2656,-15,2,1004,0,5,-1
2657,-15,11,985,0,5,-3
2658,-23,6,999,-4,-3,-1
2659,-20,3,1010,2,1,1
2660,-16,4,987,-4,-1,1
2661,-21,9,1011,-2,-1,-3
2662,-18,12,1009,-4,-1,-3
2663,-26,7,1004,2,1,-5
2664,-22,14,1004,-2,-3,3
2665,-23,13,991,4,3,1
2666,-19,0,996,-2,-1,-1
2667,-21,13,993,2,1,1
2668,-22,6,1001,0,-1,1
2669,-28,2,995,-2,-3,3
2670,-20,3,1007,-2,-3,1
2671,-19,12,1004,-2,-1,-1
2672,-24,1,998,0,3,1
2673,-28,8,997,-2,-1,3
2674,-21,2,991,2,1,-1
2675,-21,5,1005,0,-1,3
2676,-19,7,997,2,1,1
2677,-23,7,991,-2,-3,-1
2678,-25,12,987,2,3,-1
2679,-24,8,989,0,3,3
2680,-19,9,998,-2,-3,3
2681,-28,5,1007,0,3,1
2682,-31,6,1012,2,1,-5
2683,-18,4,1000,-4,-3,-3
2684,-22,-3,994,2,1,-1
2685,-18,10,1005,2,3,-3
2686,-17,12,1007,-2,-1,1
2687,-24,2,999,-2,-3,1
2688,-22,15,989,-2,-1,-1
2689,-19,8,989,0,1,-3
2690,-25,14,998,-2,-3,1
2691,-20,5,987,-2,-3,-5
2692,-17,-6,1012,-2,-1,1
2693,-20,18,1004,-2,-1,-1
2694,-15,3,993,-2,-1,1
2695,-18,10,1008,-2,-1,-1
2696,-26,11,996,2,1,3
2697,-18,0,1002,-2,-3,-1
2698,-16,11,997,-2,-1,-3
2699,-23,3,1000,0,3,1
2700,-15,2,999,-2,-3,-7
2701,-25,3,1003,-4,-3,-3
2702,-22,10,1000,-2,-3,-3
2703,-20,12,999,-2,-1,-3
2704,-19,6,988,-4,-1,-1
2705,-17,15,994,-2,-3,1
2706,-19,4,1001,0,1,1
2707,-21,5,999,-4,-3,1
2708,-14,4,1002,-2,-1,-1
2709,-13,5,996,-2,-3,-1
2710,-30,11,1003,-2,1,-1
2711,-19,7,993,0,3,-1
2712,-21,5,1005,0,3,1
2713,-20,10,989,0,1,-1
2714,-19,10,1000,2,1,-1
2715,-16,7,1004,0,-3,-1
2716,-19,10,999,0,1,-1
2717,-24,8,1012,0,1,1
2718,-21,-2,999,-2,-1,-3
2719,-11,0,1007,-2,-1,-1
2720,-8,8,1008,-2,-5,-1
2721,-22,7,990,0,3,-3
2722,-19,7,1015,0,-5,3
2723,-13,5,994,-2,-1,1
2724,-10,12,998,0,1,5
2725,-19,7,1015,0,1,1
2726,-22,7,993,2,1,1
2727,-25,12,996,0,1,3
2728,-16,10,1013,0,1,-1
2729,-13,0,1016,0,1,1
2730,-22,2,1014,-4,-3,1
2731,-27,4,1007,0,1,1
2732,-12,21,998,-2,-1,-3
2733,-18,7,984,0,1,-1
2734,-33,13,1004,-2,-1,1
2735,-20,11,1001,2,5,1
2736,-16,14,992,-2,-1,-1
2737,-19,4,1005,-2,-1,3
2738,-21,13,995,0,1,-5
2739,-29,5,1007,0,1,3
2740,-21,7,1004,0,3,-1
2741,-16,7,1000,-2,-3,3
2742,-11,7,1007,2,5,-1
2743,-20,5,999,2,1,1
2744,-11,7,1010,-2,-2,-2
2745,-16,8,988,-4,-4,0
2746,-25,11,1000,0,2,-4
2747,-25,4,985,-2,-2,-4
2748,-20,6,987,0,0,-6
2749,-23,10,1005,-2,-2,0
2750,-16,6,1004,0,-2,0
2751,-21,10,1012,2,0,0
2752,-20,7,999,0,-2,0
2753,-20,4,1001,-2,-2,2
2754,-11,11,1011,0,0,0
2755,-23,8,1017,-2,-2,-4
2756,-24,-2,1011,0,0,-4
2757,-24,11,1006,-2,-2,-2
2758,-21,7,993,-2,-2,-2
2759,-23,14,993,2,0,-4
2760,-13,8,1003,-2,-2,-4
2761,-15,12,998,2,0,-4
2762,-17,12,992,-2,-2,-2
2763,-20,12,1009,2,2,-2
2764,-21,7,1015,2,0,0
2765,-11,6,994,0,-2,-2
2766,-15,7,1019,2,0,-2
2767,-21,17,1000,2,2,-2
2768,-18,13,998,0,0,-2
2769,-19,5,999,0,0,-2
2770,-19,6,1009,0,-2,-2
2771,-19,8,997,-2,-4,-4
2772,-22,6,1012,0,0,2
2773,-15,5,990,2,0,-2
2774,-19,4,1006,0,2,2
2775,-21,5,1005,0,4,-2
2776,-11,1,1007,0,0,-2
2777,-20,4,995,2,2,-4
2778,-22,9,1002,0,0,-4
2779,-20,10,1008,2,0,-2
2780,-23,1,998,-2,-2,-6
2781,-23,5,991,-2,-4,-2
2782,-25,7,999,-2,-2,-2
2783,-11,8,1001,-2,-4,-2
2784,-25,11,1006,2,2,4
2785,-24,3,1004,-2,-2,2
2786,-20,10,995,-2,-2,-4
2787,-27,4,1008,0,0,-2
2788,-10,8,995,-2,-4,-2
2789,-16,4,1002,-2,-2,-2
2790,-20,1,1006,0,0,-4
2791,-19,9,992,0,2,0
2792,-19,15,999,2,0,-2
2793,-13,8,1003,2,0,0
2794,-22,6,999,0,-4,0
2795,-15,4,1014,0,0,0
2796,-24,17,1003,2,2,-2
2797,-18,6,990,-2,-2,0
2798,-12,11,1014,-2,-4,0
2799,-18,8,1002,2,0,0
2800,-25,6,1001,0,0,-2
2801,-26,3,1009,0,0,0
2802,-16,-3,991,0,0,-4
2803,-20,5,1016,4,0,0
2804,-17,0,995,0,0,-2
2805,-18,10,1008,0,2,0
2806,-18,8,1005,-2,-2,-4
2807,-26,8,1010,0,0,-4
2808,-24,7,1003,0,0,-4
2809,-26,4,1006,0,0,-4
2810,-17,7,1001,0,2,-1
2811,-13,11,995,-2,-6,-1
2812,-22,12,1013,-2,-2,1
2813,-17,5,1006,0,2,1
2814,-19,5,1009,-2,-4,-1
2815,-19,9,1008,-2,-2,-3
2816,-19,2,1003,0,2,-3
2817,-25,9,1010,-2,-2,-5
2818,-18,8,999,-2,-2,1
2819,-21,11,1015,-2,-2,-1
2820,-22,11,1006,2,2,-1
2821,-20,10,1000,0,0,1
2822,-28,11,1001,0,2,1
2823,-21,17,996,2,2,-1
2824,-24,12,1004,-2,-4,5
2825,-9,6,998,4,2,1
2826,-22,3,1004,4,0,3
2827,-18,12,1002,-2,-2,-1
2828,-27,10,987,-2,-2,-3
2829,-20,0,1004,0,0,-1
2830,-21,-1,1009,-4,-2,-1
2831,-18,12,1020,-2,-2,-3
2832,-20,7,1004,-4,-4,1
2833,-24,4,1003,-2,2,1
2834,-21,12,1001,-2,-4,-1
2835,-13,11,1006,0,0,-1
2836,-18,7,996,0,0,1
2837,-20,8,997,0,0,1
2838,-20,1,1006,2,0,-1
2839,-15,6,999,-2,-6,-1
2840,-25,13,1003,0,0,-1
2841,-28,10,993,-2,-2,1
2842,-20,11,1007,-2,-4,-3
2843,-13,3,999,-2,0,-3
2844,-21,8,995,0,0,3
2845,-23,1,1010,2,0,-1
2846,-14,1,1014,-2,-2,-3
2847,-25,6,999,0,4,1
2848,-13,5,986,-2,-2,1
2849,-20,8,995,0,2,-3
2850,-19,6,989,2,0,1
2851,-16,1,1013,-4,-4,-1
2852,-26,15,989,0,4,-1
2853,-17,-2,1006,0,0,-5
2854,-27,3,1007,0,2,1
2855,-6,13,1004,2,6,-3
2856,-25,9,1003,0,-2,1
2857,-21,2,1007,-2,-2,3
2858,-10,7,1012,0,-2,1
2859,-19,7,996,-4,-4,1
2860,-17,4,998,-2,-2,1
2861,-14,1,1002,2,0,-1
2862,-20,6,998,-2,-2,-1
2863,-23,3,1004,-2,-4,-3
2864,-18,6,1005,2,0,-1
2865,-27,14,1000,0,0,-3
2866,-10,14,1003,0,-2,3
2867,-23,2,990,4,4,-5
2868,-20,5,1005,0,0,1
2869,-27,1,1006,-4,-4,1
2870,-19,5,1001,2,0,1
2871,-13,6,1005,0,-2,1
2872,-23,9,1000,0,0,-1
2873,-16,2,1007,-4,-4,-1
2874,-17,1,1001,-2,-4,3
2875,-19,8,999,-2,-4,1
2876,-16,7,990,-2,-2,1
2877,-23,4,1012,0,0,1
2878,-25,2,999,-2,-2,-1
2879,-19,9,1006,-2,-4,3
2880,-24,4,1013,0,0,-1
2881,-20,6,995,-2,-2,-3
2882,-20,5,1001,2,0,-3
2883,-12,13,1002,0,2,-3
2884,-8,2,1011,0,0,1
2885,-18,17,1004,0,0,1
2886,-23,4,999,2,2,-1
2887,-15,11,1005,0,0,-3
2888,-23,4,1006,-2,-2,1
2889,-23,7,993,-2,-2,1
2890,-15,11,1003,-2,-2,-1
2891,-16,11,1003,-2,-2,1
2892,-23,14,989,0,-2,1
2893,-18,10,986,0,0,-3
2894,-21,-1,988,0,-4,-1
2895,-16,4,990,-4,-2,1
2896,-19,9,1001,0,2,1
2897,-18,10,1007,0,2,-1
2898,-19,14,989,-2,-2,-1
2899,-21,6,1008,-2,-2,-3
2900,-18,5,1002,0,2,3
2901,-26,8,998,-2,-4,-1
2902,-19,11,997,0,2,-3
2903,-12,7,993,-2,-2,-1
2904,-19,7,1001,0,0,1
2905,-23,6,1004,0,-2,3
2906,-25,6,1005,0,0,1
2907,-30,11,995,-4,0,1
2908,-19,5,1004,-2,-4,-1
2909,-21,4,1006,-2,-6,1
2910,-21,11,1003,-2,-4,3
2911,-25,7,1003,-2,-2,-1
2912,-24,6,1009,-2,-2,-1
2913,-24,10,996,-2,-4,-1
2914,-22,4,1010,0,0,1
2915,-12,2,1005,-2,-6,3
2916,-22,1,1006,-4,-2,-1
2917,-17,3,1004,2,4,1
2918,-20,7,1004,-2,-2,-3
2919,-21,15,999,0,0,-1
2920,-14,8,995,-2,-2,1
2921,-12,6,990,0,0,-1
2922,-23,6,1019,0,0,-1
2923,-12,11,1004,2,0,1
2924,-22,6,1005,-2,-4,1
2925,-26,7,993,2,2,-1
2926,-12,9,988,2,4,-3
2927,-16,18,1019,0,0,-1
2928,-27,2,1010,2,4,1
2929,-22,13,999,-2,-2,-1
2930,-27,8,1010,2,0,1
2931,-16,5,1003,0,0,3
2932,-21,12,1008,2,2,-1
2933,-9,3,996,0,0,1
2934,-21,12,1000,-2,-6,3
2935,-19,4,1003,-2,-2,-3
2936,-26,10,1008,2,0,-1
2937,-17,12,995,-2,-4,1
2938,-24,7,1003,2,2,-3
2939,-23,2,1016,0,2,-1
2940,-22,3,1004,0,0,-3
2941,-15,9,1008,2,0,-3
2942,-23,10,995,-2,-4,-3
2943,-23,7,1006,2,4,-3
2944,-14,11,1011,0,0,-1
2945,-21,13,1003,2,2,-1
2946,-19,7,998,-2,-4,-1
2947,-20,1,998,0,2,1
2948,-21,10,1003,0,2,1
2949,-21,1,1001,-4,-2,-3
2950,-28,11,1019,-2,-4,3
2951,-27,11,1004,-8,-2,-1
2952,-25,5,1004,-2,-2,-3
2953,-17,4,1003,-2,-2,-1
2954,-19,13,1005,0,2,-1
2955,-20,8,997,0,2,1
2956,-19,5,987,-2,-4,1
2957,-19,7,988,-2,-2,1
2958,-23,10,1009,-2,-4,1
2959,-19,7,1009,2,2,-5
2960,-14,16,999,0,2,-1
2961,-20,5,991,0,0,-1
2962,-24,7,999,0,2,-3
2963,-13,0,1003,0,0,-5
2964,-37,7,1006,2,0,-1
2965,-25,8,995,0,4,-1
2966,-17,5,1004,-4,-4,1
2967,-23,6,993,0,0,-1
2968,-22,8,987,-2,-4,-1
2969,-26,8,998,0,-2,1
2970,-25,2,1015,2,0,1
2971,-21,8,998,0,0,-3
2972,-10,20,1011,-2,-2,-1
2973,-13,9,994,-2,-2,1
2974,-12,10,983,0,0,-3
2975,-24,6,998,-2,-2,-1
2976,-12,7,1012,0,2,-3
2977,-17,9,989,0,0,1
2978,-25,8,1004,0,2,1
2979,-23,11,1002,-2,-2,-1
2980,-19,3,980,-2,-2,3
2981,-24,0,1005,-2,0,1
2982,-21,4,1007,-2,-2,3
2983,-24,12,1005,-2,-6,3
2984,-16,18,1004,0,0,-1
2985,-24,5,1002,-2,-2,-1
2986,-24,11,999,-2,-4,-1
2987,-19,8,999,-2,-2,1
2988,-18,11,995,-4,-2,-3
2989,-17,5,1001,0,0,-1
2990,-17,13,1000,-2,-4,1
2991,-13,2,1011,0,0,1
2992,-19,6,996,2,0,-3
2993,-18,14,1006,-2,-4,-1
2994,-15,8,988,0,0,-1
2995,-35,11,987,-2,-4,1
2996,-27,2,1000,-2,-2,-3
2997,-20,6,1004,-2,-2,-1
2998,-27,9,992,-4,-2,-1
2999,-24,5,1006,0,0,-3
3000,-17,3,1005,0,2,-3
3001,-21,7,991,-2,-4,-1
3002,-26,5,994,-2,-4,-1
3003,-18,11,1013,0,0,-1
3004,-17,8,997,2,0,-1
3005,-18,3,998,0,2,-1
3006,-16,1,993,0,0,1
3007,-18,4,1002,-4,-2,-1
3008,-27,10,1000,0,0,1
3009,-20,5,1007,0,0,-3
3010,-16,10,999,2,2,-5
3011,-23,3,993,2,2,-1
3012,-12,7,996,0,0,-1
3013,-14,8,1009,0,2,1
3014,-15,8,1004,-2,-4,3
3015,-22,10,1011,-2,-2,-1
3016,-29,7,1006,0,2,-1
3017,-17,3,1000,0,0,-1
3018,-24,8,1000,0,2,-5
3019,-9,12,1019,-2,-4,-1
3020,-18,8,992,-2,-2,1
3021,-22,11,996,-2,-4,1
3022,-17,12,1005,2,0,1
3023,-24,4,1010,0,4,-1
3024,-19,1,1005,-2,-2,3
3025,-9,5,1005,-2,-4,-3
3026,-19,10,1001,0,0,1
3027,-23,14,1007,0,2,1
3028,-18,6,996,2,2,-3
3029,-16,9,994,0,2,-1
3030,-21,12,1002,-2,-4,-3
3031,-26,4,987,0,2,-1
3032,-15,9,1008,-2,-4,-3
3033,-18,2,1002,0,-2,-1
3034,-27,10,1011,-2,-2,-3
3035,-16,10,1007,-2,-2,-3
3036,-23,8,1004,0,-2,1
3037,-19,6,996,0,-2,1
3038,-18,17,996,-2,-4,1
3039,-16,7,994,0,0,1
3040,-25,1,999,0,0,-5
3041,-19,11,1005,-4,-2,-1
3042,-23,8,995,0,-4,-1
3043,-21,8,1007,0,0,1
3044,-21,6,999,0,0,3
3045,-13,4,983,0,0,-1
3046,-24,6,1013,2,2,1
3047,-20,6,996,-2,-4,-1
3048,-21,6,1001,2,0,1
3049,-19,10,995,-2,-2,-5
3050,-18,0,992,0,0,1
3051,-28,19,1007,0,4,1
3052,-21,8,996,0,-2,-3
3053,-19,11,1005,-2,-2,-1
3054,-11,11,1014,-2,-4,1
3055,-20,3,1001,-4,0,-3
3056,-26,8,991,-4,-2,-1
3057,-22,8,998,-2,-2,1
3058,-25,16,1006,0,0,-3
3059,-18,7,997,0,2,3
3060,-16,8,1009,-2,-2,-1
3061,-21,2,992,2,0,3
3062,-21,4,1011,0,0,7
3063,-23,2,992,0,0,1
3064,-20,9,1008,0,0,-1
3065,-15,17,990,-2,-2,3
3066,-22,4,1007,0,0,3
3067,-23,6,1003,0,-2,-5
3068,-6,7,1010,0,-4,3
3069,-20,12,1007,0,2,-1
3070,-27,0,1000,-2,-4,-3
3071,-19,7,999,0,0,-1
3072,-20,11,1006,0,4,-1
3073,-20,4,994,0,4,1
3074,-13,8,1001,-6,-4,-1
3075,-17,5,1010,-4,-6,-1
3076,-23,2,1005,2,0,-3
3077,-23,14,997,0,0,-1
3078,-13,17,996,-2,-4,1
3079,-16,6,1016,-2,-2,-5
3080,-24,12,988,-4,-2,-1
3081,-24,13,991,0,-2,-1
3082,-22,3,1010,-2,-4,1
3083,-18,6,1016,-2,-2,-3
3084,-21,5,1002,0,0,-1
3085,-27,12,992,-4,-6,3
3086,-26,1,1008,2,0,1
3087,-15,6,990,-2,-2,3
3088,-16,1,1014,2,0,1
3089,-30,5,993,0,0,-1
3090,-23,4,1002,-2,-2,-1
3091,-17,8,991,-2,-2,-3
3092,-17,6,1001,-2,-2,-3
3093,-26,9,1008,-2,-2,-1
3094,-24,5,1002,-4,-4,-1
3095,-15,13,998,-4,-4,1
3096,-14,7,996,2,0,-5
3097,-13,3,995,2,0,7
3098,-16,14,1016,0,0,-1
3099,-23,6,1003,-2,-4,1
3100,-24,18,997,0,2,-5
3101,-34,0,999,0,0,-1
