AccelerometerX,AccelerometerY,AccelerometerZ,GyroscopeX,GyroscopeY,GyroscopeZ
-154.0,870.0,3733.0,18.0,305.0,-30.0
-146.0,905.0,3710.0,-13.0,66.0,33.0
-174.0,882.0,3709.0,14.0,45.0,40.0
-160.0,860.0,3686.0,24.0,30.0,66.0
-175.0,880.0,3707.0,-4.0,51.0,87.0
-192.0,883.0,3622.0,-32.0,85.0,88.0
-232.0,868.0,3640.0,-28.0,91.0,74.0
-181.0,887.0,3688.0,-25.0,101.0,59.0
-194.0,860.0,3711.0,-38.0,142.0,55.0
-174.0,849.0,3736.0,-50.0,191.0,42.0
-177.0,838.0,3705.0,-51.0,225.0,27.0
-164.0,868.0,3728.0,-54.0,232.0,-5.0
-151.0,846.0,3702.0,-55.0,192.0,-23.0
-194.0,811.0,3665.0,-64.0,215.0,-38.0
-334.0,807.0,3687.0,-75.0,255.0,-45.0
-300.0,826.0,3704.0,-79.0,286.0,-56.0
-240.0,842.0,3655.0,-63.0,310.0,-68.0
-285.0,813.0,3666.0,-63.0,354.0,-58.0
-295.0,795.0,3679.0,-86.0,447.0,-58.0
-267.0,832.0,3701.0,-89.0,528.0,-78.0
-250.0,845.0,3737.0,-64.0,482.0,-105.0
-260.0,800.0,3727.0,-63.0,402.0,-110.0
-327.0,757.0,3692.0,-79.0,418.0,-119.0
-423.0,774.0,3711.0,-72.0,441.0,-133.0
-455.0,817.0,3724.0,-56.0,421.0,-133.0
-435.0,827.0,3723.0,-57.0,443.0,-137.0
-462.0,795.0,3748.0,-68.0,506.0,-129.0
-576.0,796.0,3768.0,-86.0,573.0,-114.0
-620.0,797.0,3726.0,-76.0,603.0,-115.0
-608.0,801.0,3767.0,-43.0,577.0,-138.0
-744.0,839.0,3734.0,-38.0,546.0,-146.0
-878.0,886.0,3780.0,-64.0,616.0,-164.0
-987.0,799.0,3862.0,-63.0,724.0,-192.0
-1011.0,754.0,4043.0,-69.0,763.0,-195.0
-997.0,725.0,4174.0,-100.0,768.0,-168.0
-936.0,736.0,4171.0,-129.0,822.0,-138.0
-918.0,660.0,4274.0,-154.0,876.0,-82.0
-910.0,496.0,4146.0,-207.0,864.0,35.0
-1081.0,386.0,3904.0,-246.0,835.0,133.0
-1286.0,503.0,3659.0,-230.0,899.0,170.0
-1423.0,591.0,3561.0,-184.0,1158.0,200.0
-1637.0,647.0,3557.0,-112.0,1532.0,218.0
-1754.0,794.0,3535.0,-97.0,2092.0,221.0
-1938.0,1017.0,3440.0,-42.0,2902.0,166.0
-1899.0,1126.0,3265.0,202.0,3434.0,139.0
-1761.0,1179.0,3111.0,496.0,3730.0,271.0
-1548.0,1234.0,2920.0,680.0,4034.0,435.0
-1530.0,1255.0,2925.0,863.0,4312.0,591.0
-1410.0,1230.0,2920.0,1120.0,3276.0,652.0
-1311.0,1208.0,2943.0,1109.0,2601.0,686.0
-1481.0,1202.0,2996.0,1069.0,2097.0,746.0
-967.0,1198.0,2996.0,1000.0,1745.0,784.0
-839.0,1205.0,3082.0,918.0,1444.0,804.0
-946.0,1510.0,3374.0,842.0,1181.0,817.0
-1006.0,1050.0,3973.0,865.0,593.0,858.0
-427.0,1475.0,3971.0,716.0,332.0,764.0
-366.0,1628.0,3707.0,567.0,497.0,558.0
-506.0,1078.0,3531.0,343.0,639.0,566.0
60.0,766.0,3362.0,224.0,617.0,669.0
-603.0,921.0,3255.0,-349.0,294.0,6.0
-1521.0,1425.0,2733.0,-752.0,242.0,-990.0
-1885.0,1854.0,2879.0,-529.0,1385.0,-659.0
-1579.0,1604.0,2923.0,-724.0,2364.0,-430.0
-1110.0,823.0,2846.0,-879.0,2820.0,141.0
-2061.0,1151.0,2758.0,-464.0,2728.0,640.0
-2991.0,579.0,2772.0,-22.0,3296.0,150.0
-2883.0,382.0,2914.0,-51.0,3387.0,167.0
-2250.0,847.0,2693.0,-648.0,3742.0,87.0
-1970.0,951.0,2510.0,-1223.0,3368.0,-804.0
-2371.0,802.0,2811.0,-1172.0,2080.0,-1881.0
-2589.0,805.0,2413.0,-1011.0,-3.0,-2451.0
-2230.0,907.0,2946.0,-834.0,-1111.0,-2243.0
-1546.0,840.0,3437.0,209.0,-594.0,-2147.0
-1777.0,385.0,3569.0,654.0,-669.0,-1865.0
-1913.0,732.0,3427.0,511.0,-1422.0,-1222.0
-1852.0,1452.0,3457.0,613.0,-2327.0,-924.0
-1387.0,1276.0,3584.0,1017.0,-3453.0,-946.0
-1642.0,642.0,3402.0,1287.0,-4834.0,-883.0
-907.0,306.0,3892.0,1162.0,-6299.0,-899.0
-642.0,324.0,3762.0,1360.0,-6572.0,-604.0
-665.0,523.0,3734.0,1680.0,-5528.0,-276.0
-998.0,704.0,3182.0,1267.0,-5291.0,-50.0
-583.0,1219.0,3168.0,876.0,-4511.0,397.0
-653.0,1598.0,3262.0,516.0,-3947.0,515.0
-310.0,1149.0,3340.0,354.0,-3063.0,534.0
-54.0,759.0,3502.0,184.0,-2329.0,614.0
-334.0,612.0,3878.0,259.0,-1664.0,490.0
-775.0,563.0,3083.0,245.0,-1444.0,707.0
-953.0,611.0,3537.0,564.0,-1868.0,1101.0
-698.0,712.0,3397.0,789.0,-1998.0,1090.0
-543.0,786.0,3256.0,522.0,-1866.0,1139.0
-414.0,1102.0,3508.0,977.0,-823.0,730.0
-747.0,1156.0,3526.0,1476.0,-935.0,693.0
-1115.0,1708.0,4024.0,2093.0,-1425.0,625.0
-1341.0,1456.0,4180.0,2279.0,-2070.0,262.0
-1437.0,1279.0,4085.0,2415.0,-1990.0,-13.0
-1064.0,860.0,4009.0,2456.0,-795.0,93.0
-920.0,716.0,3919.0,2377.0,121.0,16.0
-870.0,1155.0,3728.0,1966.0,893.0,184.0
-531.0,1517.0,3249.0,1127.0,760.0,205.0
-196.0,868.0,2806.0,19.0,290.0,216.0
-345.0,326.0,2850.0,-708.0,-188.0,233.0
-252.0,1589.0,2813.0,-897.0,-546.0,-62.0
-362.0,2213.0,2937.0,-949.0,-656.0,-416.0
-772.0,2291.0,2717.0,-1004.0,-253.0,-793.0
-1472.0,1897.0,3036.0,-1047.0,410.0,-865.0
-256.0,1971.0,3593.0,-878.0,831.0,-587.0
-303.0,446.0,3352.0,550.0,380.0,-1108.0
-971.0,-553.0,1122.0,2025.0,-815.0,-1364.0
-1250.0,-109.0,2477.0,1293.0,-638.0,-923.0
-1147.0,2495.0,4639.0,-232.0,-72.0,-674.0
-1050.0,2900.0,3182.0,66.0,435.0,-866.0
-341.0,2669.0,3101.0,-123.0,2328.0,77.0
205.0,1966.0,3390.0,-2155.0,5192.0,3638.0
36.0,1215.0,3553.0,286.0,5455.0,4868.0
-128.0,894.0,3353.0,4304.0,218.0,2381.0
-325.0,1064.0,3241.0,3464.0,-4254.0,910.0
-938.0,1730.0,3503.0,774.0,-2328.0,718.0
-1416.0,1480.0,3773.0,35.0,-503.0,1200.0
-1749.0,1187.0,3858.0,-454.0,-1248.0,881.0
-461.0,1650.0,2735.0,-233.0,-477.0,987.0
-1120.0,329.0,3942.0,694.0,1089.0,1352.0
28.0,-1367.0,3551.0,1628.0,1293.0,1466.0
-635.0,3067.0,2696.0,1861.0,952.0,1041.0
1244.0,6282.0,2143.0,1842.0,83.0,363.0
86.0,3442.0,2769.0,1814.0,-1443.0,-387.0
-405.0,1560.0,3447.0,1169.0,-2136.0,-1417.0
-94.0,886.0,3787.0,-2260.0,-4550.0,-3747.0
-305.0,2378.0,3669.0,1775.0,-5883.0,-5581.0
-772.0,1777.0,3458.0,-546.0,-1986.0,-3218.0
-787.0,1584.0,3496.0,-3702.0,-2570.0,-3111.0
-695.0,1707.0,3423.0,-2798.0,-1282.0,-1785.0
-674.0,1443.0,3467.0,-1194.0,-144.0,-364.0
-278.0,1523.0,3398.0,-872.0,198.0,33.0
-172.0,1559.0,3399.0,-1235.0,416.0,264.0
-70.0,1429.0,3328.0,-765.0,585.0,316.0
-37.0,1238.0,3347.0,-669.0,778.0,387.0
-203.0,1054.0,3332.0,-638.0,933.0,664.0
-259.0,1500.0,3212.0,-528.0,1087.0,844.0
-557.0,1478.0,3367.0,-726.0,1208.0,819.0
-928.0,464.0,3824.0,-821.0,1264.0,915.0
-894.0,798.0,3438.0,-873.0,1195.0,875.0
-521.0,1146.0,3348.0,-776.0,1043.0,790.0
-698.0,919.0,3397.0,-511.0,960.0,768.0
-796.0,911.0,3388.0,-561.0,822.0,562.0
-994.0,1311.0,3309.0,-1412.0,202.0,226.0
-127.0,745.0,3741.0,-1288.0,-492.0,-66.0
-619.0,1312.0,3338.0,-259.0,-181.0,-33.0
-411.0,1736.0,3394.0,-219.0,115.0,159.0
-479.0,1824.0,3310.0,-244.0,210.0,623.0
-416.0,1661.0,3339.0,68.0,442.0,877.0
-563.0,1458.0,3315.0,-112.0,680.0,1184.0
-653.0,1679.0,3308.0,226.0,786.0,1036.0
-735.0,1851.0,3294.0,955.0,893.0,506.0
-977.0,1705.0,3448.0,870.0,1056.0,260.0
-1043.0,1647.0,3470.0,507.0,900.0,-11.0
-1119.0,1480.0,3481.0,307.0,883.0,-137.0
-1312.0,1475.0,3523.0,318.0,956.0,-209.0
-1229.0,1685.0,3569.0,352.0,996.0,-242.0
-1168.0,1609.0,3637.0,-48.0,990.0,-410.0
-1342.0,1628.0,3503.0,-576.0,1032.0,-776.0
-858.0,1841.0,3501.0,-785.0,1142.0,-805.0
-1266.0,1653.0,3420.0,-878.0,1084.0,-574.0
-1229.0,1618.0,3321.0,-798.0,1132.0,-434.0
-1383.0,1967.0,3388.0,-812.0,1190.0,-243.0
-1543.0,1183.0,3842.0,-1041.0,1070.0,-46.0
-1223.0,987.0,3449.0,-993.0,1258.0,94.0
-570.0,912.0,3322.0,-955.0,1198.0,20.0
-140.0,7.0,3903.0,-1636.0,866.0,357.0
-198.0,-573.0,4075.0,-1704.0,1163.0,807.0
-448.0,330.0,4093.0,-1904.0,1073.0,998.0
-192.0,1421.0,3616.0,-2193.0,129.0,1022.0
-605.0,1963.0,3769.0,-1459.0,-264.0,1142.0
-1176.0,1381.0,3676.0,-1654.0,410.0,148.0
-865.0,1142.0,3577.0,-1366.0,733.0,74.0
-644.0,1082.0,3683.0,374.0,28.0,424.0
-955.0,1158.0,3333.0,2004.0,529.0,303.0
-1614.0,703.0,3809.0,1884.0,1891.0,370.0
-1718.0,1019.0,3148.0,640.0,2516.0,376.0
-1914.0,1199.0,3381.0,-160.0,2992.0,349.0
-1918.0,1215.0,3237.0,-297.0,3634.0,375.0
-1883.0,1153.0,3074.0,-325.0,4279.0,287.0
-1843.0,1171.0,3110.0,-463.0,4665.0,235.0
-1720.0,1205.0,3069.0,150.0,4622.0,352.0
-1685.0,1202.0,3087.0,759.0,4067.0,344.0
-1657.0,1181.0,3072.0,580.0,3418.0,273.0
-1691.0,1173.0,3006.0,469.0,2775.0,222.0
-1768.0,1186.0,3024.0,462.0,2233.0,180.0
-1868.0,1178.0,3009.0,462.0,1926.0,222.0
-1955.0,1181.0,2928.0,408.0,1848.0,270.0
-1942.0,1208.0,2908.0,373.0,1866.0,256.0
-1798.0,1238.0,2837.0,364.0,1978.0,218.0
-1740.0,1257.0,2727.0,389.0,2062.0,191.0
-1765.0,1330.0,2642.0,427.0,2113.0,180.0
-1863.0,1329.0,2657.0,472.0,2039.0,149.0
-1898.0,1239.0,2453.0,511.0,1926.0,113.0
-2054.0,1295.0,2225.0,482.0,1988.0,97.0
-2365.0,1450.0,2110.0,462.0,2213.0,96.0
-2646.0,1470.0,2058.0,456.0,2483.0,72.0
-2729.0,1405.0,2031.0,394.0,2965.0,71.0
-2636.0,1313.0,2014.0,336.0,3469.0,73.0
-2512.0,1342.0,1945.0,432.0,3810.0,49.0
-2592.0,1474.0,2083.0,568.0,4016.0,0.0
-2689.0,1528.0,2195.0,568.0,3936.0,-95.0
-2759.0,1505.0,2106.0,511.0,3574.0,-230.0
-2790.0,1441.0,2054.0,477.0,3082.0,-313.0
-2613.0,1429.0,2000.0,555.0,2606.0,-330.0
-2470.0,1441.0,1919.0,630.0,2226.0,-306.0
-2475.0,1489.0,1929.0,557.0,1872.0,-287.0
-2525.0,1463.0,1817.0,462.0,1530.0,-294.0
-2848.0,1497.0,1838.0,357.0,1344.0,-335.0
-3111.0,1526.0,1984.0,247.0,1365.0,-357.0
-3281.0,1472.0,2156.0,146.0,1501.0,-385.0
-3442.0,1436.0,2221.0,59.0,1624.0,-451.0
-3726.0,1388.0,2414.0,-54.0,1875.0,-443.0
-3883.0,1463.0,2415.0,-143.0,2126.0,-392.0
-4050.0,1515.0,2448.0,-248.0,2240.0,-362.0
-4132.0,1613.0,2331.0,-393.0,2398.0,-328.0
-4229.0,1686.0,2323.0,-120.0,2482.0,198.0
-4458.0,1737.0,2308.0,24.0,2467.0,399.0
-5077.0,1576.0,2179.0,144.0,2461.0,661.0
-5213.0,1615.0,2027.0,211.0,2429.0,925.0
-5378.0,1639.0,1814.0,306.0,2386.0,1209.0
-5297.0,1572.0,1761.0,388.0,2318.0,1516.0
-4967.0,1492.0,1571.0,541.0,2251.0,1847.0
-4718.0,1517.0,1372.0,835.0,2003.0,2195.0
-4400.0,1539.0,1310.0,1121.0,1580.0,2518.0
-4027.0,1521.0,1477.0,1350.0,1035.0,2830.0
-3617.0,1426.0,1565.0,1475.0,293.0,3108.0
-3147.0,1513.0,1298.0,1498.0,-338.0,3394.0
-2659.0,1637.0,1048.0,1644.0,-1015.0,3726.0
-2293.0,1761.0,908.0,1809.0,-1652.0,4070.0
-1791.0,1895.0,590.0,1829.0,-1957.0,4414.0
-1402.0,1932.0,494.0,1867.0,-2169.0,4685.0
-955.0,1984.0,461.0,2081.0,-2309.0,4891.0
-559.0,2081.0,305.0,2293.0,-2250.0,5058.0
-160.0,2132.0,159.0,2329.0,-2203.0,5102.0
218.0,2210.0,37.0,2335.0,-2320.0,5087.0
581.0,2269.0,-51.0,2289.0,-2482.0,5043.0
944.0,2303.0,-117.0,2147.0,-2693.0,4895.0
1271.0,2261.0,-158.0,2031.0,-2818.0,4687.0
1581.0,2232.0,-326.0,1885.0,-2883.0,4440.0
1888.0,2297.0,-557.0,1661.0,-2770.0,4119.0
2107.0,2438.0,-818.0,1373.0,-2486.0,3717.0
2208.0,2426.0,-1048.0,1003.0,-2076.0,3211.0
2109.0,2337.0,-1099.0,561.0,-1527.0,2599.0
1544.0,2208.0,-894.0,130.0,-962.0,1911.0
19.0,2040.0,80.0,-275.0,-390.0,1158.0
-1261.0,2090.0,1306.0,-775.0,352.0,344.0
-1824.0,2230.0,2873.0,-1492.0,1218.0,-490.0
-1828.0,1976.0,4286.0,-2402.0,2545.0,-1408.0
-1645.0,1397.0,5564.0,-3421.0,4274.0,-2524.0
-1015.0,1042.0,5707.0,-4398.0,5789.0,-3927.0
-772.0,1734.0,2731.0,-5328.0,6669.0,-5495.0
-2099.0,3635.0,-3563.0,-6448.0,7898.0,-6707.0
-5510.0,3256.0,-9688.0,-7607.0,9776.0,-7718.0
-12779.0,-3758.0,-7996.0,-8115.0,12108.0,-8657.0
-19782.0,-6690.0,-4976.0,-6918.0,14460.0,-9186.0
-19617.0,-495.0,-1901.0,-3615.0,16867.0,-9466.0
-14207.0,1042.0,-412.0,-6353.0,11867.0,-6225.0
-8170.0,1330.0,43.0,-8055.0,8190.0,-1166.0
-5119.0,1437.0,403.0,-925.0,479.0,1227.0
-1773.0,1714.0,1385.0,716.0,-6510.0,819.0
-1395.0,1697.0,1829.0,-604.0,-10282.0,1898.0
-975.0,1697.0,1722.0,-503.0,-11374.0,4159.0
-447.0,1731.0,1280.0,-252.0,-10926.0,5726.0
-237.0,1713.0,1071.0,91.0,-10060.0,6772.0
-309.0,1825.0,817.0,235.0,-9235.0,7285.0
-446.0,1825.0,502.0,517.0,-8550.0,7292.0
-110.0,1503.0,260.0,1142.0,-8054.0,7258.0
544.0,1291.0,88.0,1782.0,-7575.0,7261.0
1578.0,1302.0,-323.0,2321.0,-7073.0,7193.0
2657.0,1530.0,-590.0,2768.0,-7018.0,6930.0
3713.0,1796.0,-739.0,2906.0,-7166.0,6545.0
4410.0,1946.0,-750.0,2628.0,-7129.0,5999.0
4481.0,1894.0,-739.0,2233.0,-7269.0,5178.0
4094.0,1646.0,-746.0,2102.0,-7576.0,4215.0
2930.0,1173.0,-625.0,884.0,-4758.0,551.0
1246.0,926.0,-305.0,-91.0,-2330.0,-789.0
-641.0,1024.0,1009.0,-1127.0,408.0,-2068.0
-4664.0,1749.0,6894.0,-2140.0,3288.0,-3269.0
-3573.0,522.0,7718.0,-2921.0,5711.0,-4606.0
-1535.0,-97.0,1370.0,-3409.0,7504.0,-6240.0
-2063.0,1688.0,-7374.0,-4055.0,9049.0,-8040.0
-9128.0,4067.0,-14923.0,-4664.0,10973.0,-9194.0
-18769.0,-2823.0,-1644.0,-5068.0,12843.0,-9305.0
-19266.0,-2084.0,1276.0,-4681.0,15323.0,-8589.0
-14397.0,89.0,1150.0,-1999.0,18354.0,-7755.0
-9056.0,1043.0,858.0,3473.0,19036.0,-7254.0
-4643.0,2990.0,-600.0,6434.0,16113.0,-7180.0
-2348.0,3351.0,-127.0,-108.0,8956.0,-5347.0
-767.0,3409.0,353.0,-3866.0,8032.0,-421.0
-466.0,3127.0,1096.0,377.0,-4812.0,2010.0
-901.0,2413.0,1541.0,-328.0,-9283.0,2759.0
-1386.0,1885.0,1633.0,785.0,-9160.0,4748.0
-1475.0,1801.0,1212.0,660.0,-8534.0,6383.0
-1268.0,1857.0,872.0,495.0,-7825.0,5498.0
-782.0,1883.0,628.0,572.0,-7331.0,4723.0
1119.0,1603.0,274.0,1359.0,-7822.0,4456.0
1829.0,1650.0,174.0,2130.0,-8297.0,4392.0
2166.0,1779.0,-101.0,2339.0,-8223.0,4191.0
2240.0,1668.0,-225.0,2135.0,-7900.0,3782.0
2216.0,1689.0,-292.0,1708.0,-7605.0,3157.0
2118.0,1773.0,-282.0,1170.0,-6864.0,2417.0
1823.0,1811.0,-99.0,761.0,-5498.0,1593.0
798.0,1672.0,143.0,489.0,-4230.0,709.0
-786.0,1689.0,577.0,-66.0,-3040.0,-202.0
-2367.0,1780.0,2011.0,-627.0,-1570.0,-1183.0
-3925.0,1937.0,4284.0,-1028.0,-185.0,-2145.0
-5171.0,1884.0,6907.0,-1542.0,1304.0,-3040.0
-4886.0,663.0,7704.0,-2232.0,3097.0,-3980.0
-2181.0,-200.0,2804.0,-2914.0,4832.0,-5107.0
-1676.0,2892.0,-5466.0,-3673.0,6824.0,-6398.0
-6978.0,2505.0,-8355.0,-4897.0,16000.0,-7936.0
-12650.0,-3189.0,-2851.0,-2161.0,18686.0,-6963.0
-16090.0,-880.0,-4844.0,3469.0,21874.0,-5554.0
-8915.0,1043.0,-3479.0,6831.0,22463.0,-5705.0
-5640.0,1517.0,-2758.0,2210.0,21570.0,-5005.0
-3297.0,2260.0,-2021.0,-469.0,16393.0,-1497.0
-1964.0,1859.0,-467.0,-684.0,6224.0,1607.0
-1105.0,1336.0,802.0,-1267.0,175.0,4179.0
-463.0,1122.0,1588.0,-1752.0,-5011.0,6075.0
22.0,1201.0,1549.0,-1473.0,-9062.0,6985.0
507.0,1541.0,1192.0,-677.0,-11744.0,7354.0
500.0,1772.0,966.0,-751.0,-12873.0,7210.0
253.0,1903.0,930.0,-953.0,-11976.0,6854.0
259.0,2014.0,409.0,-446.0,-11108.0,6750.0
350.0,2072.0,-74.0,221.0,-10932.0,6723.0
624.0,2030.0,-494.0,968.0,-10541.0,6649.0
919.0,1948.0,-757.0,1524.0,-10167.0,6491.0
1357.0,1812.0,-851.0,1716.0,-9554.0,6188.0
1978.0,1763.0,-953.0,1585.0,-8267.0,4996.0
2690.0,1832.0,-1104.0,1202.0,-7924.0,4123.0
3211.0,1807.0,-981.0,770.0,-7630.0,3218.0
2679.0,1585.0,-569.0,273.0,-7071.0,2245.0
1171.0,1325.0,-177.0,-332.0,-6084.0,1117.0
-783.0,1288.0,681.0,-1027.0,-4583.0,-183.0
-2729.0,1534.0,2107.0,-1715.0,-2418.0,-1460.0
-4695.0,2093.0,3962.0,-2321.0,391.0,-2580.0
-5932.0,2207.0,5922.0,-2846.0,3334.0,-3617.0
-4909.0,1088.0,7668.0,-3389.0,6020.0,-4793.0
-1719.0,681.0,2677.0,-3750.0,8191.0,-6270.0
-1704.0,2825.0,-3890.0,-3964.0,9538.0,-7823.0
-6229.0,2778.0,-8415.0,-4259.0,10661.0,-8954.0
-13834.0,-894.0,-5789.0,-4848.0,11966.0,-9320.0
-18225.0,-1813.0,-2969.0,-4797.0,13758.0,-8737.0
-18172.0,838.0,-2118.0,-2336.0,16298.0,-7545.0
-13165.0,1531.0,-1278.0,2979.0,18670.0,-6352.0
-8291.0,1914.0,-827.0,-700.0,3084.0,1618.0
-5313.0,2187.0,-732.0,-897.0,-4195.0,3438.0
-329.0,2119.0,871.0,-1320.0,-8065.0,5203.0
-577.0,1928.0,921.0,-995.0,-9894.0,6757.0
-561.0,1861.0,895.0,-698.0,-10656.0,7525.0
-307.0,1949.0,618.0,-438.0,-10784.0,7837.0
-109.0,2017.0,422.0,-516.0,-10033.0,7549.0
-102.0,2002.0,417.0,-417.0,-8459.0,6944.0
141.0,1782.0,402.0,65.0,-7292.0,6397.0
502.0,1594.0,263.0,560.0,-6756.0,6020.0
941.0,1577.0,35.0,990.0,-6622.0,5787.0
1560.0,1558.0,-158.0,1285.0,-6637.0,5579.0
2031.0,1630.0,-313.0,1324.0,-6573.0,5115.0
2408.0,1692.0,-406.0,1181.0,-6563.0,4415.0
2541.0,1744.0,-431.0,964.0,-6659.0,3738.0
2415.0,1715.0,-435.0,872.0,-6797.0,3085.0
2228.0,1730.0,-609.0,771.0,-6667.0,2406.0
2096.0,1740.0,-644.0,-69.0,-4120.0,-30.0
1901.0,1720.0,-513.0,-480.0,-2878.0,-996.0
1095.0,1645.0,-128.0,-951.0,-1623.0,-1967.0
-4422.0,2035.0,2622.0,-1476.0,-126.0,-2881.0
-5996.0,2268.0,5113.0,-2081.0,1470.0,-3779.0
-6255.0,1408.0,7662.0,-2636.0,3094.0,-4704.0
-4534.0,514.0,7222.0,-3203.0,4623.0,-5776.0
-830.0,1026.0,2890.0,-3684.0,5999.0,-6966.0
-559.0,3586.0,-4396.0,-4348.0,7482.0,-8121.0
-5293.0,2252.0,-6960.0,-5327.0,9855.0,-8923.0
-12621.0,-2789.0,-5060.0,-6375.0,13013.0,-9278.0
-17933.0,-1593.0,-4750.0,-5234.0,14592.0,-8959.0
-19095.0,1078.0,-2716.0,-1090.0,16763.0,-7844.0
-12899.0,1421.0,-1360.0,4419.0,19216.0,-7502.0
-7329.0,1288.0,-555.0,4922.0,18958.0,-7424.0
-4748.0,1985.0,-412.0,-755.0,16459.0,-5032.0
-2487.0,2827.0,-391.0,-2507.0,11241.0,-734.0
-1185.0,2684.0,479.0,-482.0,2269.0,1780.0
-830.0,2119.0,1086.0,-189.0,-10943.0,4621.0
-909.0,1660.0,1278.0,499.0,-11351.0,5626.0
-926.0,1687.0,1112.0,307.0,-10461.0,6338.0
-1255.0,2196.0,1179.0,-275.0,-9249.0,6196.0
-1122.0,2175.0,728.0,-262.0,-7602.0,5653.0
-892.0,1993.0,473.0,285.0,-6031.0,5419.0
-575.0,1789.0,264.0,815.0,-5272.0,5464.0
-230.0,1710.0,60.0,1226.0,-5024.0,5390.0
372.0,1668.0,-100.0,1490.0,-5079.0,5295.0
1146.0,1768.0,-150.0,1537.0,-5289.0,5166.0
1871.0,1964.0,-263.0,1420.0,-5484.0,4823.0
2227.0,2132.0,-320.0,1145.0,-5730.0,4280.0
2501.0,2179.0,-367.0,1044.0,-6174.0,3571.0
2649.0,2177.0,-359.0,948.0,-6309.0,2768.0
2422.0,2130.0,-418.0,804.0,-5981.0,1999.0
1484.0,2057.0,-391.0,653.0,-5315.0,1248.0
-324.0,2017.0,82.0,299.0,-4232.0,362.0
-2387.0,2068.0,924.0,-199.0,-2784.0,-594.0
-4197.0,2414.0,2680.0,-1771.0,3588.0,-3416.0
-5394.0,2450.0,5252.0,-2316.0,5757.0,-4650.0
-4251.0,1820.0,6696.0,-2957.0,7356.0,-6183.0
-2322.0,1563.0,-4919.0,-3626.0,8756.0,-7695.0
-9148.0,-1306.0,-6857.0,-4460.0,10783.0,-8611.0
-17135.0,-2213.0,-7264.0,-4707.0,12401.0,-8704.0
-21267.0,-28.0,-5012.0,-2746.0,13986.0,-8040.0
-15822.0,1065.0,-2369.0,1376.0,17242.0,-7356.0
-8689.0,906.0,-991.0,4264.0,19984.0,-7811.0
-5216.0,2015.0,-729.0,1633.0,20060.0,-6493.0
-2870.0,2813.0,-893.0,-1442.0,15695.0,-2364.0
-1737.0,2736.0,-629.0,-1622.0,6875.0,1065.0
-1750.0,2072.0,-84.0,-1015.0,-1202.0,1995.0
-1502.0,1564.0,266.0,-1273.0,-7247.0,2651.0
-1326.0,1520.0,785.0,-753.0,-10086.0,4169.0
-1100.0,1722.0,1256.0,96.0,-10214.0,5609.0
-1011.0,1891.0,1501.0,78.0,-9298.0,6267.0
-694.0,2016.0,1429.0,-428.0,-7917.0,6129.0
-244.0,2087.0,974.0,147.0,-6533.0,5611.0
-250.0,2088.0,641.0,706.0,-6951.0,5557.0
-225.0,1972.0,300.0,1107.0,-7243.0,5447.0
389.0,1813.0,78.0,1370.0,-7179.0,5372.0
878.0,1900.0,215.0,1484.0,-7283.0,5199.0
1442.0,2098.0,-92.0,1545.0,-7622.0,4991.0
2105.0,2212.0,-371.0,1701.0,-7763.0,4668.0
2864.0,2282.0,-608.0,1868.0,-8192.0,4140.0
3484.0,2262.0,-962.0,1893.0,-8385.0,3588.0
3436.0,2034.0,-1084.0,1821.0,-8171.0,3059.0
2752.0,1774.0,-1004.0,1481.0,-8063.0,2387.0
1377.0,1646.0,-758.0,745.0,-7167.0,1435.0
-903.0,1667.0,-262.0,-148.0,-5513.0,221.0
-3148.0,1838.0,913.0,-928.0,-3311.0,-1061.0
-5324.0,2215.0,2930.0,-1677.0,-612.0,-2291.0
-6895.0,2205.0,5694.0,-2229.0,2108.0,-3430.0
-6205.0,849.0,8383.0,-2616.0,4531.0,-4540.0
-2745.0,169.0,7876.0,-3005.0,6254.0,-5858.0
1777.0,1754.0,1937.0,-6139.0,10589.0,-10032.0
2127.0,3155.0,-5016.0,-7186.0,13669.0,-10024.0
-5301.0,870.0,-11185.0,-5270.0,16030.0,-9341.0
-18621.0,1555.0,-1176.0,59.0,19632.0,-8360.0
-9865.0,488.0,671.0,5377.0,23355.0,-8689.0
-5737.0,1991.0,-194.0,2907.0,23012.0,-7605.0
-2096.0,3339.0,-796.0,-3734.0,15663.0,-2996.0
548.0,3605.0,-185.0,-4718.0,7093.0,3503.0
866.0,2737.0,853.0,-935.0,-182.0,4187.0
126.0,1982.0,1307.0,-1301.0,-8891.0,2466.0
-656.0,1633.0,1835.0,-1346.0,-13074.0,3564.0
-880.0,1750.0,1888.0,472.0,-13361.0,5209.0
-583.0,2076.0,1502.0,746.0,-13099.0,6068.0
-237.0,2313.0,928.0,-47.0,-12285.0,5971.0
-38.0,2321.0,314.0,-414.0,-10391.0,5073.0
-127.0,2173.0,64.0,-33.0,-8683.0,4472.0
-153.0,1750.0,345.0,527.0,-7839.0,4487.0
35.0,1571.0,683.0,1471.0,-4415.0,4154.0
417.0,1524.0,581.0,999.0,-3715.0,3325.0
842.0,1712.0,181.0,801.0,-3162.0,2434.0
1152.0,1961.0,77.0,892.0,-2871.0,1781.0
1174.0,2106.0,31.0,892.0,-2802.0,1308.0
705.0,2117.0,206.0,648.0,-2689.0,715.0
-330.0,2044.0,551.0,237.0,-2252.0,-145.0
-1996.0,2065.0,858.0,-49.0,-1667.0,-1098.0
-4030.0,2125.0,1700.0,-222.0,-1023.0,-1900.0
-5593.0,2178.0,3343.0,-604.0,-98.0,-2567.0
-5865.0,1813.0,5254.0,-1149.0,1198.0,-3267.0
-4559.0,1498.0,5893.0,-1695.0,2723.0,-4082.0
-1640.0,1388.0,4374.0,-2230.0,4435.0,-5010.0
336.0,2680.0,-1040.0,-2805.0,6173.0,-6049.0
-1938.0,952.0,-3470.0,-3559.0,8370.0,-7164.0
-8276.0,-1601.0,-6382.0,-4014.0,11048.0,-7917.0
-15625.0,-1190.0,-9359.0,-3035.0,12511.0,-7920.0
-19687.0,726.0,-7273.0,4871.0,19165.0,-7396.0
-15195.0,1574.0,-4118.0,1163.0,19420.0,-5035.0
-8421.0,1240.0,-2116.0,-1484.0,15211.0,-767.0
-1976.0,1921.0,-192.0,-1754.0,8178.0,2363.0
-2026.0,1467.0,339.0,-993.0,818.0,2860.0
-1834.0,1453.0,546.0,-945.0,-6247.0,2885.0
-1295.0,1543.0,705.0,-763.0,-10593.0,4037.0
-705.0,1805.0,652.0,-191.0,-11579.0,5352.0
-517.0,2003.0,801.0,-433.0,-10363.0,5824.0
-562.0,2141.0,1127.0,-722.0,-8302.0,5722.0
-661.0,2222.0,1282.0,-524.0,-7069.0,5767.0
-632.0,2285.0,1020.0,-304.0,-6170.0,6011.0
-611.0,2272.0,769.0,-126.0,-5954.0,6236.0
-534.0,2194.0,627.0,132.0,-6243.0,6259.0
-117.0,2050.0,313.0,425.0,-6598.0,6119.0
268.0,2083.0,160.0,759.0,-6840.0,6024.0
723.0,2237.0,-51.0,1093.0,-7043.0,5951.0
1264.0,2142.0,-386.0,1319.0,-7100.0,5798.0
1570.0,2103.0,-399.0,1404.0,-7519.0,4456.0
1933.0,2084.0,-420.0,1375.0,-7348.0,3891.0
2261.0,2185.0,-427.0,1051.0,-7018.0,3386.0
2090.0,2100.0,-680.0,488.0,-6444.0,2583.0
1541.0,1985.0,-591.0,-17.0,-5505.0,1494.0
327.0,2059.0,-388.0,-370.0,-4274.0,401.0
-1771.0,2185.0,318.0,-740.0,-2817.0,-627.0
-4008.0,2338.0,1903.0,-1282.0,-1101.0,-1641.0
-5784.0,2618.0,4044.0,-1821.0,583.0,-2712.0
-5749.0,2140.0,7778.0,-2277.0,2041.0,-3772.0
-1411.0,945.0,9111.0,-2654.0,3401.0,-4902.0
4527.0,1709.0,5588.0,-3268.0,4177.0,-6477.0
5628.0,1818.0,-3022.0,-4335.0,4689.0,-8514.0
-3838.0,524.0,-13246.0,-5740.0,6451.0,-10245.0
-21190.0,-3308.0,-13299.0,-7193.0,10129.0,-11017.0
-29625.0,-3372.0,-3967.0,-7039.0,14392.0,-11036.0
-17665.0,619.0,-1394.0,-2772.0,17783.0,-10483.0
-8010.0,115.0,783.0,3030.0,23601.0,-10466.0
-3121.0,2959.0,-456.0,-4074.0,9645.0,3358.0
-498.0,3850.0,-458.0,1286.0,-237.0,2275.0
-1477.0,2825.0,813.0,-200.0,-11720.0,-591.0
-1300.0,1815.0,1684.0,-113.0,-13564.0,1716.0
-1538.0,1991.0,1870.0,1361.0,-10684.0,4554.0
-1616.0,2268.0,1604.0,291.0,-7634.0,5486.0
-1424.0,2291.0,1255.0,-209.0,-6470.0,5308.0
-925.0,2146.0,1137.0,313.0,-5442.0,5096.0
-586.0,2035.0,1137.0,152.0,-4972.0,4922.0
-526.0,2003.0,908.0,323.0,-5070.0,4879.0
-561.0,2077.0,513.0,1005.0,-4846.0,4900.0
-480.0,2071.0,254.0,1394.0,-4602.0,4910.0
-204.0,2021.0,114.0,1289.0,-4150.0,4796.0
-7.0,2021.0,94.0,1118.0,-3677.0,4505.0
314.0,2046.0,146.0,1101.0,-3561.0,4123.0
538.0,2077.0,280.0,1180.0,-3476.0,3706.0
675.0,2112.0,380.0,1024.0,-3190.0,3161.0
797.0,2120.0,340.0,781.0,-2966.0,2471.0
742.0,2098.0,266.0,507.0,-2315.0,332.0
256.0,2060.0,319.0,290.0,-1916.0,-391.0
-692.0,2076.0,540.0,-36.0,-1169.0,-1094.0
-5093.0,2440.0,2957.0,-469.0,-136.0,-1835.0
-5183.0,2151.0,4531.0,-932.0,915.0,-2698.0
-3586.0,1711.0,5375.0,-1359.0,1899.0,-3684.0
-1439.0,1788.0,4130.0,-1790.0,2597.0,-4800.0
-822.0,2321.0,338.0,-2363.0,2924.0,-6045.0
-3372.0,1872.0,-2930.0,-3130.0,3812.0,-7176.0
-8050.0,-212.0,-4350.0,-3802.0,5495.0,-7935.0
-14477.0,-1473.0,-4760.0,-3442.0,7179.0,-8103.0
-17428.0,-303.0,-3040.0,-1569.0,8339.0,-7561.0
-13574.0,589.0,-507.0,1300.0,10839.0,-7135.0
-7508.0,955.0,140.0,3040.0,12523.0,-7250.0
-4484.0,2143.0,432.0,902.0,12219.0,-5629.0
-3333.0,2870.0,-110.0,-1808.0,9420.0,-2256.0
-3216.0,2677.0,-362.0,-1954.0,3929.0,1471.0
-2942.0,1932.0,252.0,-1090.0,-833.0,3165.0
-2509.0,1537.0,1164.0,741.0,-5381.0,4598.0
-2027.0,1659.0,1481.0,327.0,-4971.0,5827.0
-1491.0,2072.0,1362.0,-416.0,-4867.0,6411.0
-410.0,2509.0,1188.0,-726.0,-4911.0,6360.0
-840.0,2343.0,1080.0,-276.0,-5553.0,6150.0
-988.0,1988.0,722.0,498.0,-6253.0,6165.0
-825.0,1732.0,478.0,1047.0,-6607.0,6494.0
-99.0,1576.0,565.0,1297.0,-6629.0,6861.0
597.0,1610.0,459.0,1474.0,-6247.0,6916.0
1402.0,1790.0,287.0,1601.0,-6526.0,6824.0
2029.0,2102.0,25.0,1702.0,-6973.0,6506.0
2571.0,2203.0,-332.0,1747.0,-6888.0,5942.0
3028.0,2047.0,-730.0,1677.0,-6648.0,5244.0
3230.0,1749.0,-954.0,1589.0,-6936.0,4475.0
2973.0,1669.0,-1018.0,1414.0,-7165.0,3479.0
2501.0,1656.0,-890.0,1106.0,-6753.0,2378.0
1958.0,1697.0,-632.0,642.0,-6079.0,1337.0
940.0,1835.0,-639.0,-1461.0,886.0,-2936.0
-743.0,1932.0,-239.0,-1762.0,2549.0,-4063.0
-3914.0,561.0,8131.0,-2088.0,4047.0,-5135.0
-12.0,304.0,6456.0,-2698.0,5387.0,-6456.0
4295.0,1883.0,-1903.0,-3682.0,7060.0,-8096.0
-124.0,2447.0,-10367.0,-4750.0,9792.0,-9436.0
-12461.0,-776.0,-13431.0,-5957.0,13840.0,-10270.0
-27682.0,-2509.0,-10056.0,-5910.0,17397.0,-10652.0
-22804.0,723.0,-3206.0,-2451.0,19879.0,-10073.0
-10081.0,-67.0,-1019.0,3330.0,24072.0,-9476.0
-5664.0,2374.0,-1056.0,6350.0,26523.0,-9140.0
-1994.0,4062.0,-1070.0,993.0,21713.0,-5622.0
-766.0,3439.0,273.0,-3640.0,11124.0,277.0
-1400.0,2305.0,947.0,-830.0,2708.0,2520.0
-1179.0,1996.0,1298.0,-390.0,-9379.0,131.0
-929.0,1756.0,1790.0,-941.0,-15584.0,1260.0
-967.0,1932.0,1756.0,454.0,-14593.0,3920.0
-1247.0,2210.0,1665.0,-410.0,-8103.0,4725.0
-1488.0,2300.0,1433.0,-210.0,-6115.0,4538.0
-1435.0,2237.0,1041.0,-48.0,-5119.0,4589.0
-1033.0,2014.0,687.0,517.0,-4681.0,4763.0
-709.0,1895.0,480.0,900.0,-4273.0,4752.0
-77.0,1853.0,194.0,956.0,-4206.0,4652.0
229.0,1896.0,115.0,844.0,-3960.0,4506.0
512.0,1962.0,141.0,788.0,-4004.0,4275.0
621.0,1983.0,226.0,766.0,-4383.0,3928.0
748.0,2043.0,245.0,649.0,-4482.0,3451.0
870.0,2042.0,231.0,439.0,-4208.0,2928.0
975.0,1981.0,292.0,374.0,-4054.0,2333.0
996.0,1981.0,313.0,329.0,-3751.0,1594.0
637.0,1953.0,378.0,262.0,-3358.0,871.0
37.0,1920.0,719.0,124.0,-2895.0,197.0
-947.0,1939.0,994.0,-129.0,-2273.0,-508.0
-2653.0,1946.0,1116.0,-527.0,-1433.0,-1245.0
-4841.0,1863.0,1817.0,-925.0,-374.0,-1996.0
-6334.0,1877.0,3133.0,-2119.0,2907.0,-4490.0
-6895.0,1578.0,4212.0,-2548.0,3695.0,-5358.0
-6135.0,1371.0,5219.0,-3206.0,4167.0,-6268.0
-4652.0,2877.0,-2190.0,-3762.0,4746.0,-7194.0
-8043.0,769.0,-1957.0,-4111.0,5958.0,-7859.0
-10501.0,-1709.0,-1106.0,-3636.0,7587.0,-7902.0
-11768.0,-800.0,-969.0,-2062.0,7863.0,-7345.0
-11649.0,1045.0,-18.0,645.0,8655.0,-6496.0
-9520.0,1692.0,205.0,3110.0,10007.0,-6209.0
-7215.0,1686.0,142.0,1526.0,9842.0,-5336.0
-5510.0,1854.0,-121.0,-1062.0,8641.0,-2893.0
-4370.0,2053.0,-498.0,-1138.0,5148.0,96.0
-3660.0,1954.0,-401.0,-423.0,1740.0,2706.0
-2969.0,1771.0,183.0,-231.0,-463.0,4234.0
-2181.0,1629.0,901.0,-293.0,-2073.0,4823.0
-1362.0,1712.0,1314.0,-40.0,-3348.0,5150.0
-741.0,2102.0,1305.0,396.0,-4744.0,5618.0
-80.0,2297.0,1297.0,323.0,-6255.0,6003.0
-78.0,2506.0,1489.0,799.0,-9458.0,6026.0
-361.0,2454.0,966.0,1606.0,-9764.0,6151.0
-446.0,1976.0,128.0,2145.0,-9409.0,6675.0
1226.0,1614.0,263.0,2482.0,-8312.0,7183.0
1954.0,1905.0,112.0,2644.0,-7484.0,7188.0
2539.0,2215.0,-305.0,2525.0,-7124.0,6723.0
2932.0,2136.0,-699.0,2320.0,-6464.0,5936.0
3222.0,1907.0,-980.0,2347.0,-5570.0,5123.0
3224.0,1747.0,-1254.0,2307.0,-5346.0,4329.0
2859.0,1704.0,-1319.0,2106.0,-5375.0,3359.0
2493.0,1698.0,-1109.0,1691.0,-4656.0,2310.0
1965.0,1723.0,-1044.0,838.0,-3604.0,1320.0
520.0,1635.0,-825.0,-170.0,-2235.0,263.0
-1435.0,1670.0,-200.0,-940.0,-515.0,-936.0
-3391.0,1906.0,1139.0,-1473.0,1093.0,-2136.0
-4961.0,2157.0,3490.0,-1865.0,2540.0,-3226.0
-5483.0,1767.0,6530.0,-2273.0,3918.0,-4233.0
-3842.0,586.0,7907.0,-2842.0,5278.0,-5362.0
-565.0,-391.0,6326.0,-5319.0,9899.0,-9871.0
1834.0,1888.0,-2870.0,-6255.0,12739.0,-10552.0
-3629.0,2236.0,-9184.0,-6053.0,15364.0,-10679.0
-20787.0,37.0,-2471.0,-2903.0,18098.0,-9920.0
-10076.0,25.0,-301.0,2962.0,21577.0,-9266.0
-5416.0,1802.0,-19.0,5688.0,22446.0,-9107.0
-2453.0,3517.0,-60.0,575.0,17679.0,-6376.0
-938.0,3301.0,1216.0,-3316.0,9147.0,-658.0
-756.0,2518.0,1492.0,-1376.0,242.0,2410.0
-816.0,1982.0,1860.0,-1046.0,-9611.0,1342.0
-1022.0,1701.0,1793.0,-1151.0,-14203.0,1619.0
-1389.0,1710.0,1498.0,297.0,-13593.0,3679.0
-1522.0,1927.0,1302.0,364.0,-11129.0,5180.0
-1639.0,2033.0,1079.0,-188.0,-8903.0,5322.0
-1497.0,2026.0,759.0,-7.0,-6520.0,4875.0
-1537.0,1987.0,826.0,44.0,-3914.0,4289.0
-1528.0,1908.0,787.0,260.0,-2606.0,4152.0
-1354.0,1833.0,736.0,641.0,-2156.0,4215.0
-956.0,1661.0,738.0,987.0,-2855.0,3801.0
-245.0,1624.0,469.0,860.0,-3117.0,3613.0
155.0,1825.0,337.0,802.0,-3406.0,3380.0
230.0,2043.0,436.0,675.0,-3542.0,2879.0
189.0,2087.0,491.0,549.0,-3328.0,2243.0
242.0,2083.0,529.0,630.0,-3151.0,1714.0
176.0,2106.0,619.0,629.0,-2825.0,1190.0
-231.0,2127.0,848.0,465.0,-2319.0,570.0
-970.0,2069.0,1158.0,283.0,-2073.0,-86.0
-1985.0,2076.0,1334.0,76.0,-1757.0,-752.0
-3726.0,2036.0,1680.0,-202.0,-1175.0,-1350.0
-5418.0,1995.0,2532.0,-567.0,-484.0,-1959.0
-6210.0,1808.0,3593.0,-973.0,401.0,-2607.0
-5927.0,1705.0,4532.0,-1448.0,1289.0,-3335.0
-4511.0,1624.0,4554.0,-1882.0,2282.0,-4072.0
-2850.0,2121.0,3018.0,-2345.0,3079.0,-4790.0
-2934.0,2465.0,26.0,-2872.0,3270.0,-5629.0
-5483.0,1379.0,-932.0,-3280.0,3866.0,-6407.0
-8940.0,-825.0,-1057.0,-609.0,5778.0,-6268.0
-11991.0,-987.0,-1437.0,1399.0,7135.0,-6157.0
-12693.0,2.0,-643.0,1277.0,8029.0,-5562.0
-6280.0,1509.0,463.0,-675.0,7923.0,-3530.0
-4729.0,1452.0,421.0,-1231.0,6454.0,-848.0
-3646.0,1360.0,690.0,-422.0,3243.0,1434.0
-2609.0,1293.0,1124.0,131.0,-87.0,2714.0
-1590.0,1460.0,1401.0,249.0,-3000.0,3298.0
-782.0,1750.0,1468.0,307.0,-4903.0,3830.0
-647.0,2135.0,1622.0,681.0,-5894.0,4633.0
-666.0,2406.0,1473.0,945.0,-6511.0,5473.0
-521.0,2513.0,1154.0,1154.0,-6675.0,6162.0
-604.0,2507.0,919.0,1388.0,-6428.0,6598.0
-898.0,2374.0,524.0,1713.0,-6158.0,6793.0
-1020.0,2030.0,105.0,2102.0,-5762.0,6880.0
-977.0,1858.0,146.0,2434.0,-5123.0,7019.0
-443.0,1471.0,473.0,2711.0,-4231.0,7355.0
596.0,1564.0,259.0,2709.0,-4217.0,6414.0
1528.0,1895.0,-52.0,2444.0,-4501.0,5640.0
2767.0,1676.0,-1229.0,2220.0,-4994.0,4967.0
2895.0,1639.0,-1120.0,1979.0,-5070.0,4186.0
2679.0,1596.0,-1007.0,1340.0,-4724.0,3211.0
2446.0,1494.0,-752.0,550.0,-4050.0,2169.0
2258.0,1502.0,-706.0,-212.0,-3031.0,962.0
1502.0,1415.0,-742.0,-798.0,-1888.0,-286.0
101.0,1332.0,-562.0,-1174.0,-646.0,-1406.0
-2093.0,1432.0,313.0,-1505.0,527.0,-2401.0
-4434.0,1828.0,1826.0,-1943.0,1628.0,-3357.0
-6119.0,2267.0,3995.0,-2339.0,2944.0,-4378.0
-4703.0,562.0,7805.0,-2787.0,4321.0,-5479.0
1061.0,199.0,1626.0,-3369.0,5517.0,-6775.0
1727.0,1745.0,-5744.0,-4045.0,6412.0,-8416.0
-5522.0,336.0,-6199.0,-4819.0,7488.0,-10117.0
-15652.0,-2197.0,-2944.0,-5767.0,9757.0,-11227.0
-21234.0,-883.0,-2868.0,1171.0,22204.0,-8619.0
-17948.0,-371.0,-3445.0,4563.0,24099.0,-8827.0
-10961.0,1110.0,-3598.0,4636.0,21757.0,-8556.0
-3921.0,3166.0,-1153.0,2809.0,13133.0,-4813.0
-3259.0,2969.0,-740.0,719.0,4096.0,-2182.0
-3751.0,2516.0,-439.0,-878.0,-1882.0,594.0
-4228.0,1817.0,-95.0,-1245.0,-5000.0,3165.0
-4185.0,1423.0,615.0,-1521.0,-5220.0,4880.0
-3614.0,1387.0,1019.0,-1554.0,-5258.0,5266.0
-2796.0,1557.0,1200.0,-1286.0,-4535.0,4790.0
-1926.0,1746.0,1241.0,-1000.0,-3428.0,4129.0
-1235.0,1840.0,1031.0,-969.0,-3088.0,3839.0
-843.0,1713.0,794.0,-1034.0,-3774.0,3933.0
-597.0,1627.0,577.0,-862.0,-5201.0,4083.0
-502.0,1627.0,343.0,-624.0,-6739.0,4357.0
-609.0,1630.0,353.0,-341.0,-7546.0,4680.0
-479.0,1702.0,521.0,-289.0,-7462.0,4818.0
-18.0,1817.0,585.0,-271.0,-6679.0,4633.0
434.0,1912.0,516.0,157.0,-4382.0,2799.0
749.0,1980.0,495.0,307.0,-4151.0,2108.0
619.0,2016.0,506.0,405.0,-3727.0,1565.0
-75.0,2099.0,617.0,435.0,-3428.0,1071.0
-150.0,2161.0,858.0,349.0,-3112.0,536.0
-807.0,2228.0,751.0,209.0,-2578.0,-77.0
-2232.0,2314.0,833.0,68.0,-2311.0,-769.0
-3859.0,2434.0,1365.0,-101.0,-2052.0,-1505.0
-4994.0,2503.0,2501.0,-340.0,-1678.0,-2162.0
-5150.0,2333.0,4055.0,-779.0,-1128.0,-2776.0
-4343.0,1919.0,5293.0,-1284.0,-226.0,-3484.0
-1196.0,1452.0,5056.0,-1816.0,888.0,-4360.0
535.0,2200.0,1124.0,-2626.0,2039.0,-5484.0
-2096.0,1259.0,-2308.0,-3485.0,3330.0,-6661.0
-8261.0,400.0,-6648.0,-3967.0,5032.0,-7449.0
-16063.0,-1359.0,-8395.0,-3498.0,6959.0,-7670.0
-19591.0,-895.0,-5194.0,-1590.0,9501.0,-7429.0
-15580.0,434.0,-2473.0,1802.0,13275.0,-7373.0
-9242.0,490.0,-186.0,-1171.0,13528.0,-2939.0
-5536.0,1292.0,11.0,-1951.0,7135.0,420.0
-3585.0,1751.0,181.0,-1357.0,444.0,1972.0
-3409.0,1108.0,97.0,-1593.0,-6234.0,2478.0
-2855.0,1014.0,-201.0,-1324.0,-8695.0,3656.0
-2200.0,925.0,-185.0,-584.0,-7670.0,4999.0
-1551.0,988.0,232.0,-634.0,-6016.0,5615.0
-1153.0,1037.0,827.0,-909.0,-4863.0,5797.0
-632.0,1123.0,693.0,-1006.0,-4580.0,5862.0
-4.0,1176.0,446.0,-926.0,-4764.0,6002.0
552.0,1183.0,466.0,-790.0,-5172.0,6173.0
883.0,1282.0,429.0,-556.0,-5684.0,6244.0
1165.0,1429.0,150.0,-275.0,-6439.0,6115.0
883.0,1593.0,-82.0,129.0,-7112.0,5966.0
251.0,1783.0,-20.0,599.0,-7317.0,5817.0
-387.0,1512.0,371.0,871.0,-7154.0,5673.0
-362.0,1008.0,680.0,1095.0,-6729.0,5457.0
371.0,824.0,848.0,1434.0,-6548.0,5150.0
1118.0,1031.0,811.0,2430.0,-7114.0,4761.0
1837.0,1469.0,54.0,2356.0,-7548.0,4117.0
2322.0,1738.0,-694.0,2352.0,-7834.0,3216.0
2216.0,1981.0,-1509.0,2352.0,-8039.0,2459.0
2208.0,1991.0,-1107.0,1828.0,-7650.0,1782.0
1442.0,2083.0,-722.0,863.0,-6255.0,880.0
75.0,2300.0,216.0,-433.0,-4222.0,-497.0
-2101.0,2407.0,1858.0,-1393.0,-2333.0,-2026.0
-4166.0,2691.0,3717.0,-2048.0,-818.0,-3311.0
-5882.0,2654.0,7171.0,-2601.0,759.0,-4354.0
-5778.0,1199.0,8919.0,-3022.0,2561.0,-5345.0
-2936.0,-379.0,4533.0,-3432.0,4591.0,-6607.0
-809.0,-68.0,-3519.0,-4161.0,6960.0,-8441.0
-6212.0,2675.0,-11371.0,-4916.0,9739.0,-10289.0
-17619.0,1940.0,-9613.0,-5484.0,13996.0,-11431.0
-21897.0,-1625.0,-1391.0,-5638.0,18802.0,-11560.0
-16824.0,-221.0,-1919.0,-3626.0,22450.0,-10140.0
-10795.0,823.0,-329.0,-642.0,11593.0,-2873.0
-6114.0,2302.0,-778.0,-1975.0,649.0,1547.0
-1079.0,2751.0,280.0,-1399.0,-6593.0,3244.0
-1613.0,1973.0,546.0,-1360.0,-7824.0,4681.0
-1962.0,1688.0,566.0,-774.0,-7437.0,6790.0
-2025.0,1791.0,657.0,-985.0,-6908.0,7448.0
-1715.0,1952.0,551.0,-1028.0,-6699.0,6879.0
-1348.0,2006.0,510.0,-1578.0,-6223.0,5609.0
-877.0,1973.0,519.0,-1814.0,-4864.0,4579.0
-643.0,1817.0,619.0,-1238.0,-4406.0,4318.0
-582.0,1547.0,700.0,-456.0,-5025.0,4279.0
-421.0,1428.0,478.0,200.0,-5407.0,4088.0
-59.0,1453.0,248.0,459.0,-5627.0,3860.0
307.0,1615.0,138.0,364.0,-5783.0,3569.0
552.0,1761.0,151.0,157.0,-5532.0,3248.0
669.0,1882.0,137.0,-53.0,-5358.0,2778.0
731.0,2011.0,137.0,-114.0,-5194.0,2236.0
598.0,2031.0,285.0,79.0,-4227.0,567.0
86.0,2054.0,360.0,-18.0,-3734.0,6.0
-533.0,2199.0,276.0,-137.0,-3196.0,-599.0
-2770.0,2679.0,1493.0,-329.0,-2645.0,-1287.0
-3160.0,2484.0,2899.0,-572.0,-2212.0,-2055.0
-3399.0,1992.0,4378.0,-744.0,-1766.0,-2751.0
-3467.0,1447.0,5215.0,-1040.0,-901.0,-3446.0
-2831.0,1085.0,5039.0,-1523.0,77.0,-4408.0
-2320.0,1314.0,2994.0,-2345.0,1302.0,-5567.0
-3455.0,1751.0,-858.0,-3304.0,2773.0,-6649.0
-7236.0,520.0,-3026.0,-3752.0,4101.0,-7388.0
-11957.0,-739.0,-4296.0,-3475.0,5227.0,-7690.0
-15109.0,-594.0,-3576.0,-2122.0,6950.0,-7416.0
-13944.0,342.0,-1338.0,-12.0,9681.0,-6954.0
-9474.0,1009.0,221.0,2224.0,11782.0,-6634.0
-6297.0,1491.0,836.0,1723.0,12277.0,-5560.0
-4626.0,1964.0,719.0,-389.0,11151.0,-2869.0
-3758.0,1989.0,384.0,-1239.0,7105.0,379.0
-3344.0,1686.0,299.0,-466.0,-5490.0,2947.0
-2906.0,1529.0,620.0,2.0,-5849.0,3806.0
-2421.0,1529.0,1147.0,250.0,-5410.0,4822.0
-631.0,2117.0,1625.0,164.0,-4835.0,5521.0
-271.0,2224.0,1268.0,118.0,-4666.0,5934.0
81.0,2244.0,965.0,183.0,-4890.0,6059.0
237.0,2102.0,890.0,448.0,-5319.0,6103.0
149.0,2080.0,783.0,654.0,-5659.0,6265.0
-104.0,2052.0,422.0,982.0,-5730.0,6312.0
-194.0,2015.0,110.0,1356.0,-5707.0,6287.0
233.0,1914.0,-64.0,1536.0,-5371.0,6336.0
1151.0,1826.0,-70.0,1419.0,-4534.0,6253.0
1665.0,1707.0,103.0,1277.0,-3928.0,5891.0
1954.0,1592.0,108.0,1375.0,-4119.0,5417.0
1765.0,1624.0,-23.0,1391.0,-4516.0,4895.0
1639.0,1475.0,-114.0,1243.0,-4659.0,4214.0
1796.0,1491.0,-401.0,1126.0,-4810.0,3503.0
2123.0,1552.0,-632.0,1013.0,-4886.0,2911.0
2225.0,1539.0,-782.0,-134.0,-2779.0,187.0
1810.0,1542.0,-814.0,-832.0,-1880.0,-1101.0
644.0,1682.0,-1073.0,-1352.0,-1143.0,-2345.0
-3301.0,2031.0,2631.0,-1936.0,-260.0,-3482.0
-4706.0,2325.0,5270.0,-2448.0,670.0,-4563.0
-5455.0,937.0,9143.0,-2787.0,1519.0,-5658.0
-3144.0,-576.0,8340.0,-3192.0,2299.0,-7070.0
1396.0,-874.0,1602.0,-4228.0,3587.0,-8875.0
-214.0,1975.0,-7754.0,-5530.0,5481.0,-10460.0
-10885.0,-757.0,-9081.0,-6418.0,8913.0,-11161.0
-22180.0,-2845.0,-7774.0,-7132.0,13040.0,-11491.0
-25439.0,-45.0,-3148.0,-5677.0,16215.0,-11352.0
-14470.0,-70.0,-761.0,-784.0,20088.0,-9741.0
-7104.0,1055.0,127.0,5611.0,24158.0,-8997.0
-3541.0,2870.0,-535.0,4393.0,24203.0,-7747.0
-1848.0,3344.0,-138.0,-1134.0,17134.0,-2506.0
-2155.0,2896.0,410.0,-1170.0,8292.0,1822.0
-2211.0,2421.0,664.0,-436.0,-2570.0,1650.0
-1872.0,1678.0,967.0,804.0,-8660.0,5175.0
-1445.0,1398.0,980.0,191.0,-6504.0,5479.0
-1430.0,1526.0,1122.0,-198.0,-5558.0,4952.0
-2171.0,1805.0,675.0,-479.0,-4833.0,4455.0
-2010.0,1705.0,602.0,-570.0,-4174.0,4194.0
-1528.0,1527.0,394.0,-255.0,-3475.0,4152.0
-1167.0,1515.0,141.0,-42.0,-2891.0,4177.0
-990.0,1611.0,70.0,244.0,-2486.0,4184.0
-869.0,1711.0,19.0,281.0,-2038.0,4077.0
-975.0,1803.0,229.0,168.0,-1776.0,3872.0
-997.0,1818.0,378.0,141.0,-1718.0,3593.0
-942.0,1842.0,421.0,265.0,-1966.0,3199.0
-596.0,1856.0,283.0,393.0,-2394.0,2757.0
-169.0,1985.0,325.0,493.0,-2939.0,2360.0
234.0,2154.0,388.0,520.0,-3474.0,2023.0
498.0,2383.0,493.0,421.0,-4009.0,1658.0
508.0,2397.0,612.0,359.0,-4474.0,1278.0
-223.0,2353.0,768.0,274.0,-4617.0,809.0
-1552.0,2312.0,840.0,-309.0,-2485.0,-1067.0
-3302.0,2320.0,1115.0,-733.0,-829.0,-1677.0
-4785.0,2254.0,1889.0,-1192.0,893.0,-2427.0
-3442.0,1387.0,4489.0,-1526.0,2243.0,-3310.0
-2324.0,1580.0,2386.0,-1837.0,2980.0,-4303.0
-3607.0,1775.0,-518.0,-2207.0,3058.0,-5307.0
-7068.0,946.0,-1991.0,-2512.0,3210.0,-6067.0
-10481.0,-215.0,-1890.0,-2686.0,3537.0,-6506.0
-12520.0,-581.0,-453.0,-2304.0,4310.0,-6395.0
-11873.0,499.0,542.0,-671.0,5819.0,-5583.0
-9070.0,1329.0,1132.0,1067.0,7781.0,-4714.0
-6242.0,1544.0,1049.0,1025.0,8583.0,-3882.0
-4533.0,1746.0,780.0,-217.0,8076.0,-2149.0
-3625.0,1885.0,518.0,-641.0,5697.0,62.0
-3066.0,2037.0,515.0,-55.0,1304.0,1725.0
-2632.0,2049.0,581.0,412.0,-2590.0,2693.0
-2498.0,2144.0,918.0,409.0,-4816.0,3424.0
-2252.0,2145.0,1271.0,568.0,-5679.0,4375.0
-1850.0,2264.0,1281.0,1076.0,-5309.0,6022.0
-1238.0,2313.0,1070.0,1211.0,-5376.0,5959.0
-786.0,2298.0,915.0,1418.0,-5445.0,5878.0
-20.0,1966.0,356.0,1673.0,-5475.0,6013.0
92.0,1962.0,443.0,1947.0,-5445.0,6219.0
132.0,1891.0,385.0,2117.0,-5100.0,6301.0
427.0,1858.0,313.0,2079.0,-4908.0,6189.0
1025.0,1950.0,46.0,2101.0,-4623.0,5938.0
1478.0,2061.0,-298.0,2157.0,-4219.0,5580.0
1810.0,1939.0,-432.0,2055.0,-3570.0,5076.0
2019.0,1733.0,-533.0,1925.0,-3257.0,4522.0
2169.0,1652.0,-780.0,1664.0,-3156.0,3845.0
2120.0,1655.0,-804.0,1284.0,-2862.0,3009.0
2026.0,1611.0,-782.0,853.0,-2608.0,2152.0
1753.0,1612.0,-725.0,285.0,-2453.0,1231.0
1448.0,1691.0,-767.0,-421.0,-1957.0,191.0
180.0,1745.0,-833.0,-915.0,-1422.0,-840.0
-1516.0,1886.0,-105.0,-2849.0,917.0,-4725.0
-3371.0,1965.0,1426.0,-3409.0,1759.0,-5737.0
-1036.0,-1584.0,3493.0,-4181.0,2542.0,-7091.0
-800.0,1883.0,-4384.0,-5263.0,3918.0,-8710.0
-7248.0,304.0,-5694.0,-6466.0,6819.0,-9964.0
-14200.0,-2239.0,-5548.0,-7523.0,11325.0,-10473.0
-21053.0,-516.0,-5667.0,-7374.0,15791.0,-10728.0
-19588.0,939.0,-1937.0,-3112.0,18671.0,-9794.0
-10443.0,575.0,-177.0,3793.0,22086.0,-8938.0
-5881.0,1406.0,250.0,5237.0,23567.0,-9531.0
-3148.0,3145.0,102.0,-117.0,20200.0,-5274.0
-957.0,4128.0,54.0,-2747.0,11112.0,778.0
-692.0,3451.0,608.0,-2281.0,3201.0,3558.0
-1345.0,2286.0,962.0,-1856.0,-3217.0,3413.0
-1904.0,1573.0,1041.0,-1268.0,-7324.0,3471.0
-2102.0,1556.0,868.0,350.0,-8003.0,4439.0
-1971.0,1891.0,823.0,1115.0,-7572.0,5343.0
-1652.0,2036.0,580.0,-1125.0,-3455.0,3863.0
-1597.0,2046.0,134.0,-652.0,-2165.0,3599.0
-1919.0,1963.0,-17.0,49.0,-1837.0,3601.0
-1839.0,1495.0,19.0,459.0,-1713.0,3535.0
-1293.0,1557.0,-146.0,485.0,-1883.0,3478.0
-709.0,1749.0,-84.0,357.0,-2185.0,3385.0
-72.0,1867.0,-62.0,202.0,-2599.0,3193.0
454.0,1930.0,33.0,127.0,-3367.0,2929.0
552.0,2036.0,312.0,194.0,-4300.0,2576.0
516.0,2167.0,312.0,314.0,-5005.0,2257.0
202.0,2263.0,103.0,457.0,-5447.0,2006.0
-102.0,2291.0,233.0,538.0,-5604.0,1741.0
146.0,2232.0,524.0,540.0,-5494.0,1478.0
607.0,2287.0,665.0,521.0,-5329.0,1184.0
551.0,2483.0,581.0,501.0,-5178.0,815.0
-619.0,2364.0,949.0,387.0,-4979.0,399.0
-3118.0,2097.0,1434.0,83.0,-4388.0,-117.0
-6062.0,2181.0,2156.0,-366.0,-3166.0,-745.0
-7701.0,2094.0,3240.0,-1783.0,1384.0,-2983.0
-8192.0,1752.0,4635.0,-2584.0,2742.0,-4229.0
-5446.0,1112.0,2180.0,-3095.0,3275.0,-5674.0
-9354.0,-1094.0,3332.0,-3516.0,3560.0,-6866.0
-10104.0,-799.0,3928.0,-3825.0,4732.0,-7500.0
-9617.0,803.0,3218.0,-3199.0,5765.0,-7126.0
-8400.0,2147.0,2524.0,-765.0,5668.0,-5291.0
-7123.0,2647.0,1267.0,1694.0,5135.0,-4037.0
-5781.0,2539.0,580.0,476.0,6401.0,-3022.0
-4478.0,2322.0,826.0,-333.0,5439.0,-57.0
-3237.0,2488.0,768.0,671.0,1612.0,2222.0
-2392.0,2697.0,894.0,881.0,276.0,3772.0
-1768.0,2629.0,918.0,1086.0,-1088.0,5275.0
-1177.0,2376.0,828.0,1078.0,-2362.0,6411.0
-767.0,2231.0,715.0,772.0,-3212.0,6769.0
-420.0,2095.0,569.0,849.0,-3833.0,6721.0
-476.0,2125.0,603.0,1103.0,-4412.0,6695.0
-277.0,2174.0,315.0,1006.0,-4678.0,6606.0
-128.0,2261.0,193.0,1201.0,-4756.0,6603.0
-1.0,2222.0,187.0,1406.0,-4648.0,6589.0
305.0,2071.0,118.0,1652.0,-4339.0,6591.0
1857.0,1755.0,-208.0,1738.0,-3719.0,6383.0
2248.0,1809.0,-329.0,1581.0,-3479.0,5889.0
2295.0,1894.0,-304.0,1288.0,-3242.0,5219.0
2338.0,1835.0,-216.0,1005.0,-3185.0,4365.0
2347.0,1727.0,-352.0,828.0,-2949.0,3406.0
2315.0,1713.0,-579.0,719.0,-2672.0,2466.0
2198.0,1696.0,-560.0,612.0,-2359.0,1526.0
2152.0,1763.0,-460.0,424.0,-1861.0,566.0
1616.0,1672.0,-287.0,8.0,-1253.0,-424.0
89.0,1632.0,-151.0,-483.0,-538.0,-1397.0
-1713.0,1682.0,641.0,-876.0,189.0,-2370.0
-3672.0,1869.0,2017.0,-1277.0,960.0,-3412.0
-5198.0,2179.0,3706.0,-1648.0,1696.0,-4466.0
-5552.0,1543.0,5869.0,-2070.0,2417.0,-5462.0
-3223.0,458.0,6107.0,-2626.0,2948.0,-6577.0
-469.0,674.0,2642.0,-5159.0,5999.0,-10478.0
-1186.0,2194.0,-3904.0,-5952.0,9276.0,-10946.0
-7143.0,969.0,-6038.0,-5351.0,12611.0,-10898.0
-17621.0,561.0,-1490.0,-1968.0,14711.0,-9960.0
-12240.0,1419.0,-175.0,3023.0,17467.0,-9195.0
-7278.0,1662.0,173.0,4362.0,17556.0,-8814.0
-4542.0,2229.0,199.0,152.0,15427.0,-6060.0
-2726.0,3097.0,247.0,-1286.0,10588.0,-1663.0
-1585.0,3555.0,27.0,-409.0,2142.0,1125.0
-1196.0,3271.0,350.0,-821.0,-3355.0,2189.0
-1493.0,2380.0,1236.0,-1079.0,-6761.0,2811.0
-1756.0,1846.0,1531.0,-591.0,-7725.0,3654.0
-1789.0,1796.0,1498.0,92.0,-7651.0,4597.0
-1597.0,1888.0,1350.0,276.0,-7479.0,5161.0
-1319.0,2134.0,1078.0,-272.0,-6784.0,5078.0
-1341.0,2197.0,975.0,-1064.0,-5843.0,4584.0
-1309.0,2065.0,847.0,-1090.0,-5170.0,4104.0
-927.0,1925.0,532.0,824.0,-3407.0,3814.0
-609.0,1864.0,280.0,635.0,-3160.0,3597.0
86.0,1709.0,439.0,539.0,-3158.0,3317.0
593.0,1735.0,441.0,531.0,-3377.0,2988.0
824.0,1811.0,396.0,600.0,-3578.0,2679.0
1033.0,1871.0,100.0,602.0,-3675.0,2376.0
837.0,1887.0,121.0,449.0,-3562.0,1995.0
498.0,1906.0,350.0,277.0,-3163.0,1406.0
136.0,2037.0,560.0,153.0,-2716.0,701.0
-474.0,2091.0,943.0,80.0,-2264.0,2.0
-1390.0,2081.0,1299.0,-103.0,-1725.0,-699.0
-3135.0,2121.0,1510.0,-411.0,-990.0,-1465.0
-5084.0,2117.0,2450.0,-714.0,-303.0,-2257.0
-6985.0,2015.0,3898.0,-936.0,419.0,-2978.0
-8047.0,1608.0,5134.0,-1274.0,954.0,-3701.0
-7610.0,960.0,6303.0,-1793.0,1495.0,-4486.0
-5348.0,684.0,4031.0,-2341.0,2159.0,-5289.0
-3598.0,2651.0,347.0,-4381.0,5604.0,-7609.0
-4378.0,2747.0,-2362.0,-3981.0,7718.0,-7386.0
-6386.0,-447.0,-1731.0,-2226.0,8515.0,-6436.0
-10879.0,2112.0,-23.0,1222.0,10009.0,-5061.0
-9264.0,2226.0,-603.0,3919.0,11420.0,-5054.0
-7268.0,1780.0,-902.0,1632.0,10966.0,-4803.0
-5700.0,1695.0,-738.0,-816.0,10175.0,-1941.0
-4545.0,1804.0,-469.0,37.0,7019.0,1721.0
-3499.0,2062.0,-551.0,692.0,3922.0,4463.0
-2559.0,2176.0,-501.0,65.0,1516.0,6019.0
-1615.0,1920.0,-213.0,-618.0,-1074.0,6698.0
-916.0,1643.0,121.0,-659.0,-3044.0,6721.0
-396.0,1587.0,340.0,-389.0,-4679.0,6377.0
-82.0,1804.0,550.0,-54.0,-6404.0,6104.0
60.0,1942.0,574.0,115.0,-7770.0,6018.0
229.0,1940.0,561.0,-59.0,-8273.0,5889.0
159.0,1973.0,366.0,-95.0,-8198.0,5727.0
194.0,1916.0,161.0,213.0,-7915.0,5625.0
210.0,1901.0,-9.0,1252.0,-5609.0,5349.0
280.0,1931.0,-111.0,1349.0,-4943.0,5097.0
292.0,1815.0,0.0,1431.0,-4497.0,4688.0
1177.0,1783.0,-7.0,1459.0,-3953.0,4246.0
1598.0,1952.0,-70.0,1518.0,-3442.0,3793.0
2014.0,2057.0,-243.0,1424.0,-3017.0,3306.0
2331.0,2127.0,-435.0,1169.0,-2933.0,2601.0
2338.0,2112.0,-550.0,981.0,-2944.0,1746.0
1574.0,2066.0,-715.0,738.0,-2982.0,852.0
-345.0,2108.0,-395.0,342.0,-2901.0,-68.0
-2288.0,2363.0,905.0,-255.0,-2494.0,-1039.0
-4332.0,2675.0,2972.0,-907.0,-1778.0,-2016.0
-5866.0,2625.0,5640.0,-1509.0,-577.0,-2994.0
-4620.0,1479.0,8040.0,-2121.0,1100.0,-4096.0
-693.0,554.0,7270.0,-2733.0,2763.0,-5513.0
3362.0,2069.0,269.0,-3593.0,4265.0,-7379.0
834.0,2190.0,-6250.0,-4718.0,6541.0,-9133.0
-9247.0,-1448.0,-8186.0,-5767.0,9370.0,-10242.0
-19437.0,-2206.0,-8828.0,1356.0,17749.0,-8918.0
-24368.0,386.0,-3549.0,5316.0,21801.0,-8692.0
-14493.0,539.0,-1596.0,1988.0,21725.0,-6867.0
-2130.0,3495.0,-485.0,-1847.0,15766.0,-1981.0
-1612.0,2915.0,783.0,-1025.0,7825.0,1427.0
-1335.0,2372.0,874.0,-435.0,-2050.0,1074.0
-1054.0,1964.0,1175.0,-1414.0,-10397.0,1333.0
-854.0,1763.0,1432.0,-412.0,-12917.0,2925.0
-792.0,1845.0,1390.0,618.0,-12378.0,4436.0
-966.0,2024.0,1254.0,72.0,-10504.0,4994.0
-1251.0,1997.0,976.0,-473.0,-8961.0,4374.0
-1479.0,1914.0,718.0,-305.0,-7495.0,3829.0
-1722.0,1805.0,486.0,-312.0,-5705.0,3563.0
-1907.0,1764.0,288.0,-65.0,-4306.0,3601.0
-1910.0,1751.0,161.0,324.0,-3143.0,3671.0
-1809.0,1756.0,116.0,457.0,-2088.0,3606.0
-1463.0,1632.0,94.0,422.0,-1425.0,3524.0
-968.0,1666.0,289.0,366.0,-1025.0,3354.0
-361.0,1914.0,423.0,395.0,-1721.0,2382.0
-80.0,2129.0,355.0,353.0,-2426.0,1913.0
78.0,2204.0,343.0,403.0,-3069.0,1578.0
75.0,2231.0,241.0,544.0,-3364.0,1288.0
183.0,2297.0,403.0,614.0,-3299.0,967.0
-66.0,2419.0,621.0,470.0,-3123.0,664.0
-969.0,2492.0,891.0,170.0,-2696.0,240.0
-2506.0,2447.0,1101.0,-121.0,-2174.0,-362.0
-4526.0,2467.0,1752.0,-352.0,-1570.0,-1070.0
-5924.0,2361.0,3221.0,-614.0,-590.0,-1814.0
-5900.0,2133.0,4663.0,-881.0,702.0,-2530.0
-4371.0,1808.0,4480.0,-1187.0,1829.0,-3264.0
-2740.0,2208.0,1966.0,-1632.0,2959.0,-4122.0
-3416.0,2667.0,-222.0,-2132.0,4059.0,-5155.0
-6193.0,1437.0,-1036.0,-2643.0,5064.0,-6217.0
-9291.0,-376.0,-1388.0,-2917.0,6536.0,-6905.0
-11727.0,-294.0,-1885.0,-2250.0,7594.0,-6798.0
-12714.0,1008.0,-1669.0,-284.0,8134.0,-6053.0
-11504.0,1824.0,-1122.0,337.0,10747.0,-3459.0
-8863.0,1807.0,-615.0,-423.0,8680.0,-844.0
-6618.0,1587.0,-284.0,-174.0,4761.0,1378.0
-2391.0,1797.0,-131.0,-213.0,648.0,2959.0
-1562.0,1703.0,159.0,-627.0,-2875.0,3864.0
-1146.0,1725.0,520.0,-911.0,-5458.0,4398.0
-927.0,1943.0,542.0,-597.0,-6896.0,4933.0
-627.0,1991.0,616.0,-259.0,-7423.0,5453.0
-389.0,2118.0,692.0,-249.0,-7409.0,5821.0
-300.0,2150.0,698.0,-244.0,-7075.0,6064.0
-258.0,2244.0,461.0,-162.0,-6707.0,6144.0
-467.0,2195.0,465.0,122.0,-6417.0,6100.0
-754.0,1977.0,392.0,468.0,-6049.0,6177.0
-513.0,1669.0,226.0,816.0,-5720.0,6288.0
332.0,1578.0,254.0,1106.0,-5684.0,6232.0
1346.0,1643.0,355.0,1348.0,-5547.0,6099.0
2017.0,1758.0,58.0,1564.0,-5521.0,6036.0
2232.0,1747.0,-204.0,1577.0,-6842.0,3498.0
2382.0,1729.0,-246.0,1409.0,-7063.0,2974.0
2855.0,1379.0,-709.0,933.0,-6862.0,2246.0
2464.0,1323.0,-459.0,164.0,-6040.0,1165.0
1972.0,1392.0,-224.0,-481.0,-4869.0,25.0
429.0,1428.0,170.0,-1052.0,-3582.0,-1125.0
-2026.0,1713.0,1022.0,-1695.0,-2031.0,-2294.0
-4812.0,2294.0,3023.0,-2172.0,-514.0,-3500.0
-6959.0,2434.0,6595.0,-2568.0,723.0,-4729.0
-8144.0,1093.0,8753.0,-2908.0,1927.0,-5886.0
-6729.0,-595.0,6464.0,-3323.0,3292.0,-7030.0
-3890.0,240.0,24.0,-3936.0,4497.0,-8419.0
-6054.0,3784.0,-6007.0,-4659.0,6292.0,-9906.0
-12474.0,1968.0,-5185.0,-5856.0,9898.0,-11059.0
-15344.0,-4005.0,3459.0,-6848.0,13702.0,-11552.0
-14176.0,-668.0,1479.0,-5353.0,15442.0,-10980.0
-11065.0,702.0,2715.0,-801.0,16631.0,-9143.0
-6932.0,1638.0,1730.0,-1141.0,8888.0,-5236.0
-3882.0,2343.0,1207.0,-1851.0,1960.0,1097.0
-2593.0,2969.0,1106.0,-540.0,-5155.0,4181.0
-3070.0,2583.0,1228.0,-499.0,-5231.0,5248.0
-3296.0,1414.0,1452.0,455.0,-4535.0,5877.0
-2833.0,979.0,1275.0,1073.0,-4265.0,5607.0
-2018.0,1209.0,1061.0,1593.0,-4160.0,5208.0
-1051.0,1539.0,1200.0,1434.0,-4252.0,5046.0
-371.0,1678.0,1266.0,328.0,-5030.0,4600.0
-204.0,1618.0,1266.0,-413.0,-5491.0,4115.0
-542.0,1697.0,1157.0,80.0,-5513.0,3921.0
-1092.0,1723.0,996.0,1215.0,-5541.0,3750.0
-1552.0,1772.0,440.0,2025.0,-5017.0,3469.0
-1628.0,1695.0,115.0,2206.0,-4294.0,3176.0
-1026.0,1585.0,2.0,2141.0,-3591.0,3011.0
-251.0,1619.0,-42.0,2193.0,-3108.0,3034.0
556.0,1831.0,-52.0,2240.0,-2780.0,3057.0
1246.0,2048.0,-80.0,2198.0,-3129.0,2876.0
1779.0,2313.0,-189.0,1124.0,-4625.0,1377.0
2178.0,2514.0,-264.0,1032.0,-5166.0,793.0
2500.0,2492.0,-140.0,854.0,-5397.0,196.0
-2041.0,2242.0,908.0,512.0,-5141.0,-435.0
-4540.0,2331.0,2349.0,5.0,-4238.0,-1087.0
-6706.0,2340.0,4570.0,-708.0,-2669.0,-1766.0
-7384.0,1809.0,5227.0,-1511.0,-325.0,-2574.0
-5925.0,1008.0,4745.0,-2179.0,2005.0,-3594.0
-3747.0,1497.0,399.0,-2673.0,3391.0,-5039.0
-5160.0,3425.0,-3051.0,-3257.0,4471.0,-6831.0
-9097.0,2125.0,-2788.0,-4105.0,6290.0,-8306.0
-10458.0,-3405.0,2761.0,-4526.0,7447.0,-8831.0
-10248.0,-1529.0,2618.0,-3586.0,7968.0,-8444.0
-9375.0,797.0,2711.0,-953.0,8106.0,-7250.0
-7186.0,2100.0,1770.0,3095.0,7408.0,-6008.0
-5656.0,2506.0,891.0,3867.0,6767.0,-6048.0
-4917.0,2397.0,557.0,-365.0,5472.0,-3560.0
-4282.0,2240.0,689.0,-538.0,3115.0,658.0
-3902.0,2270.0,717.0,1815.0,-2835.0,6045.0
-3572.0,2123.0,969.0,1520.0,-3506.0,6628.0
-3340.0,1715.0,1362.0,1242.0,-3795.0,6483.0
-65.0,1512.0,1373.0,1357.0,-4653.0,6174.0
733.0,1611.0,1184.0,1392.0,-5805.0,5976.0
1269.0,1788.0,877.0,1219.0,-6338.0,5823.0
1760.0,1902.0,551.0,1311.0,-6600.0,5696.0
2304.0,2120.0,34.0,1696.0,-6501.0,5633.0
2210.0,2537.0,-352.0,2074.0,-6041.0,5430.0
2221.0,2783.0,-810.0,2457.0,-5530.0,5156.0
2194.0,2703.0,-906.0,2805.0,-5499.0,4889.0
1999.0,2640.0,-670.0,3051.0,-4939.0,4635.0
2061.0,2553.0,-896.0,3233.0,-4256.0,4371.0
2155.0,2426.0,-633.0,3419.0,-4161.0,4081.0
2516.0,2364.0,-177.0,3349.0,-3849.0,3853.0
2805.0,2298.0,64.0,2835.0,-3095.0,3660.0
3091.0,2300.0,-42.0,2324.0,-2823.0,3407.0
3350.0,2416.0,-110.0,2022.0,-3168.0,3005.0
3439.0,2718.0,-348.0,-28.0,-3176.0,-46.0
3024.0,2987.0,-904.0,-703.0,-2915.0,-1279.0
1186.0,2613.0,-766.0,-1382.0,-2033.0,-2496.0
-6634.0,3257.0,5256.0,-2040.0,-519.0,-3569.0
-7883.0,1523.0,8405.0,-2468.0,1569.0,-4392.0
-5692.0,852.0,5769.0,-3239.0,4082.0,-5370.0
-2075.0,1714.0,3880.0,-4218.0,6676.0,-6850.0
-48.0,2666.0,-2502.0,-4684.0,10397.0,-8360.0
-3371.0,1245.0,-8719.0,-5199.0,15614.0,-9826.0
-10989.0,-148.0,-10800.0,-5909.0,20246.0,-11299.0
-18493.0,-562.0,-10272.0,-3451.0,21040.0,-10700.0
-17563.0,139.0,-5185.0,1232.0,22815.0,-7911.0
-10616.0,611.0,-1837.0,6376.0,25027.0,-7510.0
-5570.0,983.0,-713.0,6145.0,24417.0,-8194.0
-2873.0,2376.0,-221.0,642.0,17540.0,-6095.0
-297.0,3660.0,-322.0,-3291.0,8063.0,-1624.0
1002.0,4009.0,-167.0,-4411.0,693.0,3534.0
1251.0,3109.0,396.0,-3458.0,-5999.0,5406.0
641.0,1808.0,1528.0,169.0,-14123.0,4743.0
281.0,1517.0,1904.0,503.0,-14965.0,4617.0
133.0,2102.0,1895.0,-440.0,-15275.0,4332.0
647.0,2946.0,877.0,-1517.0,-13536.0,3761.0
-33.0,2594.0,548.0,-1170.0,-11712.0,3428.0
-675.0,2124.0,365.0,344.0,-10306.0,3567.0
-972.0,1808.0,517.0,1449.0,-8351.0,3792.0
-736.0,1764.0,640.0,1918.0,-6386.0,3926.0
-7.0,1902.0,472.0,1809.0,-4876.0,3959.0
625.0,2064.0,463.0,1289.0,-3537.0,3676.0
1029.0,2068.0,446.0,855.0,-2517.0,3039.0
1155.0,2098.0,216.0,626.0,-1755.0,2145.0
1300.0,2150.0,-39.0,537.0,-1690.0,1192.0
1228.0,2174.0,-203.0,459.0,-2018.0,319.0
271.0,2104.0,-274.0,181.0,-2247.0,-350.0
-1449.0,2339.0,8.0,-285.0,-2202.0,-885.0
-3243.0,2580.0,1241.0,-708.0,-1894.0,-1457.0
-4806.0,2637.0,3526.0,-2437.0,4701.0,-4631.0
-5296.0,2042.0,6007.0,-2974.0,7189.0,-6210.0
-5767.0,3013.0,-8256.0,-3910.0,10719.0,-7729.0
-12299.0,985.0,-6269.0,-4554.0,14387.0,-8590.0
-15783.0,-2036.0,-2647.0,-3824.0,16521.0,-8416.0
-15225.0,180.0,-2605.0,-1308.0,18109.0,-7308.0
-11175.0,654.0,-731.0,2873.0,19994.0,-6763.0
-6883.0,1220.0,-574.0,6043.0,18988.0,-7527.0
-3880.0,2203.0,-489.0,2699.0,14332.0,-6987.0
-2403.0,3277.0,-157.0,-2618.0,8060.0,-3255.0
-1466.0,3836.0,-285.0,-2803.0,847.0,1793.0
-1646.0,3273.0,241.0,-2328.0,-5688.0,4205.0
-2369.0,2012.0,1168.0,-2363.0,-7897.0,4693.0
-2441.0,1596.0,1479.0,-1155.0,-8080.0,5258.0
-1984.0,1888.0,1419.0,-294.0,-7702.0,5447.0
-1346.0,2425.0,1188.0,-156.0,-8148.0,5549.0
-905.0,2798.0,1060.0,-867.0,-7788.0,5710.0
-719.0,2695.0,932.0,-714.0,-6573.0,4871.0
-922.0,2330.0,841.0,259.0,-6589.0,5102.0
-1031.0,2009.0,578.0,735.0,-6175.0,5379.0
883.0,1990.0,508.0,648.0,-5908.0,5603.0
1418.0,2108.0,297.0,275.0,-5658.0,5551.0
1606.0,2004.0,207.0,153.0,-5509.0,5263.0
1979.0,1952.0,122.0,344.0,-5294.0,4720.0
2278.0,2108.0,67.0,422.0,-4982.0,4011.0
2425.0,2170.0,103.0,357.0,-4654.0,3382.0
2376.0,2000.0,222.0,325.0,-4630.0,2935.0
2133.0,1850.0,235.0,111.0,-4614.0,2368.0
1817.0,1677.0,416.0,-165.0,-4103.0,1514.0
1019.0,1580.0,537.0,-338.0,-3411.0,588.0
-809.0,1682.0,592.0,-650.0,-2791.0,-300.0
-2816.0,1794.0,1369.0,-1280.0,-1964.0,-1273.0
-4729.0,2067.0,2844.0,-1882.0,-1080.0,-2330.0
-6065.0,2039.0,5156.0,-2358.0,-228.0,-3384.0
-5916.0,1001.0,6565.0,-2799.0,774.0,-4419.0
-4281.0,233.0,5107.0,-4797.0,4002.0,-8500.0
-1715.0,553.0,2109.0,-5543.0,7243.0,-9153.0
-3152.0,2698.0,-3852.0,-5782.0,10778.0,-9325.0
-13380.0,-1589.0,-746.0,-4287.0,12523.0,-8925.0
-12418.0,527.0,275.0,-1020.0,14140.0,-7921.0
-9155.0,1292.0,1128.0,3637.0,16055.0,-7651.0
-6330.0,1698.0,1197.0,4463.0,14746.0,-7783.0
-4069.0,1886.0,1289.0,-387.0,12555.0,-6136.0
-2494.0,2529.0,1189.0,-1565.0,8349.0,-1891.0
-1276.0,3438.0,972.0,-37.0,-198.0,2260.0
-697.0,3900.0,774.0,-412.0,-3766.0,4796.0
-747.0,3410.0,1147.0,-664.0,-5162.0,5745.0
-924.0,2476.0,1678.0,-324.0,-5439.0,5782.0
-915.0,1996.0,1641.0,463.0,-5363.0,5396.0
-638.0,2098.0,1173.0,1207.0,-5135.0,5054.0
-566.0,2222.0,1040.0,1154.0,-4660.0,4857.0
-348.0,2255.0,919.0,333.0,-4620.0,4757.0
-337.0,2191.0,831.0,-618.0,-4512.0,4542.0
-174.0,2007.0,701.0,723.0,-3627.0,4080.0
-46.0,1891.0,582.0,630.0,-3161.0,3588.0
-53.0,1884.0,491.0,468.0,-2757.0,3149.0
310.0,1813.0,439.0,181.0,-2403.0,2656.0
668.0,1908.0,537.0,-136.0,-1880.0,1966.0
673.0,2011.0,706.0,-318.0,-1533.0,1254.0
268.0,2047.0,896.0,-568.0,-1482.0,541.0
-909.0,2097.0,952.0,-876.0,-1537.0,-234.0
-2893.0,2210.0,1063.0,-1115.0,-1595.0,-961.0
-4689.0,2186.0,1837.0,-1296.0,-1434.0,-1633.0
-5910.0,1774.0,3589.0,-1472.0,-952.0,-2261.0
-6188.0,919.0,4213.0,-1764.0,-156.0,-2894.0
-6475.0,717.0,2310.0,-2111.0,1171.0,-3583.0
-5997.0,1372.0,1141.0,-2491.0,3098.0,-4360.0
-5886.0,3024.0,-2232.0,-3124.0,5815.0,-5288.0
-7117.0,2934.0,-2997.0,-3859.0,9765.0,-6289.0
-8164.0,-1237.0,-444.0,-3778.0,13096.0,-7000.0
-9013.0,-1556.0,-1396.0,-2162.0,12642.0,-7061.0
-10518.0,151.0,-1116.0,4150.0,11453.0,-6479.0
-9931.0,1297.0,-746.0,135.0,9132.0,-4831.0
-8017.0,1556.0,-550.0,-1941.0,5356.0,-1364.0
-4187.0,2115.0,-507.0,-1101.0,1403.0,2344.0
-3373.0,1568.0,-379.0,-746.0,230.0,5050.0
-2727.0,1223.0,215.0,-875.0,-743.0,6043.0
-2181.0,1279.0,1012.0,-874.0,-1711.0,6023.0
-1827.0,1490.0,1627.0,-658.0,-2827.0,5745.0
-1337.0,1819.0,1726.0,-680.0,-4324.0,5727.0
-662.0,2040.0,1367.0,-1142.0,-5505.0,5768.0
-276.0,2093.0,1186.0,-1383.0,-6010.0,5633.0
-298.0,2096.0,1036.0,-903.0,-5964.0,5610.0
-480.0,2044.0,731.0,-237.0,-6168.0,5831.0
-580.0,1962.0,488.0,362.0,-6322.0,6104.0
-524.0,1902.0,225.0,819.0,-5919.0,6357.0
-140.0,1908.0,-70.0,1013.0,-5135.0,6566.0
437.0,1869.0,15.0,1018.0,-4434.0,6522.0
1084.0,1859.0,128.0,1063.0,-4231.0,6207.0
1462.0,1918.0,-28.0,1174.0,-5554.0,4315.0
1693.0,1944.0,-59.0,1127.0,-6212.0,3483.0
2100.0,2010.0,23.0,933.0,-6972.0,2583.0
2459.0,2402.0,-962.0,747.0,-7565.0,1704.0
1473.0,2268.0,-1103.0,418.0,-7973.0,789.0
-80.0,2349.0,-349.0,-59.0,-7632.0,-203.0
-1307.0,2520.0,1225.0,-525.0,-6639.0,-1073.0
-2269.0,2640.0,3254.0,-1038.0,-5183.0,-1835.0
-3279.0,2516.0,5792.0,-1679.0,-3022.0,-2689.0
-3674.0,1344.0,6623.0,-2421.0,-676.0,-3874.0
-4041.0,304.0,3578.0,-3037.0,1455.0,-5520.0
-5022.0,201.0,-461.0,-3747.0,3705.0,-7445.0
-8596.0,1904.0,-6432.0,-4696.0,6871.0,-9089.0
-15675.0,995.0,-5470.0,-5498.0,11249.0,-9875.0
-17961.0,-1617.0,-2947.0,-5283.0,14924.0,-10015.0
-12420.0,-2212.0,-354.0,-2905.0,16852.0,-9629.0
-7984.0,-992.0,1582.0,858.0,17330.0,-9354.0
-3607.0,1056.0,2261.0,-4610.0,-6244.0,2839.0
-1491.0,3470.0,2174.0,-3188.0,-9478.0,6229.0
-2464.0,1264.0,2181.0,-591.0,-6999.0,6124.0
-1503.0,990.0,2506.0,1761.0,-3288.0,4748.0
-631.0,1612.0,2257.0,2721.0,-1717.0,4231.0
94.0,2129.0,1996.0,2207.0,-1868.0,4738.0
274.0,2307.0,1702.0,-333.0,-2157.0,4984.0
77.0,2220.0,1301.0,-2393.0,-3009.0,4453.0
-300.0,2067.0,930.0,-1658.0,-3875.0,3984.0
-702.0,2091.0,837.0,224.0,-4325.0,4040.0
-588.0,2124.0,760.0,1295.0,-3819.0,4275.0
-132.0,2165.0,451.0,1460.0,-2460.0,4358.0
262.0,2160.0,245.0,1277.0,-1311.0,4247.0
302.0,2071.0,278.0,900.0,-467.0,3995.0
295.0,1935.0,258.0,656.0,-190.0,3661.0
298.0,1990.0,197.0,510.0,-380.0,3190.0
513.0,2197.0,327.0,234.0,-663.0,2626.0
718.0,2327.0,504.0,-740.0,-1861.0,636.0
670.0,2339.0,586.0,-689.0,-1807.0,-247.0
49.0,2244.0,593.0,-596.0,-1104.0,-1058.0
-5806.0,2265.0,924.0,-725.0,206.0,-1788.0
-6413.0,2807.0,2196.0,-1038.0,1912.0,-2525.0
-5896.0,2897.0,3829.0,-1393.0,3905.0,-3323.0
-4247.0,1931.0,4647.0,-1629.0,5292.0,-4313.0
-3113.0,1674.0,1127.0,-1636.0,4990.0,-5647.0
-5239.0,1917.0,-1410.0,-1528.0,3695.0,-7118.0
-9046.0,-328.0,493.0,-1555.0,3242.0,-8098.0
-11187.0,-1422.0,986.0,-2097.0,2589.0,-8516.0
-11803.0,-633.0,1171.0,-2636.0,2537.0,-8184.0
-9748.0,720.0,2072.0,-1221.0,2537.0,-7174.0
-7247.0,1391.0,2433.0,1173.0,2077.0,-6664.0
-5326.0,1923.0,2247.0,117.0,2922.0,-6064.0
-3911.0,2153.0,1756.0,-1265.0,2962.0,-3385.0
-3440.0,1954.0,1426.0,-615.0,-623.0,-126.0
-3020.0,1685.0,1098.0,-110.0,-2594.0,2066.0
-2529.0,1571.0,1083.0,1324.0,-2469.0,4309.0
-1982.0,1678.0,1220.0,1426.0,-2032.0,4883.0
-1303.0,1940.0,1489.0,1289.0,-1946.0,5574.0
-259.0,2596.0,1261.0,1215.0,-2248.0,6165.0
-47.0,2435.0,1077.0,1272.0,-2898.0,6425.0
-86.0,2279.0,1005.0,1620.0,-3914.0,6436.0
-63.0,1971.0,623.0,2100.0,-4780.0,6414.0
70.0,1717.0,435.0,2448.0,-5063.0,6582.0
608.0,1485.0,396.0,2549.0,-4743.0,6824.0
1169.0,1487.0,199.0,2425.0,-4183.0,6901.0
1439.0,1538.0,-58.0,2319.0,-3875.0,6743.0
1522.0,1566.0,-64.0,2163.0,-4131.0,6294.0
1821.0,1614.0,-314.0,2023.0,-4319.0,5576.0
2130.0,1607.0,-581.0,1928.0,-4492.0,4799.0
2464.0,1701.0,-797.0,1914.0,-4524.0,4140.0
2428.0,1967.0,-882.0,1743.0,-4443.0,3356.0
1960.0,2176.0,-885.0,1210.0,-3938.0,2244.0
1541.0,2196.0,-637.0,612.0,-3172.0,1049.0
1362.0,2125.0,-287.0,-617.0,-58.0,-1801.0
617.0,2137.0,-236.0,-1009.0,1064.0,-2627.0
-900.0,2291.0,159.0,-1559.0,1839.0,-3560.0
-4521.0,2407.0,6361.0,-2153.0,2460.0,-4519.0
-4212.0,623.0,8378.0,-2667.0,3115.0,-5489.0
-2215.0,-813.0,5951.0,-3197.0,3999.0,-6678.0
466.0,-9.0,-1040.0,-3988.0,5656.0,-8200.0
-2529.0,2109.0,-8796.0,-4942.0,8820.0,-9603.0
-10804.0,557.0,-10443.0,-5766.0,12916.0,-10665.0
-18378.0,-2537.0,-6373.0,-5780.0,16717.0,-11414.0
-20564.0,-376.0,-5263.0,-3232.0,18875.0,-11024.0
-15352.0,433.0,-2530.0,1868.0,22735.0,-8951.0
-8894.0,733.0,-1329.0,7382.0,25578.0,-7913.0
-5079.0,1740.0,-799.0,6668.0,21726.0,-8123.0
-2878.0,3094.0,-609.0,1220.0,13956.0,-5793.0
-1498.0,3739.0,-622.0,-83.0,6767.0,-910.0
-1530.0,3166.0,-802.0,-550.0,-3544.0,1831.0
-2528.0,1891.0,-426.0,-1451.0,-9117.0,2766.0
-2658.0,1138.0,-137.0,226.0,-9320.0,5411.0
-2392.0,1320.0,-194.0,-335.0,-7949.0,5049.0
-2076.0,1827.0,387.0,-1384.0,-6353.0,4238.0
-1235.0,1929.0,1175.0,-1787.0,-5011.0,3558.0
-1138.0,1744.0,1107.0,-1008.0,-5257.0,3452.0
-1050.0,1757.0,717.0,-151.0,-6146.0,3574.0
-915.0,1898.0,190.0,99.0,-6115.0,3644.0
-759.0,1995.0,126.0,110.0,-6398.0,3770.0
-205.0,2008.0,138.0,254.0,-6794.0,3922.0
352.0,2078.0,-60.0,258.0,-6278.0,3987.0
585.0,2108.0,94.0,306.0,-5774.0,3834.0
709.0,2120.0,518.0,597.0,-5570.0,3511.0
681.0,2183.0,763.0,651.0,-5524.0,3086.0
812.0,2268.0,750.0,472.0,-5515.0,2619.0
1126.0,2394.0,799.0,418.0,-5625.0,2250.0
1331.0,2468.0,834.0,370.0,-5888.0,1895.0
708.0,2443.0,1097.0,152.0,-5754.0,1439.0
-805.0,2315.0,1577.0,-100.0,-5355.0,953.0
-3420.0,2423.0,2302.0,-1406.0,-1860.0,-928.0
-5823.0,2344.0,4180.0,-2035.0,384.0,-1818.0
-6894.0,1018.0,5007.0,-2658.0,2907.0,-2868.0
-7322.0,3424.0,1151.0,-3250.0,5467.0,-4073.0
-7916.0,2303.0,2552.0,-3875.0,7947.0,-5344.0
-7025.0,33.0,3831.0,-4536.0,10301.0,-6421.0
-6456.0,586.0,3035.0,-3440.0,9525.0,-6580.0
-6688.0,1772.0,2381.0,-885.0,7343.0,-5469.0
-6983.0,2433.0,1324.0,1249.0,7581.0,-4440.0
-6842.0,2393.0,329.0,2253.0,7427.0,-3692.0
-5845.0,2112.0,148.0,1061.0,5622.0,-2094.0
-4627.0,1966.0,393.0,1322.0,4236.0,225.0
-3523.0,2163.0,427.0,2008.0,2869.0,1971.0
-2614.0,2306.0,410.0,1808.0,1728.0,3604.0
-1687.0,2238.0,394.0,1204.0,28.0,4965.0
-954.0,2072.0,451.0,540.0,-1564.0,5757.0
-232.0,1978.0,643.0,187.0,-3031.0,6068.0
439.0,2016.0,736.0,247.0,-6844.0,6112.0
899.0,2090.0,764.0,434.0,-6652.0,5965.0
105.0,2210.0,-452.0,786.0,-6174.0,5780.0
178.0,1769.0,-10.0,1143.0,-5697.0,5581.0
721.0,1600.0,619.0,1504.0,-4939.0,5498.0
1130.0,1775.0,727.0,1837.0,-4078.0,5501.0
1620.0,1953.0,652.0,1890.0,-3312.0,5419.0
2203.0,2118.0,314.0,1672.0,-2795.0,4949.0
2707.0,2233.0,-457.0,1459.0,-2594.0,4200.0
2979.0,2202.0,-1010.0,1303.0,-2683.0,3406.0
2963.0,2196.0,-1235.0,1303.0,-3199.0,2698.0
2786.0,2130.0,-1129.0,979.0,-3659.0,1946.0
2087.0,2011.0,-1034.0,421.0,-3236.0,1018.0
1016.0,1934.0,-847.0,-147.0,-2537.0,-51.0
-147.0,2054.0,81.0,-739.0,-1453.0,-1173.0
-1837.0,2045.0,1162.0,-1197.0,-29.0,-2310.0
-4137.0,2241.0,2772.0,-1514.0,1490.0,-3404.0
-6023.0,2145.0,5274.0,-2388.0,5706.0,-7016.0
-6536.0,1703.0,7860.0,-2998.0,6729.0,-8624.0
-4605.0,928.0,8605.0,-3802.0,7449.0,-10328.0
-1080.0,2075.0,-11340.0,-4816.0,9161.0,-11341.0
-14033.0,-3534.0,-11540.0,-5770.0,12153.0,-11387.0
-23809.0,-2266.0,-8522.0,-5064.0,14972.0,-10846.0
-21283.0,820.0,-4598.0,-2204.0,18767.0,-10000.0
-9840.0,241.0,-1719.0,3155.0,22915.0,-9466.0
-5734.0,1478.0,-1290.0,4913.0,25314.0,-8142.0
-3640.0,2698.0,-1544.0,489.0,20067.0,-4554.0
-3246.0,2446.0,-191.0,-1489.0,12951.0,149.0
-2611.0,2341.0,260.0,544.0,5021.0,-502.0
-1440.0,2385.0,630.0,-561.0,-7680.0,-779.0
-496.0,2228.0,1273.0,-1636.0,-13829.0,1831.0
-407.0,2027.0,1757.0,-495.0,-14311.0,4343.0
-739.0,2015.0,1645.0,-532.0,-12238.0,5509.0
-948.0,2088.0,1339.0,-876.0,-11168.0,5162.0
-750.0,2118.0,1078.0,-453.0,-10578.0,4805.0
-533.0,2224.0,934.0,-163.0,-6480.0,4209.0
-672.0,2350.0,875.0,368.0,-5301.0,4176.0
-1199.0,2384.0,925.0,638.0,-4338.0,4065.0
-868.0,2160.0,583.0,780.0,-3598.0,3854.0
141.0,2030.0,866.0,954.0,-3187.0,3703.0
821.0,2113.0,1001.0,1083.0,-3323.0,3748.0
1150.0,2426.0,846.0,1061.0,-3680.0,3677.0
1264.0,2566.0,704.0,920.0,-4097.0,3265.0
1271.0,2584.0,675.0,592.0,-4301.0,2688.0
1199.0,2481.0,635.0,288.0,-4369.0,2109.0
758.0,2333.0,811.0,232.0,-4509.0,1549.0
-220.0,2272.0,1032.0,314.0,-4252.0,1041.0
-1719.0,2221.0,1602.0,133.0,-3417.0,449.0
-3417.0,2141.0,2497.0,-357.0,-2269.0,-342.0
-4665.0,1835.0,3366.0,-845.0,-930.0,-1200.0
-5148.0,1447.0,2104.0,-1303.0,657.0,-2074.0
-5291.0,1209.0,633.0,-1722.0,2303.0,-3082.0
-5456.0,1519.0,1220.0,-2196.0,3762.0,-4253.0
-7351.0,1872.0,1891.0,-3200.0,6599.0,-6329.0
-9590.0,1781.0,2329.0,-2151.0,5852.0,-5826.0
-10317.0,1399.0,3114.0,-454.0,4889.0,-4975.0
-4645.0,2552.0,1554.0,641.0,4443.0,-4225.0
-3988.0,3201.0,1383.0,741.0,2900.0,-2820.0
-4211.0,3175.0,1125.0,37.0,2027.0,-456.0
-4364.0,2729.0,1380.0,-660.0,464.0,1209.0
-3998.0,2265.0,1673.0,-151.0,-2074.0,2046.0
-3063.0,2093.0,1407.0,745.0,-2502.0,2634.0
-2393.0,2122.0,1345.0,1379.0,-2119.0,3002.0
-1975.0,2213.0,928.0,1428.0,-2806.0,3268.0
-1662.0,2362.0,647.0,936.0,-3490.0,3341.0
-1023.0,2376.0,652.0,532.0,-4138.0,3251.0
-72.0,2119.0,601.0,680.0,-5092.0,3272.0
950.0,1942.0,652.0,1062.0,-5683.0,3410.0
1986.0,1853.0,502.0,1306.0,-6645.0,3541.0
2235.0,2152.0,342.0,1488.0,-7272.0,3673.0
2113.0,2447.0,-65.0,1543.0,-7056.0,3705.0
1872.0,2397.0,-230.0,1706.0,-5551.0,3242.0
1345.0,2112.0,-15.0,2175.0,-4670.0,3331.0
868.0,1804.0,301.0,2615.0,-3834.0,3632.0
2616.0,1994.0,52.0,2471.0,-2344.0,3686.0
3292.0,1880.0,-334.0,1878.0,-906.0,3108.0
3321.0,1807.0,-751.0,1397.0,-281.0,2268.0
2478.0,1582.0,-969.0,1025.0,-366.0,1488.0
895.0,1412.0,-684.0,618.0,-638.0,653.0
-1234.0,1366.0,373.0,-121.0,-605.0,-357.0
-3866.0,1618.0,2260.0,-1129.0,74.0,-1522.0
-6226.0,1992.0,5046.0,-1931.0,1514.0,-2728.0
-7053.0,543.0,8957.0,-2650.0,3210.0,-3989.0
-3836.0,-1122.0,8099.0,-3420.0,4612.0,-5612.0
948.0,-669.0,717.0,-4204.0,5577.0,-7575.0
-2065.0,1742.0,-6891.0,-5087.0,6838.0,-9415.0
-11748.0,-405.0,-7280.0,-6181.0,9592.0,-10670.0
-20656.0,-4224.0,-4782.0,-7497.0,14668.0,-11088.0
-20449.0,-2086.0,-2112.0,-6051.0,17670.0,-10902.0
-12526.0,-543.0,288.0,5111.0,18171.0,-10212.0
-5549.0,500.0,988.0,-830.0,11390.0,-4757.0
-2348.0,2787.0,636.0,-3201.0,1735.0,2409.0
-2272.0,2667.0,821.0,-2008.0,-7448.0,4693.0
-2755.0,988.0,1334.0,-1293.0,-9837.0,3056.0
-2527.0,799.0,1293.0,889.0,-7921.0,2318.0
-1970.0,1342.0,1260.0,2547.0,-6219.0,2740.0
-1682.0,1870.0,1528.0,1967.0,-5409.0,3388.0
-1522.0,2156.0,1751.0,194.0,-4557.0,3798.0
-1314.0,2059.0,1606.0,-1432.0,-3978.0,3551.0
-1272.0,1838.0,1652.0,-1147.0,-3840.0,3262.0
-947.0,1846.0,1405.0,-5.0,-3913.0,3169.0
-571.0,2063.0,890.0,563.0,-4284.0,3199.0
-458.0,2319.0,696.0,677.0,-4711.0,3332.0
-661.0,2485.0,907.0,591.0,-4585.0,3562.0
-825.0,2466.0,1064.0,473.0,-4366.0,3834.0
-707.0,2340.0,990.0,638.0,-4016.0,3926.0
-277.0,2224.0,1051.0,1015.0,-3318.0,3462.0
339.0,2310.0,1064.0,864.0,-3666.0,3219.0
828.0,2358.0,627.0,737.0,-3765.0,2689.0
474.0,2256.0,917.0,638.0,-3518.0,1968.0
-372.0,2051.0,1205.0,407.0,-3194.0,1222.0
-2327.0,2049.0,1392.0,-30.0,-2892.0,433.0
-4202.0,2200.0,2248.0,-527.0,-2315.0,-437.0
-5366.0,1803.0,4851.0,-1085.0,-1538.0,-1338.0
-5135.0,452.0,5663.0,-1653.0,-767.0,-2254.0
-3916.0,392.0,2127.0,-2278.0,195.0,-3143.0
-4038.0,781.0,355.0,-2839.0,1390.0,-4000.0
-5582.0,1681.0,580.0,-3589.0,2660.0,-5005.0
-8071.0,1036.0,2121.0,-4871.0,5280.0,-6009.0
-9024.0,-238.0,4136.0,-5695.0,7772.0,-6785.0
-8156.0,-60.0,4261.0,-3990.0,7475.0,-6807.0
-6129.0,1147.0,2839.0,-1317.0,5321.0,-5979.0
-4262.0,2153.0,2240.0,855.0,4377.0,-4996.0
-2977.0,2698.0,1762.0,-84.0,2102.0,753.0
-2508.0,2879.0,1142.0,1101.0,-510.0,2121.0
-2658.0,2752.0,875.0,1825.0,-1055.0,2658.0
-2237.0,2280.0,872.0,2042.0,-226.0,2951.0
-1744.0,2232.0,965.0,2044.0,12.0,3204.0
-1050.0,2137.0,963.0,1709.0,121.0,3381.0
-368.0,2096.0,872.0,1095.0,145.0,3391.0
-10.0,2015.0,842.0,731.0,-330.0,3265.0
55.0,2009.0,814.0,711.0,-1149.0,3165.0
-114.0,1997.0,888.0,663.0,-1752.0,3066.0
-566.0,2055.0,828.0,494.0,-2189.0,2915.0
-1619.0,2198.0,777.0,341.0,-2404.0,2710.0
-3038.0,2492.0,1361.0,222.0,-2427.0,2442.0
-4183.0,2561.0,2804.0,165.0,-2302.0,1999.0
-5471.0,2322.0,4193.0,142.0,-1899.0,1455.0
-6328.0,1961.0,4572.0,8.0,-1113.0,847.0
-5876.0,1697.0,2079.0,-188.0,-119.0,162.0
-5606.0,2007.0,-238.0,-531.0,979.0,-736.0
-6091.0,2686.0,-385.0,-2399.0,3860.0,-3848.0
-7797.0,1734.0,2186.0,-1755.0,3750.0,-3582.0
-7365.0,-973.0,5439.0,-451.0,2450.0,-2567.0
-3054.0,2853.0,1833.0,1310.0,1759.0,-1208.0
-2398.0,3060.0,1512.0,1780.0,1117.0,-473.0
-1841.0,2873.0,947.0,68.0,-586.0,1001.0
-1375.0,2779.0,674.0,1001.0,-1807.0,3974.0
-1031.0,2744.0,448.0,3096.0,-3436.0,6024.0
-726.0,2502.0,489.0,3419.0,-2948.0,6824.0
71.0,2000.0,421.0,3392.0,-2428.0,7299.0
905.0,1608.0,640.0,3302.0,-2531.0,7567.0
1866.0,1575.0,328.0,3192.0,-2793.0,7525.0
2319.0,1896.0,-79.0,3052.0,-3383.0,7415.0
2379.0,1871.0,-66.0,2575.0,-4207.0,7246.0
2209.0,1863.0,-360.0,1948.0,-4899.0,6772.0
2020.0,1738.0,-539.0,1539.0,-5509.0,6035.0
2382.0,1489.0,-642.0,1588.0,-5917.0,5284.0
2722.0,1459.0,-821.0,1742.0,-5278.0,4691.0
2872.0,1361.0,-635.0,-30.0,-2668.0,2089.0
2739.0,1513.0,-397.0,-708.0,-2151.0,1059.0
2383.0,1750.0,-382.0,-1155.0,-1389.0,30.0
1330.0,1616.0,-33.0,-1379.0,-939.0,-956.0
209.0,1576.0,-22.0,-1603.0,-406.0,-1891.0
-1639.0,1604.0,533.0,-1724.0,146.0,-2795.0
-4012.0,1749.0,1887.0,-2123.0,619.0,-3719.0
-6255.0,2505.0,3688.0,-2692.0,968.0,-4718.0
-7102.0,2488.0,8308.0,-3160.0,1049.0,-5710.0
-4626.0,-1174.0,11789.0,-3662.0,982.0,-6706.0
471.0,-1380.0,5195.0,-4401.0,602.0,-7863.0
1540.0,2543.0,-3124.0,-5467.0,232.0,-9332.0
-4683.0,1813.0,-5814.0,-6847.0,1594.0,-10475.0
-12396.0,-4530.0,-3718.0,-8807.0,6722.0,-10665.0
-18242.0,-2246.0,-1919.0,-10331.0,13868.0,-10412.0
-19375.0,894.0,-1271.0,-5651.0,16633.0,-9985.0
-12491.0,992.0,-31.0,2015.0,19467.0,-9646.0
-6143.0,768.0,413.0,5931.0,20184.0,-10306.0
-3255.0,1784.0,620.0,701.0,4867.0,1445.0
-2541.0,3068.0,1041.0,-48.0,-2967.0,2574.0
-2502.0,3605.0,909.0,-697.0,-7452.0,2871.0
-2182.0,1178.0,1279.0,529.0,-8224.0,3116.0
-2125.0,1177.0,1004.0,1932.0,-6715.0,3524.0
-2090.0,1674.0,813.0,2088.0,-5569.0,3976.0
-2294.0,1986.0,1403.0,1053.0,-4339.0,4041.0
-2605.0,2023.0,1812.0,-379.0,-3352.0,3677.0
-2609.0,1918.0,1675.0,-928.0,-2766.0,3380.0
-1786.0,1775.0,1130.0,-418.0,-2522.0,3255.0
-1314.0,1762.0,1259.0,276.0,-2533.0,3212.0
-1184.0,1932.0,1204.0,504.0,-2772.0,3239.0
-937.0,2117.0,716.0,390.0,-3223.0,3313.0
-649.0,2275.0,333.0,394.0,-3571.0,3598.0
-493.0,2443.0,396.0,517.0,-3589.0,3869.0
-325.0,2476.0,584.0,698.0,-3354.0,3825.0
-120.0,2449.0,638.0,922.0,-3356.0,3505.0
98.0,2453.0,679.0,1193.0,-3472.0,3263.0
414.0,2424.0,715.0,1032.0,-3833.0,2642.0
748.0,2379.0,743.0,908.0,-3932.0,2299.0
1057.0,2373.0,627.0,730.0,-4000.0,1813.0
-145.0,2311.0,495.0,425.0,-3887.0,1166.0
-2001.0,2314.0,863.0,69.0,-3554.0,382.0
-3598.0,2358.0,1834.0,-300.0,-2933.0,-493.0
-4841.0,2244.0,3830.0,-651.0,-2006.0,-1368.0
-5392.0,1437.0,5773.0,-1101.0,-650.0,-2184.0
-4448.0,887.0,6695.0,-1730.0,854.0,-3109.0
-1775.0,612.0,4649.0,-2524.0,2134.0,-4362.0
-1257.0,1953.0,6.0,-3611.0,3303.0,-5826.0
-4915.0,2475.0,-4007.0,-4994.0,5344.0,-7022.0
-10583.0,-562.0,-3044.0,-5945.0,7407.0,-7625.0
-14031.0,-3461.0,496.0,-5211.0,8665.0,-7542.0
-13642.0,-632.0,1137.0,-2817.0,10213.0,-6990.0
-10218.0,779.0,2343.0,561.0,12055.0,-6327.0
-6493.0,1451.0,2087.0,3140.0,12596.0,-6134.0
-4053.0,2067.0,1469.0,615.0,-3937.0,3591.0
-2790.0,2393.0,923.0,489.0,-5704.0,3985.0
-2444.0,2137.0,1120.0,984.0,-5816.0,4572.0
-1918.0,2025.0,1162.0,1520.0,-5089.0,5109.0
-1329.0,2027.0,1242.0,1659.0,-3934.0,5470.0
-667.0,2115.0,1400.0,1503.0,-3005.0,5724.0
-261.0,2191.0,1287.0,1017.0,-3084.0,5623.0
-383.0,2197.0,947.0,656.0,-3618.0,5369.0
-766.0,2099.0,811.0,811.0,-4357.0,5399.0
-768.0,1959.0,654.0,1185.0,-4719.0,5529.0
-452.0,1971.0,574.0,1604.0,-4586.0,5648.0
199.0,1969.0,382.0,1903.0,-4341.0,5738.0
905.0,1913.0,274.0,2102.0,-4125.0,5768.0
1296.0,2066.0,191.0,2101.0,-3849.0,5620.0
1623.0,2290.0,-108.0,1876.0,-3482.0,5163.0
1943.0,2336.0,-303.0,1619.0,-3279.0,4578.0
2122.0,2249.0,-442.0,1276.0,-3284.0,4006.0
2273.0,2160.0,-501.0,271.0,-3194.0,1667.0
2349.0,2059.0,-407.0,-108.0,-2902.0,729.0
2181.0,1971.0,-346.0,-654.0,-2383.0,-279.0
-2408.0,2041.0,1296.0,-1095.0,-1800.0,-1289.0
-4454.0,2135.0,3154.0,-1480.0,-1009.0,-2283.0
-5642.0,2331.0,5632.0,-1838.0,-14.0,-3281.0
-4965.0,961.0,8669.0,-2167.0,1148.0,-4305.0
-1891.0,288.0,7099.0,-2740.0,2283.0,-5594.0
655.0,1011.0,4415.0,-3776.0,3134.0,-7348.0
336.0,1688.0,-2250.0,-5053.0,4660.0,-9122.0
-5161.0,514.0,-7122.0,-6097.0,7418.0,-10101.0
-13576.0,-2589.0,-7950.0,-6848.0,11610.0,-10220.0
-19556.0,-2585.0,-6910.0,-5006.0,14881.0,-9791.0
-17235.0,-442.0,-2439.0,-486.0,17571.0,-8990.0
-10444.0,489.0,-477.0,3967.0,20402.0,-9456.0
-5714.0,1123.0,630.0,3667.0,21249.0,-8483.0
-2835.0,2719.0,991.0,-1146.0,15233.0,-5314.0
-1239.0,3657.0,1042.0,-3532.0,7202.0,-92.0
-796.0,3442.0,733.0,-285.0,-9089.0,3227.0
-1826.0,2321.0,1158.0,943.0,-8514.0,3104.0
-2470.0,1343.0,1082.0,1447.0,-7139.0,3818.0
-1688.0,1888.0,871.0,868.0,-5856.0,4472.0
-1549.0,2103.0,896.0,-336.0,-4659.0,4512.0
-1656.0,2080.0,1139.0,-1313.0,-3730.0,4080.0
-1654.0,1786.0,1244.0,-956.0,-3257.0,3837.0
-1475.0,1735.0,1150.0,-186.0,-3382.0,3695.0
-944.0,1873.0,1009.0,425.0,-3685.0,3573.0
-336.0,1989.0,794.0,792.0,-4079.0,3587.0
2.0,2083.0,821.0,759.0,-4297.0,3533.0
229.0,2127.0,769.0,603.0,-4595.0,3382.0
515.0,2207.0,603.0,642.0,-4914.0,3256.0
600.0,2330.0,563.0,863.0,-4799.0,2980.0
535.0,2484.0,573.0,911.0,-4436.0,2602.0
547.0,2485.0,634.0,785.0,-4314.0,2230.0
771.0,2309.0,715.0,645.0,-4264.0,1911.0
864.0,2177.0,872.0,521.0,-3785.0,1610.0
450.0,2117.0,877.0,-20.0,-2227.0,57.0
-675.0,2009.0,952.0,-503.0,-1591.0,-674.0
-2309.0,1987.0,1092.0,-975.0,-657.0,-1416.0
-5684.0,1539.0,4310.0,-1246.0,332.0,-2084.0
-5368.0,1285.0,4857.0,-1571.0,1314.0,-2830.0
-4074.0,1117.0,2810.0,-2007.0,2281.0,-3804.0
-4046.0,1580.0,-244.0,-2479.0,3168.0,-4931.0
-6784.0,1997.0,-1316.0,-3238.0,4067.0,-6081.0
-9823.0,557.0,61.0,-3786.0,5134.0,-6900.0
-10545.0,-1580.0,3422.0,-3471.0,6077.0,-7144.0
-8950.0,-396.0,2884.0,-2234.0,6672.0,-6771.0
-7061.0,1078.0,3101.0,-448.0,6805.0,-5762.0
-5691.0,2194.0,2284.0,1225.0,6288.0,-4851.0
-5194.0,2589.0,1234.0,748.0,5237.0,-4046.0
-5096.0,2494.0,482.0,-813.0,4229.0,-1585.0
-4889.0,2269.0,242.0,186.0,534.0,827.0
-4391.0,2014.0,397.0,1233.0,-1593.0,2143.0
-3769.0,1890.0,871.0,1566.0,-1361.0,3194.0
-3352.0,1827.0,1463.0,1056.0,-1482.0,5196.0
-2499.0,1744.0,1563.0,969.0,-2178.0,5232.0
-1730.0,1968.0,1484.0,1052.0,-3370.0,5200.0
9.0,2152.0,654.0,1175.0,-4328.0,5191.0
419.0,2229.0,676.0,1303.0,-4912.0,5386.0
-41.0,2348.0,1073.0,1662.0,-5024.0,5790.0
-598.0,2204.0,1109.0,1984.0,-4846.0,6037.0
-868.0,1964.0,1042.0,2213.0,-4516.0,6085.0
-279.0,1931.0,1058.0,2527.0,-4123.0,6102.0
800.0,2148.0,670.0,2962.0,-3513.0,6189.0
1548.0,2295.0,187.0,3261.0,-2851.0,6349.0
2080.0,2243.0,-348.0,3165.0,-2553.0,6339.0
2415.0,2162.0,-668.0,2618.0,-2315.0,5938.0
2449.0,2101.0,-791.0,1986.0,-2167.0,5072.0
2360.0,2083.0,-647.0,1599.0,-2432.0,4082.0
2331.0,2052.0,-450.0,1244.0,-2672.0,3113.0
2239.0,2049.0,-345.0,607.0,-2545.0,2019.0
1739.0,2010.0,-291.0,-5.0,-1959.0,931.0
738.0,2107.0,-111.0,-1052.0,-400.0,-1960.0
-452.0,2226.0,630.0,-1445.0,121.0,-2914.0
-1882.0,2232.0,1843.0,-1900.0,709.0,-3994.0
-3209.0,665.0,8162.0,-2464.0,1330.0,-5256.0
-419.0,124.0,6058.0,-3232.0,2048.0,-6808.0
1916.0,1535.0,-2270.0,-4335.0,3250.0,-8559.0
-3456.0,2158.0,-7031.0,-5484.0,5413.0,-9858.0
-12725.0,-1641.0,-5878.0,-6556.0,9208.0,-10445.0
-19891.0,-2424.0,-5529.0,-6789.0,13907.0,-10754.0
-21251.0,-368.0,-3240.0,-3694.0,16509.0,-10421.0
-13355.0,83.0,-1199.0,1730.0,20324.0,-9286.0
-7114.0,914.0,-214.0,5754.0,22253.0,-8884.0
-3911.0,2353.0,-287.0,2851.0,18202.0,-7201.0
-2151.0,3453.0,-27.0,-800.0,12081.0,-2443.0
-1736.0,3819.0,102.0,39.0,2844.0,1397.0
-1936.0,3360.0,160.0,-344.0,-5593.0,2537.0
-2213.0,2351.0,498.0,-589.0,-10481.0,2782.0
-2062.0,1666.0,665.0,604.0,-5718.0,5534.0
-1851.0,1649.0,857.0,-444.0,-4687.0,5027.0
-1658.0,2034.0,1052.0,-905.0,-3960.0,4678.0
-1425.0,1865.0,1014.0,-382.0,-3691.0,4554.0
-947.0,1842.0,856.0,311.0,-3468.0,4415.0
-363.0,1847.0,589.0,760.0,-3504.0,4324.0
27.0,1894.0,407.0,746.0,-3757.0,4175.0
82.0,1983.0,353.0,524.0,-3835.0,3977.0
259.0,2054.0,83.0,488.0,-4143.0,3830.0
745.0,2155.0,-151.0,598.0,-4355.0,3673.0
1197.0,2239.0,-49.0,619.0,-4415.0,3408.0
1478.0,2345.0,95.0,582.0,-4451.0,3065.0
1417.0,2424.0,112.0,538.0,-4575.0,2721.0
1173.0,2260.0,200.0,471.0,-4522.0,2329.0
896.0,2094.0,364.0,394.0,-4147.0,1824.0
708.0,2041.0,384.0,249.0,-3622.0,1238.0
493.0,2094.0,345.0,100.0,-3250.0,688.0
77.0,2210.0,725.0,-989.0,-1452.0,-1214.0
-674.0,2128.0,1384.0,-1344.0,-743.0,-2091.0
-2594.0,2100.0,1873.0,-1664.0,-72.0,-2905.0
-8690.0,1020.0,6969.0,-2073.0,555.0,-3709.0
-5464.0,808.0,4702.0,-2682.0,1190.0,-4560.0
-3016.0,1807.0,3603.0,-3352.0,1774.0,-5458.0
-2807.0,3293.0,1747.0,-3969.0,1933.0,-6384.0
-4325.0,1497.0,1047.0,-4881.0,2682.0,-7251.0
-6010.0,-738.0,1620.0,-5618.0,4737.0,-7839.0
-8181.0,419.0,838.0,-4453.0,6855.0,-7575.0
-9911.0,2058.0,155.0,-1490.0,7487.0,-6402.0
-10459.0,2879.0,-678.0,1823.0,9214.0,-5919.0
-9639.0,2774.0,-1066.0,2780.0,10349.0,-5472.0
-7689.0,2126.0,-743.0,815.0,11775.0,-3022.0
-5652.0,1765.0,-78.0,726.0,11908.0,-232.0
-4000.0,1855.0,63.0,1420.0,9516.0,2122.0
-2618.0,2070.0,-57.0,1365.0,6778.0,3888.0
-1799.0,2087.0,255.0,918.0,3277.0,4780.0
-1474.0,2104.0,518.0,295.0,-5338.0,4804.0
-1352.0,2145.0,705.0,619.0,-6568.0,5194.0
-1367.0,2130.0,838.0,465.0,-6990.0,5616.0
222.0,2198.0,610.0,299.0,-7009.0,5868.0
497.0,2290.0,685.0,481.0,-6494.0,5948.0
333.0,2479.0,335.0,692.0,-5531.0,5911.0
-260.0,2577.0,33.0,925.0,-4840.0,5787.0
-488.0,2482.0,-8.0,1210.0,-4159.0,5622.0
-272.0,2401.0,57.0,1401.0,-3349.0,5443.0
263.0,2359.0,71.0,1588.0,-2742.0,5217.0
1141.0,2364.0,-94.0,1943.0,-2644.0,5126.0
1583.0,2492.0,-127.0,2080.0,-2463.0,5069.0
1570.0,2431.0,-281.0,1716.0,-2082.0,4638.0
1559.0,2486.0,-517.0,1279.0,-2110.0,3937.0
1649.0,2469.0,-633.0,996.0,-2392.0,3300.0
1916.0,2355.0,-671.0,697.0,-2728.0,2700.0
2206.0,2201.0,-535.0,297.0,-2828.0,1970.0
2262.0,2083.0,-404.0,-223.0,-3044.0,1140.0
1938.0,1962.0,-372.0,-1983.0,-2776.0,-1561.0
715.0,1861.0,-342.0,-2588.0,-2302.0,-2464.0
-737.0,1962.0,452.0,-3072.0,-1439.0,-3340.0
-4994.0,1912.0,6205.0,-3513.0,-222.0,-4278.0
-4203.0,433.0,7810.0,-4001.0,1163.0,-5436.0
-2069.0,-105.0,5127.0,-4623.0,2293.0,-6966.0
-1901.0,852.0,-468.0,-5490.0,3748.0,-8701.0
-5965.0,1633.0,-5436.0,-6197.0,5960.0,-10027.0
-13419.0,-1640.0,-4784.0,-6820.0,9738.0,-10595.0
-17633.0,-2861.0,-4795.0,-6734.0,13471.0,-10882.0
-17003.0,-1248.0,-1852.0,-3733.0,15998.0,-10054.0
-11378.0,140.0,257.0,1292.0,19018.0,-9122.0
-6002.0,922.0,1171.0,5125.0,19053.0,-9934.0
-3185.0,2667.0,1017.0,2728.0,15339.0,-8655.0
-1938.0,3976.0,935.0,-1156.0,7931.0,-3964.0
-2115.0,3972.0,772.0,-2200.0,-152.0,1441.0
-2682.0,2643.0,1071.0,-1827.0,-6009.0,3970.0
-2647.0,1350.0,1329.0,-994.0,-7702.0,3769.0
-2213.0,1136.0,914.0,1485.0,-4086.0,4591.0
-1915.0,1624.0,872.0,115.0,-3699.0,4661.0
-1656.0,1968.0,971.0,-1085.0,-3219.0,4316.0
-1953.0,1941.0,913.0,-853.0,-3123.0,4136.0
-1998.0,1844.0,766.0,93.0,-3283.0,4144.0
-1688.0,1936.0,461.0,668.0,-3300.0,4035.0
-1160.0,2056.0,559.0,835.0,-3497.0,3898.0
-325.0,2011.0,436.0,863.0,-3922.0,3786.0
111.0,2047.0,542.0,837.0,-4089.0,3764.0
548.0,2049.0,546.0,871.0,-4548.0,3674.0
664.0,2103.0,571.0,1077.0,-5107.0,3450.0
592.0,2301.0,538.0,1150.0,-5448.0,3121.0
560.0,2387.0,425.0,984.0,-5847.0,2711.0
576.0,2278.0,357.0,870.0,-6208.0,2296.0
656.0,2141.0,333.0,834.0,-6351.0,1927.0
751.0,2050.0,198.0,831.0,-6103.0,1619.0
808.0,2075.0,33.0,813.0,-5617.0,1283.0
761.0,2143.0,130.0,547.0,-4993.0,841.0
152.0,2194.0,496.0,-1460.0,-2219.0,-1201.0
-1534.0,2195.0,974.0,-1984.0,-1169.0,-1985.0
-3566.0,2217.0,1802.0,-2476.0,32.0,-2783.0
-4712.0,79.0,6932.0,-3024.0,1390.0,-3586.0
-2564.0,-202.0,2825.0,-3627.0,2863.0,-4422.0
-2924.0,1394.0,-2031.0,-4330.0,4289.0,-5377.0
-7387.0,2199.0,-4921.0,-5386.0,6560.0,-6473.0
-13066.0,7.0,-2069.0,-6442.0,9783.0,-7477.0
-14010.0,-1619.0,4533.0,-5682.0,12037.0,-7632.0
-11786.0,720.0,1861.0,-2893.0,13633.0,-6795.0
-9118.0,1642.0,2157.0,791.0,14704.0,-5506.0
-6469.0,2232.0,917.0,3966.0,13617.0,-4977.0
-4647.0,2065.0,-156.0,2465.0,11385.0,-4717.0
-3634.0,2168.0,-533.0,-15.0,10294.0,-1842.0
-3196.0,2654.0,-479.0,1395.0,2998.0,1228.0
-3373.0,2833.0,-246.0,1474.0,-2339.0,3005.0
-3518.0,2282.0,352.0,901.0,-3149.0,4317.0
-3456.0,1661.0,783.0,673.0,-3357.0,5540.0
-2914.0,1450.0,873.0,552.0,-2102.0,5459.0
-1932.0,1500.0,1067.0,-83.0,-2721.0,5256.0
-1192.0,1798.0,1182.0,-492.0,-3432.0,5135.0
-1257.0,1966.0,879.0,-169.0,-4172.0,5017.0
-1266.0,2023.0,374.0,387.0,-4696.0,4938.0
-866.0,2135.0,-112.0,768.0,-4652.0,4936.0
-227.0,2185.0,-166.0,970.0,-4323.0,4956.0
293.0,2133.0,122.0,1028.0,-3841.0,5164.0
470.0,2111.0,181.0,1031.0,-3383.0,5363.0
723.0,2017.0,182.0,1126.0,-3189.0,5267.0
1026.0,1909.0,408.0,1175.0,-3170.0,4981.0
1301.0,1993.0,426.0,1117.0,-3340.0,4592.0
1616.0,2127.0,187.0,1019.0,-3577.0,4206.0
1970.0,2208.0,-124.0,979.0,-4030.0,3801.0
2377.0,2166.0,-420.0,988.0,-4478.0,3378.0
2707.0,2057.0,-661.0,760.0,-4506.0,2824.0
2647.0,1993.0,-711.0,520.0,-4427.0,2035.0
1761.0,1920.0,-624.0,-1270.0,-3057.0,-1625.0
477.0,2200.0,-160.0,-1811.0,-1931.0,-2655.0
-4054.0,828.0,8311.0,-2397.0,-515.0,-3825.0
-2470.0,131.0,7380.0,-3054.0,985.0,-5347.0
-233.0,-31.0,3234.0,-4081.0,2727.0,-7215.0
-962.0,1494.0,-4266.0,-5352.0,5211.0,-8896.0
-7854.0,811.0,-9281.0,-6489.0,8973.0,-10005.0
-16199.0,-2441.0,-8096.0,-7173.0,13384.0,-10737.0
-20547.0,-2241.0,-5223.0,-5019.0,16043.0,-10699.0
-16405.0,234.0,-1385.0,-439.0,18703.0,-9754.0
-8889.0,571.0,244.0,4525.0,21357.0,-9720.0
-4434.0,1842.0,605.0,4782.0,20585.0,-8789.0
-2590.0,3516.0,705.0,21.0,14639.0,-5466.0
-1697.0,4135.0,754.0,-2463.0,7133.0,-207.0
-1717.0,3333.0,952.0,-1673.0,-1683.0,3095.0
-1762.0,2014.0,1046.0,-1373.0,-8255.0,2921.0
-2019.0,1309.0,1142.0,-759.0,-9728.0,2736.0
-2492.0,1571.0,1131.0,580.0,-6141.0,4826.0
-2827.0,2135.0,821.0,-699.0,-4957.0,4433.0
-2813.0,2300.0,630.0,-1150.0,-3933.0,4020.0
-1490.0,1547.0,1059.0,-514.0,-3641.0,3891.0
-1019.0,1586.0,1175.0,423.0,-3600.0,3830.0
-617.0,1752.0,1083.0,777.0,-3884.0,3708.0
-416.0,1967.0,945.0,557.0,-4140.0,3564.0
-308.0,2057.0,858.0,309.0,-4272.0,3367.0
-139.0,2072.0,554.0,232.0,-4530.0,3252.0
85.0,2103.0,347.0,475.0,-4588.0,3173.0
215.0,2135.0,212.0,723.0,-4370.0,2937.0
211.0,2216.0,228.0,813.0,-4179.0,2650.0
330.0,2258.0,332.0,725.0,-3989.0,2462.0
476.0,2240.0,486.0,532.0,-3594.0,2253.0
445.0,2136.0,552.0,391.0,-3206.0,1930.0
-51.0,2062.0,580.0,296.0,-2925.0,1440.0
-1033.0,2124.0,602.0,210.0,-2492.0,821.0
-2061.0,2307.0,809.0,36.0,-1786.0,195.0
-2749.0,2340.0,1432.0,-939.0,1216.0,-2079.0
-2940.0,2198.0,2395.0,-1143.0,2132.0,-2984.0
-2737.0,1990.0,3351.0,-1373.0,2725.0,-3941.0
-2187.0,1730.0,1429.0,-1806.0,2939.0,-4932.0
-1927.0,1711.0,-554.0,-2403.0,3147.0,-5766.0
-3496.0,867.0,-1620.0,-2783.0,3603.0,-6241.0
-7514.0,-475.0,-1906.0,-2747.0,4372.0,-6458.0
-11934.0,-455.0,-1176.0,-2048.0,5362.0,-6534.0
-13751.0,413.0,231.0,-688.0,7043.0,-6254.0
-11340.0,916.0,436.0,559.0,8804.0,-5786.0
-7947.0,957.0,889.0,582.0,9624.0,-5006.0
-5625.0,1618.0,824.0,-477.0,8974.0,-3220.0
-4534.0,2028.0,879.0,-633.0,7863.0,-893.0
-3833.0,2237.0,1007.0,567.0,5875.0,354.0
-3410.0,2410.0,1457.0,1094.0,399.0,490.0
-3417.0,2677.0,1555.0,797.0,-4759.0,916.0
-3537.0,2714.0,1526.0,795.0,-7010.0,1921.0
-3461.0,2485.0,1640.0,1116.0,-7534.0,3276.0
-3241.0,2363.0,1701.0,1771.0,-4377.0,5398.0
-2629.0,2249.0,1560.0,2005.0,-3778.0,5560.0
-2121.0,2175.0,1494.0,2081.0,-3699.0,5746.0
-1075.0,2138.0,709.0,2248.0,-3804.0,5842.0
-508.0,2189.0,431.0,2485.0,-4040.0,5962.0
225.0,2100.0,239.0,2497.0,-3957.0,6091.0
678.0,2100.0,-11.0,2310.0,-3654.0,6049.0
1080.0,2109.0,-155.0,2119.0,-3423.0,5810.0
1405.0,2045.0,-210.0,1899.0,-3248.0,5381.0
1408.0,2089.0,-302.0,1629.0,-3158.0,4801.0
1246.0,2085.0,-284.0,1311.0,-3003.0,4209.0
1144.0,2082.0,-312.0,1008.0,-2831.0,3622.0
1322.0,1993.0,-305.0,786.0,-2586.0,3035.0
1476.0,1933.0,-297.0,481.0,-2152.0,2446.0
1509.0,1966.0,-216.0,246.0,-1672.0,1882.0
1251.0,1976.0,-132.0,4.0,-1282.0,1240.0
773.0,2040.0,-292.0,-353.0,-949.0,459.0
-115.0,2108.0,-232.0,-742.0,-685.0,-394.0
-1549.0,2175.0,382.0,-1846.0,160.0,-2832.0
-3335.0,2388.0,1264.0,-2238.0,566.0,-3731.0
-4574.0,2724.0,3093.0,-2757.0,1076.0,-4859.0
2419.0,108.0,8119.0,-3611.0,1579.0,-6361.0
6360.0,946.0,1979.0,-4598.0,2352.0,-8035.0
3042.0,1694.0,-6054.0,-5714.0,4049.0,-9428.0
-7760.0,-1196.0,-10777.0,-6946.0,7679.0,-10187.0
-18735.0,-3412.0,-13354.0,-7213.0,12418.0,-10510.0
-24388.0,-2678.0,-7882.0,-3854.0,15749.0,-9938.0
-15108.0,517.0,-3867.0,1542.0,21375.0,-9655.0
-7911.0,484.0,-673.0,4873.0,26612.0,-9802.0
-4614.0,2253.0,-602.0,2002.0,26758.0,-7413.0
-3487.0,2979.0,-71.0,-1892.0,19778.0,-3177.0
-3601.0,2579.0,12.0,-2118.0,10427.0,678.0
-3287.0,2081.0,-602.0,111.0,-164.0,422.0
-3487.0,1481.0,-604.0,-491.0,-9399.0,284.0
-3762.0,1257.0,-98.0,-505.0,-11127.0,2103.0
-3364.0,1409.0,288.0,467.0,-9241.0,3403.0
-2926.0,1719.0,578.0,-602.0,-5290.0,3579.0
-2616.0,1910.0,1188.0,-808.0,-4500.0,3668.0
-2303.0,1945.0,1510.0,-708.0,-4653.0,4022.0
-851.0,1859.0,1052.0,-403.0,-5317.0,4577.0
-535.0,1972.0,959.0,-224.0,-6044.0,5058.0
-436.0,2117.0,864.0,6.0,-6459.0,5155.0
-271.0,2129.0,615.0,368.0,-7051.0,5139.0
-73.0,2128.0,416.0,731.0,-7084.0,5202.0
357.0,2099.0,314.0,975.0,-6615.0,5037.0
854.0,2043.0,308.0,1125.0,-6381.0,4627.0
1024.0,2129.0,262.0,1208.0,-6147.0,4214.0
987.0,2016.0,116.0,1196.0,-6123.0,3914.0
848.0,1818.0,114.0,1094.0,-6321.0,3544.0
914.0,1826.0,190.0,974.0,-6357.0,3052.0
833.0,2031.0,-41.0,853.0,-6114.0,2540.0
-71.0,2185.0,-355.0,733.0,-5772.0,2078.0
-1093.0,2425.0,443.0,461.0,-5213.0,1532.0
-1894.0,2302.0,1955.0,-1621.0,229.0,-2212.0
-2520.0,2181.0,3280.0,-2628.0,1609.0,-3990.0
-30.0,982.0,-2856.0,-3959.0,3512.0,-6140.0
-5798.0,2532.0,-5737.0,-5025.0,5827.0,-7564.0
-12312.0,2001.0,-2590.0,-5340.0,7852.0,-8216.0
-13225.0,-1867.0,6315.0,-4931.0,10309.0,-8401.0
-9767.0,-956.0,1949.0,-3162.0,10793.0,-8351.0
-6316.0,-597.0,2970.0,-166.0,9094.0,-8346.0
-3237.0,1506.0,2131.0,2485.0,6132.0,-8249.0
-1752.0,2906.0,1743.0,303.0,665.0,-6882.0
-1817.0,3155.0,2570.0,-4173.0,-1275.0,-2609.0
-2298.0,2619.0,3066.0,-3909.0,-7385.0,506.0
-2469.0,1868.0,3358.0,-2062.0,-12265.0,391.0
-1968.0,1314.0,3568.0,-805.0,-11029.0,-387.0
-1293.0,1398.0,3658.0,363.0,-9783.0,-369.0
-1177.0,1567.0,3600.0,-58.0,-8346.0,-336.0
-1479.0,1593.0,3446.0,-698.0,-8436.0,37.0
-1936.0,1459.0,3376.0,-911.0,-8368.0,854.0
-2239.0,1330.0,3406.0,-583.0,-7314.0,619.0
-2055.0,1232.0,3411.0,-460.0,-5902.0,489.0
-1017.0,1226.0,2764.0,-520.0,-4642.0,423.0
-852.0,1208.0,2940.0,-639.0,-3750.0,334.0
-636.0,1077.0,3158.0,-686.0,-3503.0,256.0
-543.0,952.0,3224.0,-772.0,-3767.0,215.0
-506.0,935.0,3184.0,-816.0,-4044.0,152.0
-546.0,909.0,3163.0,-771.0,-4017.0,105.0
-621.0,945.0,3187.0,-765.0,-3762.0,145.0
-988.0,873.0,3364.0,-866.0,-3365.0,208.0
-1369.0,689.0,3422.0,-971.0,-2809.0,258.0
-1499.0,508.0,3531.0,-1005.0,-2242.0,303.0
-1308.0,378.0,3505.0,-1027.0,-1734.0,310.0
-1008.0,331.0,3403.0,-1043.0,-1308.0,258.0
-805.0,343.0,3466.0,-1054.0,-995.0,211.0
-666.0,312.0,3555.0,-1135.0,-986.0,172.0
-643.0,246.0,3655.0,-1221.0,-1190.0,129.0
-729.0,220.0,3741.0,-1090.0,-1901.0,25.0
-855.0,205.0,3754.0,-1001.0,-1770.0,43.0
-996.0,266.0,3825.0,-934.0,-1550.0,59.0
-926.0,519.0,3754.0,-848.0,-1299.0,61.0
-855.0,512.0,3667.0,-742.0,-998.0,79.0
-814.0,521.0,3652.0,-634.0,-747.0,92.0
-833.0,550.0,3629.0,-541.0,-571.0,68.0
-990.0,580.0,3655.0,-470.0,-501.0,9.0
-1056.0,568.0,3776.0,-435.0,-505.0,-57.0
-969.0,509.0,3761.0,-417.0,-492.0,-73.0
-861.0,557.0,3854.0,-405.0,-496.0,-83.0
-780.0,541.0,3884.0,-383.0,-486.0,-86.0
-668.0,502.0,3909.0,-379.0,-464.0,-53.0
-458.0,427.0,3891.0,-388.0,-517.0,-35.0
-116.0,364.0,3765.0,-410.0,-649.0,-52.0
78.0,285.0,3579.0,-390.0,-758.0,-88.0
-22.0,174.0,3562.0,-352.0,-789.0,-112.0
-484.0,155.0,3602.0,-351.0,-755.0,-133.0
-736.0,221.0,3610.0,-202.0,-316.0,-276.0
-736.0,372.0,3826.0,-56.0,72.0,-243.0
-586.0,473.0,4003.0,173.0,511.0,-210.0
-638.0,703.0,4100.0,490.0,790.0,-246.0
-608.0,723.0,3857.0,755.0,818.0,-377.0
-643.0,783.0,3553.0,913.0,668.0,-512.0
-673.0,852.0,3366.0,1024.0,589.0,-570.0
-713.0,861.0,3218.0,1094.0,582.0,-617.0
-729.0,814.0,3185.0,1119.0,600.0,-675.0
-706.0,810.0,3131.0,1075.0,654.0,-738.0
-692.0,837.0,2987.0,1016.0,751.0,-801.0
